id,review_text,stars,sentiment_label,sentiment
en_0084845,"Smells great! Packaging failed, lost some oil.

The lemon in this package was not sealed with the plastic and the lid was loose. A 1/4 of the lemon oil leaked all over interior of box. Can I get a free replacement of the lemon?",3,1,neutral
en_0828890,"Fabric is very thin

I wear a 3X, or a 20-24 in plus size. I ordered a larger size because I saw others posting about the fit. Glad I did! Fabric is a bit thin, so this shirt won’t last long.",3,1,neutral
en_0835925,"so far not much progress

I've been taking these pills for about 4 months now and I don't see any difference yet. I will try for another couple of months,. If I don't see any results I will discontinue this product.",3,1,neutral
en_0675909,"Not satisfied

I was sent earring instead of the necklace I ordered.",1,0,negative
en_0194535,"good

work great and comfortable",4,2,positive
en_0603689,"unsure

easy to use but hard to read once on jars depending where they are put.",3,1,neutral
en_0097849,"Very heavy... certainly not for backpacking

This thing isn't waterproof and it's very heavy.. probably not the best choice for normal fishing... If your typical fish is less than #100 then you should go much lighter. -2 Stars for weight",3,1,neutral
en_0520749,"Works but not lightning

Received all chargers and they all work. Charges slow though, I get about 1% charge increase per minute. I’m going to find a lighting charger for better speed.",4,2,positive
en_0743532,"Destroyed during shipping

Product arrived damaged and box torn up.",1,0,negative
en_0623449,"Four Stars

the tall plant was misshapen but they are nice",4,2,positive
en_0011234,"As Advertised

This worked just fine - the glittery gold was a bit more 'cheesy-looking' than I expected for a pretty classy retirement party I had planned. But when I paired it with some fake succulent plants, on top of a white iced cake, it looked pretty good. Pay attention to measurements so you aren't surprised by the size.",4,2,positive
en_0067001,"Inconsistent sizing

Length is perfect but the sizing is so inconsistent! I bought two pairs to try on, 26, and 27. But the 27 is tighter than 26! And it’s literally an inch smaller...",1,0,negative
en_0855779,"Two Stars

To flimsy for anything but the lightest, fluffiest leaves or maybe cotton balls.",2,0,negative
en_0231458,"Three Stars

this fragrance and the Gain were both a bit too strong but I am trying others.",3,1,neutral
en_0047091,"Fantastic

Love everything about this!!",5,2,positive
en_0231406,"Two Stars

This coffee is meh. It doesn’t have the strength I need in the morning. Has a bizarre flavor.",2,0,negative
en_0245513,"A young adult book for all ages

I really enjoyed the book and look forward to the next one. It has s an exciting and loving story that all ages from upper elementary school children to adults will enjoy.",3,1,neutral
en_0287179,"My nose hurts

Cons: Biggest con is that the the indentation to adjust around nose is poorly done. I have a large nose and the plastic piece would hit my nose bridge which started hurting. Also, my phone is a 6 inch Zte blade zmax and it would not fit. Also the remote is cheaply made. Pros: if you overlook above cons, the product works. Its light. Remote needed a bit of setting up but it worked with games. I'm returning it to amazon because its painful to use and not practical.",2,0,negative
en_0065755,"Exact thing I needed after visiting every hardware store in Richmond, VA

I was worried I would need to replace all the railing on my front porch. This was all I needed. Thanks!",5,2,positive
en_0956865,"Just what I wanted. Thanks. fast delivery.

Just what I wanted. Thanks.fast delivery.",5,2,positive
en_0820910,"Only 90 capsules, not 120 as shown. Buyer beware!

Product works great. Problem is the write up and photos say 120 capsules, but what you get is only 90 capsules. Paid full price and only received 3/4 of the product. False advertising - buyer beware.",1,0,negative
en_0391522,"STAY AWAY you won’t receive anything, not even a reply.

Did not receive the weights and after repeated attempts to contact seller with no response I’m writing this review to tell you STAY AWAY. After looking around their price is not that good, try Target instead at least you’ll get the items you bought.",1,0,negative
en_0433974,"One Star

Poor material, cheap looking. Sent it back",1,0,negative
en_0978590,"Fun but

This game is very confusing , but I love it.",4,2,positive
en_0542564,"Not as good as other sand I have purchased

The sand is very different from the other sands we have it's very fine sand the grains are much smaller and it doesn't stick together very well like the others. The main reason we bought it was the glow in the dark feature which is ok but not great. After 10 minutes my grandson was ready to put it up and play with his other sands. It can be very messy if your not very careful and it also sticks to your hands.",3,1,neutral
en_0402049,"Above average

These pillow cases are good. I thought they were going to be some amazing thing, but really there's not much difference to them and any other good quality pillow case. I couldn't find anything that stood out, but that's ok. They get wrinkled super easily.",4,2,positive
en_0369833,"Four Stars

Good quality. Expected to be thicker, but does the job.",4,2,positive
en_0141841,"but it's not great.

Output is okay, but it doesn't attach securely. So 90% of the time when flipping it over, water leaks (in a big way, sometimes). It works for my needs, but it's not great.",3,1,neutral
en_0636808,"Unhappy with my paper

Paper. Not even framed. $13 for paper. I will be returning immediately",1,0,negative
en_0655201,"Pros - nice beginner set

Pros - nice beginner set. Like the water base paints and easy clean up. Bought these for my 9 year old granddaughter. The pallet is small but the holes for paint are deep. The paint brushes seem nice. A little disappointed the set is so small. I expected the case to be bigger overall. Thought I should get more for the money.",3,1,neutral
en_0416503,"Wrong color

We ordered the pink shirt but it was not the color that was on the listing. We needed a baby pink color for a dance performance and it came as more of a dark pink color. The style and fit were great but we had to return it because it was the wrong color.",3,1,neutral
en_0595881,"Just ok

I have very dry, and sometimes cracked, heels. This works ok, not great. I have had other creams that worked better (prescription cream containing urea worked the best).)",3,1,neutral
en_0616519,"Dont buy this, useless

This item is useless. I've never seen an eyelash comb with tines so wide apart. Cant be used for this reason.",1,0,negative
en_0564598,"Four Stars

Good product I never have it make my hair feeling better",4,2,positive
en_0101748,"This book is not as fun as some others in the series

This book is not as fun as the ""That's not my dragon book"" which I do recommend. There is little difference between the touch and feel materials in this book and they feel repetitive.",2,0,negative
en_0073176,"Bad audio quality

Not even 4 months of use and the sound cuts in and out. It doesn't go silent, the sound gets flat and quiet. This goes in and out constantly. Changed optic cord, powered off and on, etc. nothing has worked. Looking into replacing this.",1,0,negative
en_0637887,"🤗🤗🤗

The best job I ever had",4,2,positive
en_0411235,"Horrible material

Terrible material very cheap and would start to tear and the handles will start to wear off very early on.",2,0,negative
en_0985423,"Sent me the wrong size. Checked my order

YOU GUYS MAILED ME THE WRONG SIZE AND HALLOWEEN IS TOMORROW! I am more than upset!!",1,0,negative
en_0819499,"Enough plastic waste already.

Only one star for presentation because please, STOP THE WASTE OF PLASTIC! Such a pity because otherwise, these precious toys are just adorable. My daughters love these things!",3,1,neutral
en_0922133,"Save your money and your hair

This is a fake..buyer beware it will damage your hair!",1,0,negative
en_0330902,"Not fresh

These arrived hard as a rock. They were not fresh as they are expiring in just a few months.",1,0,negative
en_0772967,"Velcro pulled off on first real use

My child loved these shoes. Wore them around the house to make sure they fit before a beach trip. First time wearing them outside velcro that is stitched on pulled off when taking them off to dump sand out of them. Useless.",1,0,negative
en_0235594,"No roots!

Just cuttings stuck in the dirt. No roots. Delivery was rough and cuttings came out of the dirt.",2,0,negative
en_0806972,"Returned

Had turn signals on the model I bought. Didn't like that.",3,1,neutral
en_0296399,"Don’t buy if you have vision issues.

Hard to set and not really easy to read time. I bought it thinking that it would be easier for me to tell time but it doesn’t- have to pinch the light button to see time better.",3,1,neutral
en_0221668,"I didn't want it to end

Coffee shops and books and lakeside resort towns: what's not to love about the setting for Rebecca Waters' newest novel? The author painted such a clear picture of Fish Creek that I felt I could have drawn a map of the town -- and it's a town where I'd be proud to live. I dove into this book and didn't want to come back out; my only complaint is that 188 pages wasn't enough! I'd have loved a little more story, and if the author sets any more books in this lovely community, I'll be a happy reader.",4,2,positive
en_0725955,"Not good

Look for another brand I bought 3 for my family and all 3 cracked within a week.",1,0,negative
en_0306120,"Cute

Super cute and easy to use. However my daughter doesn't wear it like a mitten, she holds it up to her mouth. It gets the job done though and she likes it more then a traditional teether.",5,2,positive
en_0771692,"It does cover the car as advised

I constantly have to put the cover on the car yes I do have it stripped down maybe it's me it looks and the size was correct and the color was correct I just need to know how to keep it on the car",3,1,neutral
en_0512177,"Good and bad average out.

They fit me nicely, and sound good to my ears. But, the plug shorted out just shy of eight weeks, so now I have a left-channel earphone (singular), instead of stereo earphones (plural). I'm going to give them another shot and hope the durability improves on the next pair. I also wish I could find something similar with an in-line volume control. I don't need a phone mic, just a volume control.",3,1,neutral
en_0353576,"Great product, Coco approved!

Product came as described.",5,2,positive
en_0502113,"Just buy the amazon basics

Like most offbrand iPhone chargers these work great for a bit and then get hit and miss real quick and then just stop working. It’s really worth the extra money to buy the amazon basics brand. I cheaped out on these and hot what I paid for.",2,0,negative
en_0025439,"Perfect

Looks exactly like the item, works perfect. I actually use it so my son can ride a four wheeler with an adult, I,could not find seatbelts so I bought this and it works great.",5,2,positive
en_0483807,"Not Recommend

They came and they were dirty - the rubber of all of them (I ordered 4) was coated in black dirt.",1,0,negative
en_0524410,"Five Stars

This is the best spray to clean windows with. Easy to use, streak free.",5,2,positive
en_0399901,"Ok

Good storyline. Written a bit coldly.",3,1,neutral
en_0868878,"I open today it’s very dirty inside the product

Not sure is it refurbished, I open today it’s very dirty inside the product, and a little bit yellow crack inside",2,0,negative
en_0828158,"Solid. Good weight.

Nice packaging and carrying bag. Good weight. Doesn’t feel flimsy. Unit feels solid when assembled. I was surprised that the shovel is smaller than I expected. But a great size for camping or bug out bag.",4,2,positive
en_0757265,"I liked it

Interesting story and semi-detailed descriptions of sweat lodge experiences. The lack of a revenge motive was refreshing. It did seem to be a little juvenile in places but overall an entertaining read.",3,1,neutral
en_0287628,"Not as reliable/convenient as advertised

The concept is fabulous - but the proof is in the pudding, as they say. Had trouble from day 1 with a reliable connection. Worked at first, then didn't. On again, off again connection--and an extended, arduous journey getting one display to work--and keep working--let alone the dual displays. Laptop got stuck in dock multiple times (and yes, it was put in correctly/straight); connectors in dock were not stable so sometimes the connection worked, sometimes it didn't. Support at Henge is a frustrating process--a ""prove it""/try this-try that method that is protracted and time-consuming and maddening. Bought this product as well as their Stone dock (reviewed separately). Due to this experience, do not plan to ever buy any Henge product again.",2,0,negative
en_0442764,"They don’t work as splitter

They don’t split. Not in the sense that you have 1 port and want to connect 2 devices. For that you need a small unmanaged switch. Not sure what’s the point of this product if it doesn’t work as a splitter. But who knows, maybe I just don’t understand. But calling it a splitter is perhaps a little misleading.",2,0,negative
en_0672874,"Ear Bud Stopped Working

These started out great- connected seamlessly to my phone. Upon first extended use, however, the right ear bud stopped working after about 90 minutes. I tried reconnecting and nothing fixed the problem. Any advice on how to get more than one use out of these would be greatly appreciated.",1,0,negative
en_0921939,"Nivea colors leaves a stain

Doesn’t come completely off what you are writing on. Leaves a stain",2,0,negative
en_0049766,"Too hard to close and not lightweight

This umbrella is really hard to close because the spring is too tight. I have to push it against the wall to close it. It’s also heavier than my other two umbrellas that I’ve had for years... too bad...",2,0,negative
en_0702301,"Chips

I really like the Corelle dishes but in less than 2 months I have chips in 2 bowls already. They don’t seem as durable as the plates. Older style plates I have from Corelle seem thicker and more resistant to chips.",3,1,neutral
en_0399348,"Three Stars

Home made Kombucha tastes much better",3,1,neutral
en_0252916,"While the live feed is good. It very hard and not convenient to watch ...

While the live feed is good . It very hard and not convenient to watch the recording",3,1,neutral
en_0831637,"Does not Stay in Place

Although it is advertised as ""non-stick,"" the liner does not stay in place in today's new wood cabinets. I even tried using small glue dots to hold in place with no success.",3,1,neutral
en_0689547,"Don’t waste your time downloading this app

You have to subscribe to a paid TV networking i.e. DirecTV dish TV or cable TV Do use it",1,0,negative
en_0285352,"Not good for iPhones

Only used it for 3 days. Every time I plug my phone it says it’s not compatible with this device.",3,1,neutral
en_0267907,"Mini sized but work well.

Mini sized UV light, but has strong power. Work well and great quanlity.",5,2,positive
en_0605027,"I need tp for my bung hole

My bung hole likes this tp",5,2,positive
en_0483500,"diary

I am not sure why I thought there would be some writing/guide/stories, but it is a lined diary, with a cool cover, and that is all.",3,1,neutral
en_0956433,"Not what I was hoping for and also poor quality

Took 2 months of use and finally the connector that holds it to the vent became loose and won't get tight up any more. Plus, your Galaxy s9 will not sit in completely in the holder if you are charging your phone at the same time. I stopped using it",2,0,negative
en_0122573,"Search elsewhere

Ehhh.... it holds food scraps. Fruit flies still get in it, so we take it out every day. The charcoal filters don’t stay in the lid they usually wind up in with the scraps.",2,0,negative
en_0315509,"Great Mid-Century Modern Dining Room Chairs

These chairs are great—I bought 4 and had an issue with one. The seller very quickly replaced the shell and I haven’t had an issue since. I actually just ordered 4 more! They look great in my dining room. If you’re thinking about buying them, just do it. You can’t beat the price, they look amazing, and they take maybe 30 minutes to put together. I highly recommend these!",5,2,positive
en_0198795,"I like it

I like this hat lol served it self for what I bought it for",4,2,positive
en_0025200,"Nice

The charger and battery for my macbook pro arrived quickly and performed as expected",5,2,positive
en_0668832,"Love love love!

Absolutely love this product! I use it everyday.",5,2,positive
en_0508708,"Amount in package is incorrect

The description says that it comes two to a package but there is only one in each one therefore instead of getting 200 you're only getting 100. Otherwise they are okay.",3,1,neutral
en_0764505,"Very nice set, love the funnel and labels, wish for shaker inserts

I really love these jars. I got some magnets to make a magnetic source rack. My only complaint is that I wish they had some kind of shaker insert with them or compatible with them available separate. It's difficult to always be trying to gauge dumping a bunch out or putting it into my hand first. Otherwise they are beautiful and very functional. I love the funnel and labels that come with too.",3,1,neutral
en_0140576,"Broken tablets

The first few tablets were fine but the further down the bucket we get they are all broken and almost powder....not sure how we are expected to use powdered chlorine in a dispenser made for tablets. I am not happy and will not purchase them again.",2,0,negative
en_0131773,"Works

Works but difficult to put on and I used both in the pack to still have bubbles",3,1,neutral
en_0530150,"Worth every penny

Takes alot of the mess out of greasing fittings. Positive locking works perfect. I Definatly recommend this. Not great in tight places though",5,2,positive
en_0501615,"Will not turn on.

Showed up inoperable.",1,0,negative
en_0114976,"Nice compact temporary crib or playard for infants up to a year old.

Small, sturdy and packable, but a bit heavy.",4,2,positive
en_0404685,"Work but don't last long

They work like the originals that came with the pyramid. Downside is that they do not last long.",3,1,neutral
en_0514951,"Great taste

Wow these taste great, will buy them again for sure",5,2,positive
en_0132783,"They are what you’d expect.

Super cute! I put them on cupcakes for my 3 year old’s birthday.",4,2,positive
en_0759674,"Do not recommend:

I purchased this item to give as a birthday gift. It shipped very fast and we received it in less than a week. I gave this item a 2 star review because of the lack of packaging. It literally came in a clear plastic bag sealed with a piece of scotch tape (not ideal for gifting). I am not sure how this game is played but I could only assume each card has a certain value. Considering the packaging, I'm guessing these cards are the ""leftovers"" and all of the valuable cards have been cherry picked.",2,0,negative
en_0033441,"Not good customer service on providing refund

I loved the ring, used as a fill in when leaving the country going on vacation. size I picked was too big, so had to order a smaller size. waiting on the refund on the initial ring bought is like waiting for rain in a drought. Plus cannot get in touch with anyone regarding my refund!!!",3,1,neutral
en_0816570,"good brush

works well on paint removal",4,2,positive
en_0077998,"Great light to be visible, but not visibility at night.

These are visibility lights only, as in people seeing you. These are not bright lights at night. you aren’t going to be able to see where you are going with these. The strobe function works great for getting people’s attention to see you but that’s about it.",3,1,neutral
en_0586400,"OK for the price

OK, the print on the plates etc. seemed to lack",3,1,neutral
en_0761145,"One Star

Couldn't hold any tabs open and performed more like a cheap tablet than a laptop.",1,0,negative
en_0086588,"Five Stars

Great price and fit perfectly!",5,2,positive
en_0939318,"great soil for succulents

everything is growing well in this soil. i bought 30 starts of succulents and every one of them rooted.this soil is the best!",5,2,positive
en_0671678,"Too big

This case is huge! The size of a small backpack. I was looking for something to fit over my camera to protect it while hiking so that I could keep it hanging around my neck or shoulder. This bag is really fat. Not something I want to carry while exploring. I'll just stick with a backpack.",2,0,negative
en_0899198,"i hope you like curly blinds!

product is shipped coiled in a small box. now the blinds are curled. tried cooking them the other way to reverse the curl, but can’t get them straight. product would be fine otherwise.",3,1,neutral
en_0917870,"Love this family

I love the characters and town the authors have created. My favorite thing is the relationship between Cee-cee and her sisters. Great to read about a middle aged woman finding her truth and living her best life!",4,2,positive
en_0891086,"One Star

This lasted all of 5 minutes.",1,0,negative
en_0843962,"Weak Magnet

The magnet is not very strong, compared to a WizGear mount. Unable to hold up the phone with the metal plate behind/inside the case. The whole unit is metal and seems very durable, but I can’t use it because of the weak magnet.",2,0,negative
en_0033562,"Three Stars

It looks way smaller than I expected. It is more for the ladies.",3,1,neutral
en_0692866,"Not fresh despite being 4 months away from ""best by"" date

Maybe it improperly stored but I was kind of disappointed that the product was not fresh despite being 4 months away from the expiry date. They were kind of firm like they were drying out, and the chocolate chips were turning white. I also wish that the chocolate chip coverage was more generous; some pieces had no chocolate at all. They are a bit pricey for marshmallows too. Overall, I like them; it's just that this particular batch was disappointing.",3,1,neutral
en_0370455,"CHEAP - HARSH - LIKE SANDPAPER on your skin

Looks great - but fabric quality and thread count make this the most abrasive and uncomfortable ever experienced. Hard to believe a company would make something like this!",2,0,negative
en_0246718,"I love the coloration of these

I love the coloration of these. It is way more adult than the pokemon gotcha default bracelet. But the material seems to be weaker. The device in the pokemon gotcha is a repurposed fitness device just with a different os. These bracelets get a little weak after many uses and the tracker/gotcha can pop out if you aren't careful. But they do look better at work than the kiddie colored bracelet. These are pretty cheap though, so when they wear out, I'll just throw them away.",3,1,neutral
en_0804230,"Not impressed.

I used these to keep an extension cord out of the way. I used 8 clips and the stickiness lasted less than 24 hrs. I’m not impressed.",2,0,negative
en_0921522,"One Star

Doesn't harden with uv light",1,0,negative
en_0319943,"This looks very cheap and not anything like real diamonds

This looks very cheap and not anything like real diamonds. It seemed to be quality, though, in that the stones were snug and it was shiny. Also runs incredibly too small. I ordered a size up and it was still too small.",3,1,neutral
en_0296879,"Its big enough to hold a big salad.

I use it for my dinner everyday at work. I liked it so well I bought one for my husband. He loves it to, with all the compartments. Great bag!",5,2,positive
en_0403614,"I Don’t Recommend

Not worth your money, two cables are already not working and third one functions off and on. Don’t waist your $$$.",1,0,negative
en_0557456,"Exactly as pictured, super nice!

Looks exactly like the picture! My towels don't stay on as well as I'd like, but I'm not complaining. You can adjust the towel to stay on better, or I think I'll add a non slip element so they don't fall off. They are really nice looking and bring a nice wood element to my bathroom. I will probably add some to my room as well. My only other complaint is that when putting them into the wall they rubbed the paint a bit because you have to ""screw"" the actual wood part on and it rubs a bit. But with a little touching up you barely notice. Super satisfied with this product overall!",4,2,positive
en_0285075,"While the hole punches are adjustable, you can only ...

While the hole punches are adjustable, you can only slide the top 3 and bottom 3 as a unit. They dont move individually.",4,2,positive
en_0822022,"Did not work as described.

I'm not satisfied with this software. Extremely uncomfortable. Terrible quality! I'm very unsatisfied with it. Awkward, poorly designed. It's terreible when a software does not exactly what it says it does.",1,0,negative
en_0040046,"Five Stars

Very nice comforter!",5,2,positive
en_0958918,"deceptive advertising

Today I bought this Square-Trade 4-year ""protection"" plan for a small appliance purchase. The plan expires 4 years from today. The manufacturer provides a one year warranty on the item; thus Square-Trade is really only selling a 3 year extension of the manufacturers warranty. You should call it what it is.",2,0,negative
en_0718868,"Wrong size

The proportions are all wrong. I was hoping for a quality product, very disappointed. I will never waste my money to purchase this product again.",1,0,negative
en_0270316,"to pricey for what they are.

to pricey for what they are.",3,1,neutral
en_0898671,"These socks look exactly how pictures which is awesome but the 8-11 women’s size is generous

These socks look exactly how pictures which is awesome but the 8-11 women’s size is generous. I’d say they fit more of 6-9 comfortably. Kind of annoying.",3,1,neutral
en_0836578,"Totally enjoyed

From the title and rating you know that I thoroughly enjoyed this novel. I could hardly wait to get home to continue it. It had the right amount of strange to make it different without seeming totally unreadable. I look forward to reading more of her books. Be warned, there are a few grammatical errors. That was the only thing that kept it from 5 stars",4,2,positive
en_0294888,"Beautiful case

This case fit perfectly and is pretty durable. My only complaint is that the piece with the flower design on the back is already starting to lift up after only a couple of weeks. I think it is from the wear and tear of putting it in my pocket, but was still hoping it would have held up a little bit longer. Update: My auxillary cord and some headphone cannot plug into the phone through the case because the opening is too small, so I'm disappointed in that, FYI.",3,1,neutral
en_0720544,"Beware of blisters\scars from product ingredients

This product is horrible!! I’ve used kinesiology tape before and thought I’d try this one for a few less dollars. Big mistake!! I had a serious reaction to the tape. Blistering and now a scar. Called their customer service and was told the ingredients in tape. Rude service. Rep told me “good luck!” with return. Amazon refunded me so no issues. Contacted company by email suggesting they may want to list ingredients for those who might have allergic reactions. Rep said she would take suggestion and asked for photos of blisters. No mention of rude treatment or asked if I wanted a refund. Horrible product and horrible customer service!!! Thanks to Amazon for refund.",1,0,negative
en_0151202,"The right grill does not fit my 2001 540i

The grills are nicely made and the left side fit perfectly. The right side fit well but there was some interference when closing the hood and pushes the grill out. I am not sure yet why. There is some rubber baffling around the back side to control airflow for cooling, the backside grill flange shape is not the same as OEM. If I can modify to fit I shall repost and increase the rating accordingly.",3,1,neutral
en_0341019,"Great concept.... Just not good enough for larger, heavier, phones.

Great concept, but doesn't work on heavier larger phones like the Note 8. The phone is simply too heavy with a basic style case.The slightest bump will cause the phone to slip off the mount and fall to the floor, potentially damaging your phone. Unfortunately this resulted in me returning this, as it simply did not work as well as I had hoped for my Note 8.",3,1,neutral
en_0356828,"Perfect!

Just what I needed! Great durable material",5,2,positive
en_0952156,"Okay

It works okay but after awhile it charges slowly and sometimes doesn't charge at all.",3,1,neutral
en_0087900,"Pumper broke off.

I have ordered this product 4 times now and the last two times the spout was broken so I couldn't use the pump. I was able to use the pump off a bottle that I already had. It is a good product that helps my dogs. It shipped very quickly.",2,0,negative
en_0537821,"Waste of money

They aren't moist! I have to wet them with water, defeating the entire purpose!",1,0,negative
en_0284089,"Only got mats. Not cutter or refill blades

I did not receive the rotary cutter or the refill blades in my package. please send ASAP thank you",1,0,negative
en_0442625,"Improves the feel of writing on an iPad

The most important thing to know before purchasing this product is it does not work well if you have a case that grasps the table at the glass. I replaced a Soke case because it kept raising the edges of the PaperLike. If you use an Apple Smart cover everything fits perfectly.",5,2,positive
en_0461135,"Bent in shipping

Package it better than a thin mail pouch. Frame was bent in two places.:(",3,1,neutral
en_0531442,"Not for inulin coffee

This does not dissolve as Inhad thought. The particles expand a lot once added to liquid. I was expecting something I could mix into my coffee, this does not do that at all.",3,1,neutral
en_0175577,"Buy better wall anchors before installing.

Fit and finish is very good. Attaching it to a hollow wall (sheet rock) would have been a snap if the d*+#%$ anchors were of even minimal quality. Otherwise this is a good value.",3,1,neutral
en_0971151,"Twice I was sent the wrong sized item

I would like to give this an honest review, if the company would send me the correct model. I need an iPhone X case, but twice they sent me iPhone 9. I will no longer do business with this vendor.",1,0,negative
en_0903336,"Doesn’t work

I thought I was doing a good thing buying the Remington brand, but not with this. It may as well be a circus whistle.",1,0,negative
en_0829013,"I have tried getting used to these sheets but am ...

I have tried getting used to these sheets but am going to have to send them back. They are poorly constructed and wrinkle so badly (yes, I know they are all cotton) that even ironing them does not work well. The stitching puckers so much that they do not look neat even when ironed. Ironing does help the appearance somewhat, but because I am 75 years old I am not able to iron sheets every time they are laundered.",2,0,negative
en_0904913,"Outstanding but

I love the card and my grandson will really be surprised. The biggest problem is on this card there is no where to write a note. Another problem with this card we always give our grand kids money for their birthday and there is no way to put money in this card.",3,1,neutral
en_0173875,"Cute but wrong item

The wrong item was shipped. The one I received was darling but I had no need for a random sorority bracelet instead of the one I ordered. The package was returned easily but I miss a Christmas deadline due to the mix-up.",3,1,neutral
en_0455095,"Beautiful mug

This thing is beautiful! And a larger mug then I thought. Gorgeous dark navy blue color. We love it",5,2,positive
en_0461018,"Happy dog

Leather is nice and soft; buckles are sturdy",4,2,positive
en_0240688,"It had a chemical smell when I opened the package ...

It had a chemical smell when I opened the package. And it's really way too big. I looked warm but sadly it's going back.",3,1,neutral
en_0326469,"Great hats. I get complements on them all the ...

Great hats. I get complements on them all the time.",5,2,positive
en_0246239,"arrived quickly

Good quality, arrived quickly and as described.",4,2,positive
en_0662420,"thoroughly read the instructions

So glad that I purchased this. This really helps get any extra off my teeth, to the point where I may increase the length of time for dental cleanings. It feels like I've been to the dentist daily. Love it. It take me a few tries figuring out how to use this without spraying the room, but have it down pat now. :)",5,2,positive
en_0037349,"NOT GRAY, moss green

The set is exactly as pictured except that the color is not gray-- it is a pale moss green.",2,0,negative
en_0266151,"Great products!

Product just as described and came quickly. Perfect fit!",5,2,positive
en_0907271,"Good quality with low price

Very sturdy, low price. Exactly what we needed!",5,2,positive
en_0529951,"So much fun!

Love this author. Book is an easy but fun read. Make sure you read the entire trilogy.",5,2,positive
en_0197087,"Too loose

I wore these sandals they are very loose and dragging They need more holes to make a comfortable fit...",2,0,negative
en_0047929,"Three Stars

Got dull very quickly, within just a few uses",3,1,neutral
en_0239929,"fit is just okay

seem a little larger than previously purchased in same style and size.",4,2,positive
en_0931564,"Pretty but not functional

Just received the replacement to my original order. Both were shipped promptly and in beautiful condition - but neither actually charge. I may have gotten two lemons, but lemons none the less.",1,0,negative
en_0566710,"Good product.

Downloaded the recommended app and connected with the instructions provided. No issues. I didn’t need to clear a code, just wanted to see how engine was running. Product did exactly what was asked.",4,2,positive
en_0965947,"Only one of the two worked.

One works and I use it. When I tried to initially charge the other one, straight out of the package, it showed green as if it were fully charged but it does not work when put in my trimmer or blower. The other one works well, has a lot of power and lasts long enough. I would give 5 stars if the other one worked.",2,0,negative
en_0632587,"Three Stars

Did not perform as I expected. Would not purchase again. Had difficulty painting over this with latex paint.",3,1,neutral
en_0038443,"Terrible customer service!

Purchased Pinnacle Studio 22. It downloaded successfully, but will not run. Contacted manufacturer who said someone would contact me, but never happened. Amazon is no help they say contact the manufacturer and no refund. This is not customer service from either!!!",1,0,negative
en_0931969,"great

omg I absolutely loved this book. i read both books and i loved it. The family that we are following has a wonderful chemistry.",5,2,positive
en_0779139,"It's bigger than I expected

So far I'm okay with this fabric shaver. While I am glad to make my clothes look less trashy, it's loud and scares the cat. That's kind of an issue because he freaked when I set it down near him when I was adjusting a top to get at the other side.. Several bandaids and gauze and peroxide and an application of neosporin later...i tried using the shaver again. I would say that it's effective but i had hoped it was going to be slightly more magical, i.e. really quick. You have to be somewhat slow and methodical--but it will definitely collect a lot of pills in the clear bin. The really stubborn pills on a fleece pullover took more effort than a pilled-up hat did. Ultimately I was happy to see my clothes look refreshed. It's much bigger than the battery operated ones I've seen at WalMart. The advantage of the larger size is the larger collection bin. I had a battery operated shaver that was small and easy to use, but I had to stop every minute and empty it. I downgraded the stars due to the noise which seemed to affect the cat more than my vacuum cleaner. The other reason is the feeling of the shaver being not as zippy to shave the fabric as I expected for it's large size. I have only used it with the power cord, so I can't tell you how long it worked on the battery power.",3,1,neutral
en_0443439,"Must have!

Great product with good video quality definitely recommend it. Shipping was extremely fast.",5,2,positive
en_0103763,"Gray not sliver

More like a light gray not silver. Fits for her party .",3,1,neutral
en_0552576,"Three Stars

I love these headphones but under 3 months they broke",3,1,neutral
en_0923113,"Not sure about Samsung phone but IPhone X will not ...

Not sure about Samsung phone but IPhone X will not charge fast. I will even say it is faster lighting cable alone",2,0,negative
en_0953065,"One Star

Color not as described",1,0,negative
en_0936660,"Motor Slows Down when applying pressure!

I was looking for a cheaper massager and this one has its ups and downs! Overall I'm a little disappointed. Maybe I had too high of hope's for this price point. I like... - The materials used. - The heating element. - The shiatsu massage element helping with my back soreness/knots. I dislike... - The motor slowing down with too much applied pressure. The motor nearly putters out if you are laying against it to get those hard knots out. - The intensity button. Theres basically slow or fast. The middle speed is indistinguishable.",3,1,neutral
en_0375486,"Three Stars

cannot read from my car",3,1,neutral
en_0231086,"Uncomfortable

The earrings post is to thick. Uncomfortable to wear..",1,0,negative
en_0469369,"Five Stars

Good price, prompt delivery and works good.",5,2,positive
en_0123786,"Wow

I'm a guy, not too artsy, and this stuff was perfect. Easy to work with, dries fast, and it stayed on through the Halloween party all night. I received big compliments from the 10 minutes of time it took to glue and hide the seams of 2 horns added to my forehead.",5,2,positive
en_0810686,"One Star

Cheap plastic easy to deform, if you open twice hard to close again.",1,0,negative
en_0692293,"Great, comfy but too thick and stiff for the $$

I wear a size 12, 180lbs, 5'6 and ordered a large. First thing I noticed was how thick they are. As I started put it on I was like no way these aren't going to fit. They're more like spanx and are good at hiding many of my insecurities. I got em on sale for $30 and figured they would be better than the $5 old navy ones I usually buy. These are worth $20 imo. Gave it 4 stars because they're worth the keep..but not worth $60",4,2,positive
en_0014460,"Our pup's favorite toy(s), but be ready to sew

Perfect size for our pup's mouth, great squeaker, stuffed well, decent fabric. The only downside is having to ""surgically fix"" them from time to time, only because she plays with them so much. She's not a heavy chewer, so beware if your pup is. It's also great to have multiple so she can play with a backup while 'mom' fixes the others.",5,2,positive
en_0439695,"Three Stars

The picture showed designs on the eggs, but they were actually all plain.",3,1,neutral
en_0150462,"Must be a one-off!

I couldn't even finish reading it.",1,0,negative
en_0935093,"Very sturdy

Recently moved and was able to store them away at the new house. Would recommend this set for storing many dishes, pleasantly surprised how much they hold!",5,2,positive
en_0092566,"A bit lacking

For the re release I received a copy through Netgalley. I really wanted to love this book, hot cop on the cover could never be bad. But, Cade and Katrina just didn't seem to fit the way I thought they should. She should have been grittier and tougher, not just aggressive sexually. He didn't have the depth to his story that I would have expected from a Marine. The story sort of jumped around, periods of time advanced quickly within a page, leaving out details that I wanted. It an interesting storyline, creative and steamy.",3,1,neutral
en_0480174,"Exactly as advertised

I wanted one for some time …..very satisfied",5,2,positive
en_0025289,"Excersizing from a chair

Not at all what I thought. Very little instruction for sitting down excersizing.",3,1,neutral
en_0049455,"Very small

This hat is kid sized. Had to give it away to a child.",1,0,negative
en_0591591,"Okay for beginners

Very basic and very short. About 4 pages.",3,1,neutral
en_0955528,"A bump in the road?

Let us pretend the book did not happen and wait for the sheriff's return. I gave it two stars because it was ""good in parts"" and because I want the series to continue.",2,0,negative
en_0560857,"Good Product

Did a nice job on my furniture and left no scent.",4,2,positive
en_0217423,"No closure

This book is well written, and I was going to give it 4 stars, until the end. Seriously!?!? I can't stand it when a book just suddenly ends. Did he have a heart attack? Did Isaac makes it out of his coma? (Does the dream come true, or does it symbolize they both end up in apple tree heaven together?) Frustrating to not have closure.",3,1,neutral
en_0580142,"Great protection

I've been using otterbox on all my devices for years now, only the defender series. This is the first one I've ever had without a screen protector built in, thats the only thing i dislike but other than that it's a great case.",5,2,positive
en_0455963,"I don't want to be that guy, but I ...

I don't want to be that guy, but I thought this was going to be WAYYYYYYY bigger than it is. I returned it.",1,0,negative
en_0177342,"to small

way to small ordered a extra large",2,0,negative
en_0835007,"Reviews with facts denied.

Reviews with facts are censored away. Buyer beware.",1,0,negative
en_0581735,"Awesome daytime energy!

Great product! Didnt notice much difference in the bedroom but the energy during the day is great!!",4,2,positive
en_0662313,"Cute but scammed by product review company

This is a cute set but the only reason I bought it was because I was supposed to refunded for leaving a review but now the review company is not reachable. I will be returning the item.",3,1,neutral
en_0733237,"Arrived Damaged

This item was scratched when I received it. But the fan itself is fine.",3,1,neutral
en_0463268,"Junk

It will not work. We have followed directions and it barely gets warm (can still touch it) and has no steam.",1,0,negative
en_0620617,"Cheap

Seams are weak, tearing at zipper already",3,1,neutral
en_0381215,"You Get What You Pay For

These containers are the perfect size and the lid fits the container...which is a problem that I have had when buying a different cheap container. My only complaint is that these are NOT sturdy. Two were completely damaged during transit, even though the packaging was perfectly fine. The containers are made of thin plastic, with very little give. I also dropped one...less than two feet onto the carpet and it cracked it. They are cheap though.",3,1,neutral
en_0208664,"Not an RPG. Not interesting.

This is not an RPG. At no point are you actually playing A character or influencing any sort of story. This is just another base building game with nothing innovative or new that we have not seen in hundreds or thousands of others. One could try to call this A strategy game but it's got scant little of that to bother with too. I installed this because I was looking for 5* RPGs and what I found was frustratingly NOT that.",1,0,negative
en_0924649,"Has to be plugged in to put your phone in it.

Has to be plugged in to put your phone in it. Hubbies phone works ok, mine doesn't charge well if I'm using it for anything like directions",3,1,neutral
en_0537809,"fits perfectly

always helpful to just pop in a new filter while i let the used filter dry after cleaning it",5,2,positive
en_0883570,"Questionable durability

Product seems really heavy duty and awesome, however; on the second use i looped the leash through my other 10 pound pups leash handle to make things a little easier and it some how frayed the side of the leash? My dogs are only 11 weeks old so they are more so exploring than actually walking and pulling wich makes me question its durability",2,0,negative
en_0127991,"Really good

Maui is a little dark but other than that I love these 😁",4,2,positive
en_0759859,"Item stated delivered, but never was!

These were never delivered, therefore we could not give them to our child on Christmas. This needs to he corrected ASAP!",1,0,negative
en_0420680,"Prints pink hue on every page--warning!

Purchased these cartridges on Aug 20, 2018 and replaced my toner with these new cartridges today. Whether printing black & white or in color on white paper, all grey tones print with a pink hue. Tried adjusting color in the source document. Tried re-calibrating and cleaning the printer heads as well....nothing seemed to remove the pink hue. Removing these cartridges, recycling this product, and starting over again with new cartridges.",1,0,negative
en_0192598,"I like them, but..

I do like these, but the picture is very deceptive, I was expecting to get dark amethyst, when they were extremely light.",3,1,neutral
en_0039049,"Three Stars

Very small, but cute.",3,1,neutral
en_0064855,"You ""almost"" got the order right

I ordered BLACK CD sleeves. I was sent WHITE. I want BLACK sleeves. How will this be fixed?",1,0,negative
en_0466791,"Love this

Great device. Powers my macbook as well as mouse, keyboard, external drive etc. Must have. Anker also has the best service.",5,2,positive
en_0048761,"only one side of the diaper is velcro

Both sides of the diaper are not velcro. Only one side. The other side is sewn shut. My kid still likes it a lot though so 3 stars",3,1,neutral
en_0543571,"3.5yr old won’t drink it.

I had high hopes for this healthy drink. But my 3.5yr old refuses to drink this gross drink. Waste of money if he won’t drink it! :(",3,1,neutral
en_0970943,"it does in fact look like a tomato

Well.. it does in fact look like a tomato, so it is easy to have laying around without alot of questions. believe it or not.. this works. This is easy to keep clean too! It works pretty simply. The lower part creates a suction and the suction bring the capillaries in your lips to the surface",4,2,positive
en_0501179,"Beautiful dress! Better than expected

I’m 5’8 and I am usually a medium in things. This fit so nicely except there was just a little extra material around the lower hip part sticking out. I’m hoping I can flatten it out with a steamer. Other than that it very elegant !!",4,2,positive
en_0049021,"Disappointed

I really liked the first band I bought but this one is not tight enough.",2,0,negative
en_0393806,"Very good value for the money

I have no garage to keep my weights covered. During the summer the shade is adequate to keep the sun out of my eyes and a nice cool breeze blowing through my workout area. I have placed anchors in the ground and attached the legs with hose clamps. The joints have been screwed together using self tapping screws. The cover lasts about 3 yrs before replacing the cover only. The frame has a very good powder coating that lasts a long time depending on environment.",4,2,positive
en_0571428,"a little heavier than i'd like but they stayed on after fastening some bobby pins ...

a little heavier than i'd like but they stayed on after fastening some bobby pins into my hair. also if you go to bars with people in close proximity be careful about poking someone",4,2,positive
en_0766764,"One Star

Light comes on when ever it wants. Not using. Customer service was excellent and they will refund fully. Love the case, just wasn't right and light was unpredictable. Overall great customer service and attentive to my concerns.",3,1,neutral
en_0050422,"Cheaply made.

This is definitely a LARGE pillow, as it can fit our German Shepherd with lots of wiggle room. The color is very vibrant and the fabric is easy to wipe clean... however it needs a lot more stuffing in my opinion as it says in certain areas, and you have to ""re-fluff"" it more often than I would like.",3,1,neutral
en_0073323,"Great product

I bought these for myself cause I have dry sensitive skin. I used these and love them. They made my skin so soft and did not irritate it.",5,2,positive
en_0729195,"Runs small

Everything was great, but it runs small, by two sizes.",2,0,negative
en_0342789,"One Star

Terrible. Started leaking after 3 months of light use",1,0,negative
en_0205251,"Poor packaging

Product was broken. Poor packaging.",1,0,negative
en_0228112,"Better options available

Poor quality and performance. Is very finicky have to fiddle with it to make it work and lightning port will not hold cable so very hard to charge.",1,0,negative
en_0284203,"I love the design but

Definitely a little bigger than I wanted but I ordered on the safe side. I love the design but, as I expected it to be, the quality is not great. It just feels cheap. Still a great novelty item!",3,1,neutral
en_0312249,"Slim/Lightweight

Product is great and lightweight; perfect for me because it was bulky.",4,2,positive
en_0547580,"Three Stars

Good game but crashes on wii u. Wait for switch version or just play persona 5",3,1,neutral
en_0622641,"My daughter enjoyed some of them

Definitely not the Disney versions if that's what you're looking for. Old versions of the movies. My daughter enjoyed some of them.",3,1,neutral
en_0276429,"One Star

Weak, moves to much and screws are hard to get to when trying to adjust",1,0,negative
en_0028724,"The thread they use is like fishing line so it is itchy

I love the material of the cloth...just not the thread used for stitching. I have one specific area that pokes and itches me so badly and I have tried to cut it down but I can't get enough of the thread therefore this bra is useless to me.",4,2,positive
en_0477220,"It's alright but would not recommend

As much as I tighten the arms for the TV and Laptop, they constantly drag down. The TV stays in place OKAY, but the laptop doesn't stay up for more than 5 minutes before sagging down.",3,1,neutral
en_0014129,"Earring

To big had to return",2,0,negative
en_0763460,"Sent me a broken phone

Speaker didn’t work. I don’t know how that could be over looked if it was refurbished.",1,0,negative
en_0096550,"Product works well for an achy back at a fair price!

I purchased these when I could no longer find the Ben Gay medicated patches that I normally buy. They did the job, however they didn't stick quite as well as the Ben Gay. I would buy them again in a minute.",4,2,positive
en_0352360,"Pay someone to tint your sidelights.

Very hard to apply. Gave us a run for our money to try to adhere to sidelight windows. Was a pain in the tail.",3,1,neutral
en_0083354,"Worked first time, sheared bolt the second.

I originally bought this in 2016 to tighten a new yoke nut on my motorcycle. It worked fine; I heard the click at the appropriate setting. Not sure how accurate it was but assumed it was good to go based on all the high reviews. Today for the second time in two years, I needed a torque wrench. I’ve had my Tekton stored in a closet in its protective case and at the lowest torque setting as per the manufacturer’s instructions. I needed 10 ft lb torque (the lowest setting on my wrench) to torque two swing arm spools. On the first, it came very close to stripping the bolt, and I never heard a click but decided to stop before it got completely stripped. I blamed myself and assumed I had my allen bit at an angle. On the second spool I slowly twisted the wrench and again, no click. What I did eventually hear was the bolt being sheared in half. I was able to twist the broken half out of the swing arm, but there’s some damage to the black paint of the swing arm on a 2018 Yamaha R6. I’m going to try to get the company that makes the spools to send two more bolts, in the event it was their hardware, but I have ordered a different brand of torque wrench to try. I have a feeling it’s the wrench that caused the issue, as many of the 1 star reviews mention sheared bolts and the wrench not clicking or working for very long. And that makes sense. It’s $35-40 and made in Asia. If you want a quality mechanics torque wrench you probably have to man up and pay at least $150 for a CDI or $500 for a Snap On. I bought this cause I’m not a full time mechanic, but I’d rather not have a torque wrench than have one I can’t trust to not destroy my vehicles.",1,0,negative
en_0529125,"I love it cause it’s starwars but looking at my windshield ...

I love it cause it’s starwars but looking at my windshield you can’t really tell what is on it. Stays crinkled",3,1,neutral
en_0318379,"Three Stars

Missing parts for assembly....was a Christmas gift for our youngest son. Still waiting for missing parts to deliver.",3,1,neutral
en_0269130,"great value

These lights work great in my barn / shop. Easy to install",5,2,positive
en_0613107,"did not receive

paid for this item and never received it, tried to get back on here and didn't have the card anymore so didn't have the information asked for. So therefore could not get monies back.",1,0,negative
en_0300069,"Do not suggest for 36 DD

The adhesiveness was good and stayed on all evening Good thing there were 3 pair in package; had to use all three. The product is good however not For 36-38 DD",1,0,negative
en_0891623,"Colors not bright

Nice pencils but didn't like the colors they are neither pastels or neons. And colors rather dull",3,1,neutral
en_0173084,"Product not true plug and play

Product did not work with ONVIF",1,0,negative
en_0067240,"It's a shoe horn...what can I say?

This is the kind of shoe horn they use to give away when you bought a pair of shoes.",3,1,neutral
en_0655445,"Came quick

Came quick. Works as it should but I think 20kg is a push though.",5,2,positive
en_0405688,"no.

terrible taste, like rotten fruit, not dried fruit. bananas were the worst, mangos were just ok. definitely not a fan",2,0,negative
en_0154747,"Gorgeous Sweater!!

I bought this for an xmas gift for my wife - I am amazed at how soft it is. My daughter concurs with me that it is gorgeous! I am sure my wife will love it.",5,2,positive
en_0172471,"Kinda disappointed but it’s still cute

I have major curves in the upper thigh area and the XL fits like a medium.",2,0,negative
en_0169177,"Smells very good. My second time purchasing this cologne

Smells very good. My second time purchasing this cologne. Obviously just expensive as you are paying for the name Versace.",4,2,positive
en_0714675,"Wrong size...

So far the starter motor belt is too wide and would not fit into the pulley correctly. Everything else in the package seemed to be reasonably good.",3,1,neutral
en_0696761,"It was a scam

It was a scam, but amazon refunded my money with out any hassle",1,0,negative
en_0910146,"Wall plug charger.

Why is it that the charger is USB C to long to charge. Why can it have a regular 5v charger. It looks well built but disappointed about USB charger especially I paid $100.00 dollars. I am contemplating returning it. Hope to hear from seller soon.",2,0,negative
en_0851351,"Three Stars

They are very soft, but leaving fuzz balls all over my house. Also, shipping took forever.",3,1,neutral
en_0731650,"Opened it. Hated it. Returned it. All in the same day.

First impression upon opening was that it was a lot thicker than I had expected and that the hinge was very loose and jiggly. The horseshoe magnetic clasp was easy to open but extremely awkward to fasten with one hand. Also the magnetic closure was not a strong enough magnet. It felt like at any moment if I moved my hand too much the magnetic closure would just pop open up. The fit of the bracelet was also much too big. Overall I found this bracelet's quality to be extremely poor and was very disappointed. This piece was returned.",1,0,negative
en_0361108,"Way too quiet

I want to love this because Skip Hop makes amazing products, but this white noise machine is way too quiet. I can hardly hear anything coming out. I got a few white noise machines and this one is by far the quietest. The Hatch which is not portable is nice and loud. I got another travel white noise machine on Amazon that looked like a little bunny and it’s nice and loud. I don’t know why this machine is so quiet. I regret buying it, but that’s probably why it was affordable.",1,0,negative
en_0619900,"They work well and are bright

The bulbs emit a bright white light and are perfect for a garage. I have three, 4 tube light fixtures each, in my garage. I am currently using two of these tubes in the affected fixture, since the two LED tubes supply as much light as the previous four fluorescent tubes. The connections couldn't be simpler; load at one end and neutral at the other. A handy wiring diagram is supplied in the package. I'm glad to be free of the ballasts. I intend to buy more bulbs from this seller when my other fluorescent fixtures need replacement bulbs. A word of caution; you must know how to work with electricity and electrical items to by-pass the balance and hook-up these items. I've had plenty of past electrical experience, so no problem. It's a good product and the seller is recommended.",5,2,positive
en_0557738,"ok

good set some movies good some really bad",3,1,neutral
en_0775698,"It works, but could be better

Heats up great, easy to install. A big concern, however, is the button. It is very small - hard to operate in winter gloves and is not waterproof. So, installing it in a location exposed to water may be problematic. Another thing is the harness does not have a fuse, so make sure to install it in a way that won't set your bike on fire.",3,1,neutral
en_0413881,"Doesn't work

Did not work on my desktop. Plug into USD 3.0, does not respond to computer's command to eject, button on device itself doesn't work. Tried on 2 of my laptop... no luck. tried on 2 university desktop and 1 laptop, no luck.",1,0,negative
en_0999264,"Tarnishes very easily

Very cute , but gold tarnished even after one wear",3,1,neutral
en_0059087,"Another good one by St. Michel

A great story, rich in detail, without being laborious. The proofing, however, leaves much to be desired. Words misused, wrong words used, and an abundance of commas improperly placed should have been found and corrected. I can't be the only one distracted and frustrated by the lack of proofreading in published books.",4,2,positive
en_0031191,"Works as described

New. Correction needed, after going through the packaging we found the second blade. OLD. Would of put one star if i could have, omly one blade was delivered",5,2,positive
en_0549720,"Three Stars

I had high hopes but didn't really think the book was that good",3,1,neutral
en_0477710,"Works

I love that I can write my lists on eat,cross out stuff as I go and then totally erase when i'm done.",4,2,positive
en_0999712,"Great buy!

Great value and quality.",5,2,positive
en_0830398,"Quality isn't the best but you get what you pay for i guess

Quality isn't the best but you get what you pay for i guess. I love them for my son. However they run big i would suggest a size down. Lets see how long they last.",4,2,positive
en_0806537,"Small life span

Ripped in half 3rd time using it. So I bought another one and after 1st time it has a hole in. Kinda disappointed they are not better quality",3,1,neutral
en_0241260,"Spend more money on something better

Meh I've seen a lot better than",3,1,neutral
en_0714698,"Two Stars

i have purchased 70 lights and many are already going bad",2,0,negative
en_0929162,"Overall beautiful

Overall the dress was beautiful the only issue we had was the back was loose so we had to pin it up so that it would not look so loose!",3,1,neutral
en_0978685,"What a bummer

Rod tip damaged during shipment. Will be returning.",1,0,negative
en_0408264,"Works really well

The product works really well and fits my boyfriend perfectly (got the large size). Only thing is that it takes some playing with to get the flint working and a few strokes to get it sparking, but its small so it will take a few extra strokes.",4,2,positive
en_0161317,"Average bluetooth speaker sound. Fun addition to have on a bike.

Basically sounds like your typical bluetooth speaker. Nothing compared to the JBL speaker I have. I bought the speaker for the bike mount as I wanted to add some music to my electric bike. I'm trying to form the ultimate electric bike, with a saddle bag in the back and phone mount in the front. The speaker seems to mount on the front handle bars fine. Just hoping it stays in place after long rides. Will update if anything changes.",4,2,positive
en_0346896,"Four Stars

didn't fit my car well. Gave them to a friend",4,2,positive
en_0642340,"Wonderful product

Great product. Must have for your puppies.",5,2,positive
en_0822816,"One Star

It is not true to size.",1,0,negative
en_0141189,"Button pulled off from one side during first use but fixed with glue and overall back to being a great option

size, paw pattern, and fabric are all great BUT the button pulled off of one side the first time I needed to unsnap it from my dog. Glue instantly fixed the problem but it was just a bummer it broke during the first use.",3,1,neutral
en_0567214,"Three Stars

It's ok - The fabric is not so stretchable for yoga/stretching workouts though.",3,1,neutral
en_0753839,"Made of very good quality materials and sturdy

It’s roomy enough for my 8 qt IP and accessories in the upper pocket. Made of very good quality materials and sturdy.",5,2,positive
en_0493524,"Not happy

Two of the cables gave out after a couple of months. Like the length and thickness of cable.",2,0,negative
en_0261770,"Looks nice but

Like the look and the pen holder. Dislike the fit: does not keep a tight fit",3,1,neutral
en_0649549,"Three Stars

Only one bulb worked",3,1,neutral
en_0013946,"Bit of a struggle to put on, but work fine.

Bought for 2002 Ford Focus hatchback. Had to lift up on the hatchback *very* hard to slip them on, but they fit and they work. Probably 1/2"" longer than the ones I replaced. A bit of a struggle to get on but I'm ok with them now.",4,2,positive
en_0247085,"Bad finish

Good quality shock and nice ride, but rusted before one winter was even done even after rinsing off every week.",3,1,neutral
en_0570866,"Would not buy

Straps have no support what so ever not for big boobs I’m only a 32DD and it offered no support",2,0,negative
en_0213291,"Well....

It is really cute IF you can get the paper out of the stamp. It is really close together and made oddly so that when you punch the paper it gets stuck inside of the punch and you have to find something to fish it out. Very disappointing. I wanted to like this punch so badly.... Oh well.....",2,0,negative
en_0347468,"Nice but a hot mess with duplicate colors.

The container is pretty cool but I have 11 duplicate colors and the numbers on them are questionable since they are just little sticker (part of them were hanging halfway off It). They came in no order of color and once you take off a tray it’s a bit hard to get back together. I’m disappointed with the numbering. I DO love all the color selection.",3,1,neutral
en_0907360,"Disappointed.

My son used this for approx. 5 months and it's got holes on the bottom fabric and sides (in various places). I would not spend $100 on a product that doesn't even last. Disappointed.",2,0,negative
en_0037482,"Worked for 18 hours

Unit worked well for 18 hrs. Plugged it in and it lit up.... next morning bulb was out.. in the process of working with DynaTrap customer service",1,0,negative
en_0320699,"One Star

they sent me a used, knock off, no furry head and did not work",1,0,negative
en_0192037,"No return received

Perfect for me....but i received broke on one wrist side. Send this back ask for return nerver receive return back..very disappoint...",2,0,negative
en_0950745,"It’s a big pen you can hurt someone with

Quite a bit bulkier than I was expecting definitely durable not bad to write with but it does feel larger in your hand",3,1,neutral
en_0318795,"Poor quality - defective product

The screen protector started to slide off the phone about 2 days in. Also, there were weird lines across the screen protector that affects regular phone usage. I tried to bring this issue up to the seller, but they didn't care. No response from them.",1,0,negative
en_0071325,"Great value and easy to use

After doing research on the topic, it seemed that in order to encourage new collagen production, a minimum .5mm size would be needed... these aren’t as easy to find here as the more common .25 size. The serum included made this an excellent value. I found it easy to use and not painful. Expecting to start seeing results after some weeks of use (.5 and larger should not be used every day). Update: one use of the roller, and regular of the serum, frown line greatly reduced!",5,2,positive
en_0897294,"Low quality

When I tightened in the screw, the entire unit popped apart. I put it back together, but it would still come apart easily. There are two internal screws. The bigger one seemed to be of good quality and should last. The smaller one was so thin that I don’t have much confidence in it. All ended well because I was able to use the gasket and large screw from this unit to rebuild my original stopper.",2,0,negative
en_0002807,"Cat hated

My cat wouldn't touch it- was more like minced that pate-",2,0,negative
en_0718635,"Very nice and efficient!

It's perfect for my closet/mudroom. Didn't give it 5 stars because it had a dent on the metal piece where the hooks are. But overall I love it!",4,2,positive
en_0737910,"Great product

A is a really cool chair. Bought for out Grandson’s 1st birthday and its become an everyday chair - both for indoors and outdoors",5,2,positive
en_0642582,"Nice but whammy bar fell off immediately

Nice but whammy bar fell off immediately",3,1,neutral
en_0321244,"QC issue, Buy Bushnell 6-18 Banner instead

Buy the Bushnell Banner 6-18 instead for $8 more, much clearer and the 18x is so so close to 24x on the tasco. You'll be glad you did I think that this scope could be good for the value but is just suffering from QC issues. At first upon mounting it seemed fine and after getting it zeroed, it was actually keeping zero and doing it fairly well at 100yds on a 223 ar15. However, after maybe 40-50 shots, the turret knobs that are under the Caps BOTH popped off you can seen in the pictures the one that i have yet to try to put back on. This means that unless i could get them both back on and working that the scope is pretty much useless as it cannot be adjusted. If i really wanted to mess with it i believe the set screws in the caps are just very loose but I'm returning this and am much happier now with the Bushnell stated above",3,1,neutral
en_0338262,"Nice, but Customer Service doesn't reply.

This is nice, I got one for my workplace. After buying it I decided I wanted another one for home too. I ended up grabbing that one locally on my way home one day. It turns out there are actually 2 versions of this mouse. The Ergo and the Ergo Plus. I didn't know the difference before. The Ergo only lets you pick between 0 or 20 degrees. The Ergo Plus has an extra wedge that allows you to get the angle up to 30 degrees. It is removable so you have 0, 10, 20, 30 as options on that version of this mouse. The wedge is the only difference between these versions. The mouse itself has a rubbery place for your palm to rest. It is nice, the ball spins freely. You can hit a button to adjust the precision. Coming from other mice, I initially found myself often hitting that button to go ""back"" on web browsers. The forward and backward buttons are a little hard to get to even after using it for over a week, it is awkward to hit back. I know you can remap these but forward is just a little less awkward. It looks like the wedge can only be found in a bundle, which is exclusive to a certain store. I contacted Logitech and have gotten no answer from them at all to see if I could buy it separately. It seems silly to have to return a mouse to buy the same mouse for the same price just to get a small rubber wedge in the package.",3,1,neutral
en_0696116,"Great product. Great Price.

Plug and play installation. Comes with the required usb cord. Great sound and a great price. I needed a new mic for my podcast, and this fit in my budget. I was surprised at the sound quality. I would purchase this item again.",4,2,positive
en_0786361,"Never Received the Product

Very upset because I needed the kisses for my wedding favors and I received my Amazon shipment without the kisses in it. I will be reaching out to Amazon for a refund!!",1,0,negative
en_0890274,"Great replacement

Great replacement for the dual hard plastic rollers. These are smoother to roll around on and seem like they aren’t as hard on the flooring.",4,2,positive
en_0206708,"Exceeded Expectations!

This recycle sorter is much bigger (in a good way) than I thought it would be and I love it! It's sturdy, love the handles, and fits in the perfect spot underneath shelves in my kitchen. I love how it hides all our cans and bottles and taking it out to our recycle bin is so convenient. I couldn't be more pleased with my purchase!",5,2,positive
en_0136881,"Way too big.

I was not aware that I had ordered 38 # of litter! My Mistake but I need to return it for a smaller box. I can't even move this one! How do I do this? Please help.",1,0,negative
en_0861752,"Fast shipping on wrong product.

Wrong item sent. Received a pink dinosaur.",1,0,negative
en_0654604,"Works

The sides coming out of the ball dig into the corners of the mouth a bit making it uncomfortable after short use. Maybe attach it less tight.",3,1,neutral
en_0004508,"Wrong color

Ordered gray but received red...",2,0,negative
en_0182762,"Ok.

The metal clasps fell off first day :( otherwise I guess they will still work as rain boots ..",3,1,neutral
en_0317900,"Easy to use filters

These refills work just as well as the expensive ones do. Definitely recommend them.",5,2,positive
en_0980206,"Super quiet Not loud

It’s okay looking and if you want a really small and quiet speaker this is it for you. I bought it after reading the reviews about how loud it is, it’s not at all! I was disappointed to say the the least. If you want a small speaker for maybe a small child or someone who wants a really quiet personal speaker this would work. Oh and the video with the connection sound is literally louder than any music you will get from this device. If you want loud or something more than a whisper but something else! I bought my son an Amazon basic speaker that for a few dollars more blew this one to smithereens.",2,0,negative
en_0881715,"Bad smell!

This item STINKS! LITERALLY!!! It is made of some kind of synthetic/plastic and it has a horrible smell. I turned it inside out and washed it by hand in a tub of soapy water, and that helped some. But, it has a very weird, very strong odor and anything you put in the pouch will likely soon smell that way also. Otherwise it was really inexpensive, so, there it is. You get what you pay for. It is made alright and advertised appropriately.",3,1,neutral
en_0247201,"Runs small!

The shirt does run small. So I would order a size larger. The colors are actually darker then what it looks like it the pictures.",3,1,neutral
en_0726557,"Beautiful, but does not work correctly consistently

It's a beautiful piece, but when I used the coiled bulbs that are more energy efficient than traditional bulbs the lamp acted up and did not work very well. Even now it sometimes does not respond very well, as far as going through the 3 different lighting levels but not turning off which is my intent. It has done this several times, and when I just leave it for a bit, then it will just eventually flash and go out.... not exactly the functional quality i desire.",3,1,neutral
en_0390700,"Not comfortable

Not comfortable at all",1,0,negative
en_0531401,"very disappointed

Just received bags and the first few tosses the bags ripped and corn came out I'm sending back. very disappointed",2,0,negative
en_0975801,"Weird and strange

Reminded me of The Wicker Man and Get Out. I liked the first two thirds of the movie,but the last third was too weird. Didn't like the ending either.",3,1,neutral
en_0778386,"One Star

Failed after 2 months",1,0,negative
en_0437774,"Percect for Rubix cube timer

Works pretty good. Just a suggestion, use rechargeable batteries. Son loves it soo much I decided rechargeable batteries worked best.",4,2,positive
en_0331536,"Okay product.

Update: The product may not have met my expectations, but the customer service exceeded them. Bought this to hang photos on a wall in a straight line. Ended up being easier to eyeball it. Not helpful for what I was hoping to use it for.",3,1,neutral
en_0693459,"Five Stars

I'm very happy with product thank you",5,2,positive
en_0018171,"Beware

I ordered this months ago in case I ran out and when I opened this bottle, it was filled with soapy water, not shampoo. I'm not sure what these guys are doing but this is a huge rip-off. Beware of counterfeit/damaged product.",1,0,negative
en_0929860,"Five Stars

Arthritis Pain and very helpful on a daily basis. Ethel Carter",5,2,positive
en_0334978,"Leaking tops

My bottles leak. I've tried multiple sprayers and switched them from different bottles and they all leak standing upright. Not buying again. My product is being wasted.",3,1,neutral
en_0497539,"Three Stars

couldn't see much difference in magnification levels",3,1,neutral
en_0745519,"Size 12-14 fits just right an 11 year old

I bought this for a thin 11 year old. It's just right for him, and not sure it would be a good fit next year. Disappointed.",3,1,neutral
en_0001483,"Get what you pay for

Action was OK before filling with water and sinking. Tried another, same thing, same with the next one too. I just returned them after that. Frogs are supposed to float. These didn’t.",2,0,negative
en_0386737,"This hair is a great purchase!

This hair is very lightweight and soft. It is very easy to twist and separate if you start untwisting from one end then separate the other end while moving up to the middle of the hair. I used 2 packs and I have hair left. I will purchase again.",4,2,positive
en_0245302,"Decent

I believe it did work a little but the tablets are hard to intake.",4,2,positive
en_0426031,"Lightweight and Durable; not sturdy

Comes out of the clear bag it's wrapped in incredibly wrinkled. Figured it needed to sit out of the plastic bag for a couple of days to 'settle' and it's the same. Have had to flatten it myself by overloading with blankets to get the wrinkles out. It is cute, just a shame it's appearance is hindered by the wrinkles.",3,1,neutral
en_0905767,"Too small

The large was too small for my Boxer, so it doesn’t work correctly.",3,1,neutral
en_0343724,"Would not buy again

Only gave 2 stars because the seats are so deep my daughter mouth is sitting at the water line when I put her in it, the seats should not be so deep",2,0,negative
en_0798701,"works well

works well for a natural buff",4,2,positive
en_0036790,"American diet lacks magnesium and needs supplementation

I use to prevent nighttime nervous leg syndrome. Also prevents nighttime leg cramps. I take it for my heart as well",5,2,positive
en_0020178,"Good value for the price.

Package arrived with everything as described. Haven’t had a chance to seriously test the camera yet but the few shots taken so far have turned out nice. I zoomed in on a small bird from about 75 feet away and the details in the pic are crisp and clear. This camera is larger and heavier than my little Nikon so it will take some practice to get a steady shot. The tripod seems rather wobbly when set up so not sure yet how it will help with a steady shot. The camera fits in the bag just right however there is not much room anywhere for the extra batteries and filters. I wish the package came with an external battery charger. As it currently stands you can only charge one battery at a time while in the camera. I will likely be ordering a charger so the spent battery can be charging while I am using the spare.",4,2,positive
en_0695883,"Shipping Scam

Clicker is Fine but the seller did not ship priority when i paid $7 for priority I needed it for class days ago and got it almost a buisness week later. The package said they only paid 3.75 for shipping. Dont bother paying for quicker shipping this store will scam you for $3 more dollars.",2,0,negative
en_0351611,"It is just okay.

Not a lot of flavor. Consistency is fair. Tied off at both ends of each stick. I probably won't order again.",3,1,neutral
en_0720568,"better than I thought, but not good enough

I bought these for my dad because he's blasting the TV and rattling the plates. They absolutely provide a volume gain, but even with the several earpieces included, it's impossible to get a good fit. And when you don't have a good fit, there's feedback - lots of really loud feedback. If your ears happen to fit the earpieces, these are probably great, and worth the gamble. But don't be surprised if you end up giving them away.",3,1,neutral
en_0768521,"THE PLASTIC INVOLVED IS TOO COLD TO SIT ON

IT DOES NOT SUIT MY NEEDS-- THE ELEVATION WAS FINE, BUT THE PLASTIC SHOULD BE SOME KIND OF MATERIAL THAT DOESN'T SEND YOUR GLUTEUS MAXIMUS MUSCLE INTO A SPASM. CHANGE THE PLASTIC MATERIAL SO THE LARGEST MUSCLE IN YOUR BODY DOESN'T FREEZE",3,1,neutral
en_0787861,"Three Stars

It was an alright game. They are getting kind of repetitive now.",3,1,neutral
en_0195838,"Awesome must have product

I have a note 8 and on one charge of the battey pack I changed my phone 4 times. Great product",5,2,positive
en_0321233,"Great buy

Arrived in perfect shape and within weeks it has taken off! I highly reccomend and it came quickly",5,2,positive
en_0508651,"Three Stars

I thought the squares were larger than they were. But, found another place for them.",3,1,neutral
en_0058387,"9 quart not the two like says in description

Nice color just not as big so have to change recipe to fit. Says 2 qt but does not seem to be that big.",4,2,positive
en_0956142,"Three Stars

Does NOT FIT new Rtic tumbler",3,1,neutral
en_0018050,"It worked in a much reduced dose

I have only used it three days. First time I used the recommended dose and yes, my anxiety was gone but I felt extremely tired and sleepy. Second time I had 15 drops once a day, still I got so sleepy. Yesterday, I had 4 drops dissolved in water in the morning when my anxiety is at its worst and I felt the nice relief without the sleepiness and tiredness. 4 hours later I started to get anxious again, and I had 2 more drops in a glass of water as well. I normally don’t write reviews due to my anxiety, lol. But I’m feeling so calm now. And I haven’t felt this calm in years. So happy. I hope it keeps working for me. I know everyone is different, I pray it works for most people. Living with anxiety is no life. Good luck to all.",5,2,positive
en_0569539,"As a special needs parent, I always need to ...

As a special needs parent, I always need to stay abreast of special education law. This book helps me gather all of the information hat I need.",1,0,negative
en_0673343,"Three Stars

Waiting for my $15.00 credit for buying this Gift Card",3,1,neutral
en_0161406,"Pretty good for price

Not to bad! it’s very spacious and has a lot of pocket. However I don’t like how it opens all the way around and I wouldn’t over pack it to much because it’s not so durable. The price is right though lol",5,2,positive
en_0390689,"Cheap and not built well.

These are flimsy and not a heavy quality! We had to have someone put new brackets on them as they bent and fell off railing. We lost the plants! This is the look we wanted but not worth the money! They do not sit up right on the railing and bend to easily!",2,0,negative
en_0812116,"Wouldn't use over white milk paint

Pros: simple application. Buttery soft, matte finish. Cons: strong smell that lasted a few days. Wasn't actually ""clear"". Turned my clean white milk painted dresser into a dirty whitish color.",3,1,neutral
en_0509935,"Suddenly over

I enjoyed this book. It took a little time for me to get into the rhythm of her writing. I would have liked to know Lexi more. I’ll read the next one and hope it is more character intensive.",4,2,positive
en_0902005,"Ordered as an anniversary gift-arrived broken-now have nothing to give.

This review is based off of the delivery itself and nothing of the rod or reel, as I know nothing about fishing. I ordered as a gift to my husband for our anniversary. The rod was poorly wrapped with nothing placed as a precaution or protection during the shipping process. The rod arrived broken and now I have nothing to give to my husband on our anniversary tomorrow. Super bummed.",1,0,negative
en_0423199,"Power plug on the side

I should have checked the picture first. I didn't expect the power plug on the side. The place where I intend to place this device, the looks are going to be ugly. Since it was my mistake, Device went into recycle bin.",3,1,neutral
en_0224451,"Way too narrow

Buckle is way too narrow for most motorcycle helmets. It would be perfect if it were to fit most helmet straps.",1,0,negative
en_0642275,"Issues

The end popped off this hose. I’ve never had that happen before. Screwed an adjustable head on and when I turned on the water, pop goes the brass head. Could be a fun game to scare the crap out of someone, which is why I gave it three stars, otherwise would’ve given this a one star.",3,1,neutral
en_0622123,"Loved it!

I ordered this for my husband and he loved it! Very sturdy and perfect.",5,2,positive
en_0219731,"Poor quality

The “silver” on this bracelet flaked off a couple weeks after buying.",2,0,negative
en_0244973,"Adorable!

Very neat for my First Graders but a little hard to use. They don't mind because this stuff is so popular right now. I use it in my spelling center so they can practice using their spelling words and they have had a blast. Gave 4 stars due to a few spots that have a flaw and it's a little hard to flip on one part of it, where the flaws are, but they love it anyway.",4,2,positive
en_0253428,"Washes great

This works great, but the little arms and legs become detached easily.",4,2,positive
en_0272051,"Hard to use, extremely bulky

I found this carrier to be very bulky and wife. My baby was uncomfortable and legs were very widely spread. It was near impossible to use and took a team to get it on and off and baby in and out. I returned it immediately. I’ve heard many moms say they love this one but it was not for us",1,0,negative
en_0883103,"i like this book

I am a busy mom and I realized that I no longer monitor on what my children are eating. I bought a book that would help me in preparing nutritious food for my family and I can that it is very suitable for anyone! I learned from Tyler Smith to budget and cut off my grocery list. I'm thankful because I'm using crock pot most of the time so it will do the cooking work! i like this book !",5,2,positive
en_0229600,"Beautiful book!

Not made for coloring with pencils",1,0,negative
en_0554505,"Great sound!

Love the sub! It’s incredibly amazing for how small it is. I installed it in my single cab truck and it fit nicely in the back seat and sound quality great",5,2,positive
en_0755021,"Look fake but fit good.

Very clearly a knock off. Fits good and don't feel too bad. I use them when working on stuff and don't want to ruin my nice shoes. I wouldn't wear them out in public due to how clearly fake they are.",3,1,neutral
en_0573472,"Good travel organization

Great product. A little bulky but for those who MUST be organized while traveling this is perfect. Not lightweight but trades some weight for ruggedness.",4,2,positive
en_0464200,"Comfortable knee pads

I use them for dirt biking. Comfortable easy to adjust",5,2,positive
en_0592536,"100% cotton made in honduras

seems nice fit as advertised. havent washed it yet. will update after wash. im not a big fan of tags and this shirt had a lame tag placement at the rear back of the shirt which was held on by a single easily removed thread.",3,1,neutral
en_0602334,"1 for 2 it's just of.

The left ear bud died after the fifth day. But the right is going strong.",1,0,negative
en_0885558,"does not stay together

These are fine for a photoshoot but definitely can't be worn even for a party. The wax molding doesn't even stick to the grillz",1,0,negative
en_0961945,"Too small

Soft but way too small, order a size up. Came in unprofessional packaging with no tag.",2,0,negative
en_0724546,"Gets the job done

Good fans, but alot louder than expected and uses alot more electricity than anticipated. I purchased 3 last summer & use them on a daily bases throughout the summer and very frequently during the Spring & Fall. My recommendation is if you need a fan in this price range go for it but if you can afford to spend just a little more find one that has an energy star rating and a lower sound decibel",3,1,neutral
en_0363384,"the size is great, but as you pay more attention to the ...

it's just average. the size is great, but as you pay more attention to the quality it's really just average. the ergo handle didn't match up to the release button where your thumb should be. too bad because the built is actually pretty sturdy and i would use it during the rainy days, but just knowing that things don't match up exactly like it should with any other umbrella, is very disappointing.",3,1,neutral
en_0820135,"No cords to link them together

Just arrived. Lights seem alright and quite bright. 3 stars because the cords for hooking the lights up in a series are not included. The way it is written up I was definitely expecting the cords to come with the lights. So now I need to find the right cords.",3,1,neutral
en_0693026,"works well!

This bey comes in three parts (top, center, and bottom) and is meant to explode (hence beyblade BURST). Good quality, and comes with a string launcher (launcher with retractable string pull). This beyblade ONLY WORKS with included launcher or any other LEFT spinning launchers (but be careful not to over pull the string, it WILL break! It can be repaired with a phillips head screwdriver, so dont worry if it does). It is the ONLY left spinning beyblade released atm which is good for competitions. It is meant to steal the opponents spin. Stickers are included to apply yourself. This bey looks incredible, but takes a while to get used to.",5,2,positive
en_0891040,"Works but I didn't realize you could not adjust how fine...

I've noticed several different brands that have the same style as this and with the price point and reviews, I decided to purchase the cheaper one...This one does not let you adjust how fine you want to grind the pepper/salt. When I grind the pepper especially it comes out in big chunks and if you have little kids they do not like big chunks of pepper in their food...at least mine don't. Does the job but if I could go back I would have looked into getting one that lets you grind the pepper a little more finer.",2,0,negative
en_0451558,"The best thing about these earbuds are the fact that they ...

The best thing about these earbuds are the fact that they are magnetic, other than that they are awful. Sound, fit everything.",2,0,negative
en_0987085,"Convenient replacements to keep using glass Pyrex bowls

Not as thick as the originals, last a few years in light use. But beats buying new bowls",3,1,neutral
en_0116673,"Bizarre taste

Product as described but the taste is rather disgusting. It is a cross between a mineral citrus trying to be disguised with a sweetness. The taste will stay with you for awhile. You will need a chaser. I will finish the bottle but won’t buy again. I am not sure of the absorbency.",3,1,neutral
en_0116413,"Arrives Broken Every Time

I've ordered this product several times and more often than not, it arrives crushed into a powder. Has been broken the last three times I ordered it and it's not worth the hassle or money to bother returning it. I will not be buying this again.",1,0,negative
en_0860767,"Easy assembly

I paid for NEW but came with big white scratch across top and two stain on cushions. Was very easy put together. Is comfy but stiff. Great for relaxing but If plan on sleeping on it would invest in extra cushion.",3,1,neutral
en_0702556,"Product is ok.

We like this product. It's a bit bulky though",3,1,neutral
en_0850885,"Sheets cut funny.

The sheets feel nice but move on the bed. The corners are the only part that tucks. The rest of the sheet is cut to set on the top of ther mattress which allows it to move. Would not have purchased if I knew they were cut like this. Not returning them tho.",3,1,neutral
en_0049101,"This is the 3rd time I've order this in two ...

This is the 3rd time I've order this in two weeks. All 3 times they have sent steel bed rail brackets . The package has a label for the brackets but another label for the picture hooks pasted over it. The seller should get wise and contact Amazon or he will lose a lot of business. Also, it costs someone the return postage every time. I may have to order 50 or more of these before they wake up. I have told them twice already.",1,0,negative
en_0276376,"I liked the look of these boots and they turned out ...

I liked the look of these boots and they turned out to be pretty soft and warm, but they don’t fit my wide feet and they hurt. I decided to try and break them in but to no avail. Don’t buy these if you have wide feet.",3,1,neutral
en_0866489,"Died after 2 months of use?!?!

Headphones died after only 2 months of very limited use by my daughter. Don’t buy!",1,0,negative
en_0721026,"My son love's this..

This encourages my son to brush his teeth when I tell him to. He reminds me every time we are running low.",5,2,positive
en_0871455,"Way Too Bright At Dimmest Setting

Way too bright, even at it's dimmest setting. (At least the green version.) Has multiple similar size buttons at the top and multiple different indicator LEDs on the display, making it pointlessly complicated to make sure you've set it and turned it off correctly.",2,0,negative
en_0960066,"Great but stopped recharging

We really loved this little guy but after a couple of months it no longer charges. I tested the cord and it gets power so it must be the unit itself, which is a shame because its rechargeable and the battery is not replaceable so now we have to replace it.",2,0,negative
en_0221144,"Alarm Clock

This clock is not durable- it is like a toy & it is not user easy- I do not understand what it is doing- setting it was like a guessing game.",1,0,negative
en_0899773,"Lightweight, very soft, beautiful

Just what I needed! Lightweight, very soft, washed up beautifully. Very satisfied!",5,2,positive
en_0906397,"It was a good depiction of how she weathered the stock market crash ...

I thought it was rather slow moving. Her character was well depicted but sometimes I got lost with all the husbands and step children. It was a good depiction of how she weathered the stock market crash and her generosity to those step children upon her death.",3,1,neutral
en_0199419,"Waste of time and money

Remote stopped working one month after purchase",1,0,negative
en_0803340,"Smells awful!

It works good. Not viscous or sticky. Breaks up the grime and leaves a nice lubricated surface. Does it work better than other less expensive clp products? My opinion is no. My criticism is the smell. It’s strong and bad. My wife walked past the room I was using it in and said. “ Oh no! What ever that is, you cannot use it in the house again! It smells like vomit!” The scent is so powerful the entire main floor of the house smelled like vomit. The following week I shot 300 rounds through my pistol and when I broke it down to clean I could still smell it! I will not use again.",2,0,negative
en_0052810,"Beautiful but sizing seems to be off

This jacket is very pretty and well made. The sleeve, shoulder and jacket length were perfect but the sleeve width was pretty snug and the front didn't come anywhere close to touching in the chest. I gave it three stars partly because the fit ran small from my normal size (also my measurements matched the size chart for the size I bought) but mostly my rating is because the side slit pockets fell behind my hips rendering them useless. They were very noticeable as the lining showed each time I bent, turned or sat.",3,1,neutral
en_0499380,"Keeps the food pretty warm

Perfect size to put in my daughters lunch bag",4,2,positive
en_0440792,"Check your printer firmware

It's hard for me to review this product. HP updated the firmware in my printer (a feature I've since deactivated) and so the toner didn't work (if the microchip on the cartridge doesn't match what the firmware wants, the printer won't recognize the cartridge). The company was extremely helpful when I notified them of the problem and they'll be contacting me when they have cartridges released compatible with the updated firmware. So 3 stars for excellent customer responsiveness and anything more will have to wait until I have updated cartridges.",3,1,neutral
en_0770830,"Some tweaking will help parents

I don’t know what it tastes like but baby doesn’t mind taking it, so I suppose it’s ok. I prefer the dispenser that has the long dropper that can be put in baby’s mouth rather than this type of dropper. I find that the only way to use this one is to place a drop into something the baby is going to eat/drink since you cannot effectively dispense the amount indicated if dropper is in baby’s mouth. And if it’s not in baby’s mouth, product ends up in the drool that is forever coming since baby is teething. Very inconvenient for a 6 m/o.",3,1,neutral
en_0729288,"My experience

Terrible product. It only worked for a month. Worst dog fountain I’ve ever purchased. **UPDATE** The company contacted me and sent me a new item with no charge. It has been working fine. I have been using it for like a week. I have to mention that the customer service is really quick and attentive, I like that very much of a product.",3,1,neutral
en_0286062,"This is one of my favorite dresses!

This is one of my favorite dresses!!! The material isn't too thick or too thin, the skirt comes below my knees, so it's appropriate for work, and it has pockets, which is probably the best part. It's very comfy, and the cut is flattering.",5,2,positive
en_0683955,"It's ok

It's very cute and will get the job done, however in the picture it looks like it will cross over in the front but it's not big enough for that. You can only wear it as a ""sash"".",3,1,neutral
en_0738461,"TERRIBLE.

The pads that were described were NOT the ones that arrived. When wearing a neck brace for spine surgery, you cannot mess around with incorrect products. The pads were not even the ones that were pictured on the package insert. Now I have to have someone drive more than an hour to a medical supply store to get the correct pads before I can get out of bed. TERRIBLE.",1,0,negative
en_0299375,"Cheaply made

There is hardly any padding in the bottom and they are already tearing apart on the soles and they are not that old. I never wear them outside so would not buy again",1,0,negative
en_0874576,"Should’ve listened to the negative reviews.

Worked well for about 3 weeks. On/off switch (not a button) malfunctioned. Device refused to pair or turn off. All I heard was a buzzing sound. I called amazon, as they offered “free” support. The “free” support included then asking me to unplug it, plug it elsewhere and when that didn’t work, they asked me to call or email the seller. Seller never responded. Device isn’t worth the money. Don’t get the one with the speaker.",2,0,negative
en_0011640,"Arrived safely and very quickly

Great, slightly too warm in color but a great alternative to the very stark white lights we had before. Arrived safely and very quickly",5,2,positive
en_0340426,"Don't waste your change on this

Crap. Doesn't work upon first use. Sending back.",1,0,negative
en_0125624,"Very comfortable and cute

this is a very cute shoe, goes with everything and has great support. I normally wear a size 9 and this was a perfect fit, just as expected.",5,2,positive
en_0270657,"Underwhelmed

Seems like a good solid case. However, after about four months, the outer hard outer layer of the case broke. I never dropped the phone, so perhaps it cracked in my pocket, but one night I picked the phone up from the table, and the bottom quarter of the outer layer just fell off in my hand. Also, the adhesive plastic screen protector is a nightmare. Initially it went on smoothly enough. But it began to bubble in short order, making the screen hard to read and the touch not so functional. My son thinks this is counterfeit.",3,1,neutral
en_0973834,"Strong back massager

This back massager is great very strong vibrations take away back pains.",4,2,positive
en_0115317,"Good read

I chose this rating because of the ending I thought the book was very good and hard to put down. The twists and turns were unexpected. The reader could not anticipate the truth of the story. Hope there is a sequel.",4,2,positive
en_0737522,"This is honestly really cheaply built

Its not bad. In fact the glass looks pretty good under the tv. It's just so cheaply built. The main tube has a 3 bolt holes in the bottom that were welded in slightly crooked, which was a HUGE paint to line the bolts up so they didn't strip. I honestly almost had to return it when they wouldn't go in. The back metal piece that allows the unit to swivel is literally metal on metal. It has you put a sticker??? in between the the pieces of metal, which i still cant believe is their solution, and these stickers were pushed out of the way because the bracket spacing wasn't great and barely fit without the stickers even being there. Its not terrible, but I would research and see if you can find a better one before coming back to this one.",3,1,neutral
en_0904591,"Really!!!

Every time she did magic she had to have sex?!? EVERY TIME!!!! The story was cute enough, but the sex part added nothing to the story.",2,0,negative
en_0253663,"Good bulb replacement

Worked ok but replaced light with LED unit",4,2,positive
en_0259299,"Its stupid

When child pours water it falls over and dolphin mouth does not open. Waste of money",1,0,negative
en_0797056,"Episode ends early and before the lip sync.

Ru Paul’s stage race all stars season 3 episode 6 ends early. The reviews online all talk about the elimination but the episode here stops just short of the lip sync elimination. Normally I would assume this was on purpose but literally everyone that watched the episode live keeps talking to me about the elimination as well as reviews online are ranting about it. Please fix this.",5,2,positive
en_0838005,"This wasn't what I'd expected.

I can usually guess what's going to happen but in the case with this book I was totally taken by surprise again and again. I really loved the book and would definitely recommend it. I thought it a little slow at first but after that the story picks up and it more than makes up for it. If you like Ghost stories, this one will keep you guessing.",3,1,neutral
en_0621650,"Socks won't stay put!

These socks are really beautiful and feel nice because they are 100% cotton and have a non-binding top. HOWEVER it is precisely that comfortable feature of looseness that makes the socks pretty useless, as they won't stay put.",2,0,negative
en_0251518,"Pens

Pens leak somewhat at the tip but the make up of the pens is pretty good",3,1,neutral
en_0996604,"I am not happy with the smell of this Lemongrass Oil

I am not happy with the smell of this Lemongrass Oil. It has a sour, spoiled aroma. Perhaps I got a bad bottle. The packaging and bottle are both fine, it's the oil itself which is a bit rancid smelling. Sadly, I tossed the packaging so cannot return it.",2,0,negative
en_0592570,"Too wide

It was too wide to fit in my belt loops. I found way cheaper products that work better and do basically the same thing.",2,0,negative
en_0980303,"Not great, too big

Love it but I went by the size chart and it was too large on both the waist and the shoulders. The straps were falling off. Also it was too poofy.",3,1,neutral
en_0971387,"their o; k; not as big as I ...

their o;k; not as big as I was hoping for. but they were cheap, so you get what you pay for.",3,1,neutral
en_0895897,"Crap

Hard for toddlers to use",2,0,negative
en_0349094,"Easier to exchange faulty things from a store 😕

I love Timberland Pro! First time buying off Amazon and the right foot sole began squeaking internally with every step after about 8 weeks. It’s too costly to ship them back to Timberland for non guaranteed analysis so I’m stuck.",3,1,neutral
en_0115127,"No seal on bottle! Buy at your own risk.

Not sealed what so ever.. No seal under cap either. Bottle is warped.. Also looks like product is missing from bottle. I'm kinda scared to use it.",1,0,negative
en_0388388,"Holes after one wear. Utter trash -- do NOT buy.

Literally after one wear and wash, there are holes in these. For context, I wore them with newish shoes, walked maybe a mile total that day, and certainly didn't sweat a lot. FWIW, they were comfortable when I wore them, at least.",1,0,negative
en_0644643,"Almost perfect pretty pen

Almost perfect. I find when I write, the pen will turn so the ink thingy goes in and disappears. I have to constantly twist it to make it stay. Also, the ink does that thing where it bunches up at the tip as you write so you occasionally have that ink blob in some of your letters. Other than that these are super great pens. I like the weight. They are easy to keep track of. I know instantly if one has been stolen from my desk and where it went (Greg!).",4,2,positive
en_0406984,"Entertaining but a little basic.

It was a good entertaining read, but it fell a little short in originality. None of the relationships were really special, or unique, or even interesting most of the time. The 2 old lady best friends were the best part, hands down. I would read more books by this author, though, if I was looking for a good quick, fun book.",3,1,neutral
en_0825919,"Hard to hold onto

I use this with my Lenovo Yoga 730. I am a little disappointed because it is very hard to hold onto. It's heavy. It's slides through my hand and the placement of the buttons has me constantly pushing them while writing and trying to hold onto the pen. I tried to put a grip on the pen but that holds the buttons down, so that's not an option. I also don't like that it doesn't flow across the screen with ease when writing. I wish they could've put some more thought into the tip material they decided on so it would be more like writing on paper and not sticky. I just don't think it was quite time to release it.",3,1,neutral
en_0280896,"Snake oil. After one month daily use, there ...

Snake oil. After one month daily use, there is no different on my 2 cat teeth.",2,0,negative
en_0004483,"One Star

I really do not know how this product works",1,0,negative
en_0418359,"Two Stars

I was trying to straighten my lashes. No luck. It may curl lashes but wont straighten.",2,0,negative
en_0891409,"Boxs arrived damaged - manufacturer needs to wrap each box independently

Ordered three boxes of biscotti to give as gifts. Unfortunately, the boxes are all damaged so we are going to throw the top of the box away then place the elastic brown bow over the cellophane covered biscotti. Disappointing and not a great solution. Each box should have been wrapped separately to protect the box since the finish on the box is textured and fragile. Gave product 2 stars because the biscotti itself looks great; presentation awful.",2,0,negative
en_0426670,"Keeps falling off

Maybe I have very thick hair, but it falls off and it does not dry my hair at all. It's not worth it.",1,0,negative
en_0435048,"This is a great movie. I am having trouble viewing it

This is a great movie. I am having trouble viewing it. It freezes in certain areas. There's nothing wrong with my DVD player. What can I do??",2,0,negative
en_0350426,"Very lightweight, short cord, but it works great.

Would give it 5 stars except the cord is really short, and the product is so lightweight that it tips easily, such as when you are pushing the lever down. I do like the lovely red color of this item, and the nice, wide slots. It toasts nicely, and it has several shade selections, and love that it has a lever to help push the bread high enough that you can get it out without burning fingers on the toaster. Good enough product for the price. Mine does get very light use, so can't really tell you about the longevity of the product.",4,2,positive
en_0747757,"Small

It’s ok is tooooooo Small I did not like it I got Infection",1,0,negative
en_0761909,"Double check the clearance in between the door and the frame

They were a little thick and kept my bathroom door from closing. But I decided to put them on a closet door and it works fine.",4,2,positive
en_0288322,"Works as expected

Works as expected, not as heavy as advertised.",3,1,neutral
en_0455524,"Don't like the cable

Quite rigid cable. Don't like the cable. But it works without issues.",3,1,neutral
en_0819924,"Light weight and they look nice

They don't really help with the glare at night on rainy days as much as I would like. But it just could be I am getting old.",3,1,neutral
en_0203114,"Miss

I wish I could give 5 stars. As far as the glasses go, I absolutely love them. But three glasses arrived completely shattered",3,1,neutral
en_0526746,"looks just like the picture provided

Fits well, looks just like the picture provided. Not very warm though - the fabrics used are pretty mediocre and this has two negative side effects: 1) It makes it so that the jacket is not very well insulated. For example, the pockets are made with a thin nylon fabric, so if you are outside and have your hands in your pockets, they will get cold very fast. 2) The jacket feels ""cheap"" because of the fabric, even though it looks great.",3,1,neutral
en_0903604,"So Beautiful

A gift for my Oklahoma Star. She absolutely loved it",5,2,positive
en_0399678,"Disappointing!

Used (or tried to use) this through 3 tubes of toothpaste. Could never get consistent with having appropriate amounts of toothpaste on the brush, and always had a mess on the inside of the dispenser. I gave up and took it off the wall as carefully as I could, and it took large amounts of paint with it. If it didn't work for an adult, I certainly would not recommend it for children.",2,0,negative
en_0750134,"The band itself is comfortable but I'll be returning this and finding a better ...

Managed to get one band to clip into place but couldn't for the life of me get the other one into place. Made the watch pop off if I flexed my wrist. The band itself is comfortable but I'll be returning this and finding a better one.",2,0,negative
en_0284281,"Just okay!

I bought this because I loved the pleated detail on this. I initially loved it until I washed it before putting on my bed and realized how easily those pleats can be undone due to being loosely sewn together. It 's somewhat lightweight, but I find myself sweating a lot using this comforter. Overall it's not bad, but just not made of the best quality.",3,1,neutral
en_0078816,"Fantastic

Fantastic! Easy to use. I cooked the green beans. They got fully cooked so quickly!",5,2,positive
en_0685887,"they are comfortable shoes.

The Morning Dove Toms fit well, but the fabric of them is a bit rougher and more casual than I expected so it is hard to find things to wear them with. They have a very beach-like feel. Nonetheless, they are comfortable shoes.",3,1,neutral
en_0335564,"Four Stars

Works perfect! I only wish that it came with a cover",4,2,positive
en_0831895,"GET SOMETHING ELSE

They don't come with instructions so I had to take it to a cigar shop to be shown how to use......and they don't get the job done. I'm drying Boveda packs.",2,0,negative
en_0145815,"In a good way.

Fit as expected. Unexpectedly heavy. In a good way.",4,2,positive
en_0121887,"Awesome dematting brush

It’s a great product. My pup actually enjoys me brushing him.",5,2,positive
en_0532519,"Big??? Cheaper more comfortable and their big NOT THESE

Large but tightly made, feels small in shower, too small, too tight to add soap and clean with...put the rest away.. never to be used again.",1,0,negative
en_0296053,"Definitely recommend, fit exactly as expected!

Clarks are a great brand and these sandals are exactly as described, love them!",5,2,positive
en_0958955,"The best volleyball

My daughter plays travel volleyball, so we’ve been thru tons of balls. This one is hands down the best and the only one we’ll buy from now on.",5,2,positive
en_0317519,"Three Stars

Don't fit my big nostrils and very uncomfortable",3,1,neutral
en_0287945,"These glasses are sturdy and look good

I am a repeat customer. The glasses are sturdy, work great, and look good. Great value for the price!",5,2,positive
en_0525481,"Not what I thought.

I exercise 2 hours a day: 1 hour of jogging or walking and 1 hour in the gym. I own different types of slimming belts to help me sweat even if I used it for only 1 hour, I sweat. But this shaper did not let me sweat at all for one hour of lifting weights at the gym. I usually sweat profusely but this did not give me any as far as I can see. Very disappointed and it fits loose on the back for a small shaper. I will keep it though for jogging in the summer when I want to have loose fitting shaper. I wish they made extra small size for someone like me. I've never been disappointed in slimming products except for this one. However, it is comfortable if you don't want anything that is tight and it is a nice thin material. It also gives me a little bit of breast lift. So I concluded that I will use adjustable material for my waist so that it will fit right. This shirt is not adjustable.",3,1,neutral
en_0587868,"How to turn it ON

Yes there are no instructions in the package so I gave them 3 stars. The instructions in the description are very vague. So if you hold the upper part with one hand and a lower part with the other hand and pull it'll come on. As stated in one of the reviews it's all about knowing how to turn it on!!! Otherwise just looking at it it's very confusing. I thought the batteries were bad and took it apart. Because I gave it away as a gift my friend didn't know how to use it. Needs to have better instructions on how to TURN IT ON!!",3,1,neutral
en_0252434,"2 Mos Use Maximum

The tire developed a crack after only 2 months of relatively light use.",1,0,negative
en_0744518,"It was broken when I received it

A piece of the side paneling was broken off when I received this item in the mail. I had wood glue, so it wasn't hard to fix, and I didn't want to wait for the item to have to be returned and then reshipped. But I would not buy it again, even though it is a beautiful item with good storage.",3,1,neutral
en_0772004,"Two Stars

The clothing is stitched poorly and the material started to unravel. My rating is generous one.",2,0,negative
en_0992670,"Disappointed

Packaging is not the best! Letters are bent! Wouldn't reorder items from same business!",1,0,negative
en_0763516,"Poor Quality

Poor quality, I will be returning this case",2,0,negative
en_0463013,"Do not recommend this brand

I bought this swaddle and found out there are lots of loose threads that I have to trim it off myself and its not as soft compare to the other brand that I bought online. Better choose another brand and paying at this cost there are lots of other choices.",3,1,neutral
en_0849534,"Looks nothing like the picture

Looks nothing like the picture. The strap doesn’t even fit through the loop, has a weird spot on it and an odd smell.",1,0,negative
en_0025909,"Leaky toilet!

I had liked the while idea as an over the road truck driver that in case of emergencies I can use it. But first initial use of filling up the holding tank, it would leak where the flushing pump is. Complete pissed me off! So, I am trying to fix it myself. That putty that they use doesn't make a complete seal to keep water in. I removed the putty the best that I could and put clear silicone in place if it. Now I will find out if it does not leak.",2,0,negative
en_0610256,"I taught it was the Do si dos last year ...

I taught it was the Do si dos last year. It is current cookies sold this year. I could have purchased from a Girl Scout cheaper",1,0,negative
en_0828897,"Three Stars

They are way too long.",3,1,neutral
en_0037199,"its okay

pretty cute dress, not as expected. Just okay",3,1,neutral
en_0029289,"All supplied attachments did not work

The beard shaver itself worked great with the three beard length trimmers. I had to re-turn this shaver because the left four fitting options would not connect to the main shaver. I tried contacting the manufacturer thru Amazon, no response!",2,0,negative
en_0606526,"Otter Box owners be aware.

Disappointed that they would not fit my phone unless I took it out of the OtterBox case. Love the 90 degree idea, the end just needs to be longer.",1,0,negative
en_0183829,"Doesn’t work

Worst ever! Weeds keep coming back my other products worked within 1 hour",1,0,negative
en_0297874,"Foam quality

Nice, made of some type of memory foam. i thought it would be better quality, but it still does its job and fits my 13 inch laptop nicely.",4,2,positive
en_0226553,"Broken

I loved this product so much but so disappointed that it stoped working after exactly one month. I liked it so much that I bought a couple of these as a gift. I hope that the seller is honest and contacts me.",1,0,negative
en_0250748,"I recommend this to a friend.

I really like this cable. Worked perfectly on my car. This is what i was looking for it.",5,2,positive
en_0294071,"Works well, but you'll need to stabilize the bottom

It keeps my leash chewing dog in the back seat. I had to add an extra bungee cord in the middle bottom to stablize it. Otherwise it is only attached to headrests and the dog would be able to squeeze underneath the middle by pulling it back. I put it around the center console and it works perfectly.",4,2,positive
en_0502771,"Lot of premarital sex.

Skipped lot of pages due to the per-marital sex. Violence. Some parts of the story were good stories.",2,0,negative
en_0098041,"Awesome product

Awesome product that the kids loved to use. I got this as a gift for a 10-year-old. He is ecstatic with it. Easy to operate and came with great instructions.",5,2,positive
en_0512925,"Excellent sound quality

Changer works well, smooth and quiet. Sound quality excellent, better than Sony 10 CD changer I replaced. Could use random play button on front console instead of only on remote.",4,2,positive
en_0571314,"It works!

I had a lot of blackheads on my nose. I have used it for 4 days and the blackheads are almost gone. This is a big surprise.",5,2,positive
en_0861563,"Nice thing to share

Love this. Cheap and a lot of it. Good thing to share, good karma",5,2,positive
en_0503284,"Great bike, but a few of the accessories arrived ...

Great bike, but a few of the accessories arrived broken. Item too bulky to ship back. Needs new reflectors and seat (small tear). Only 2 weeks old",3,1,neutral
en_0655075,"Battery use

We loved them, but the batteries only lasted about a week and then needed replaced. With over 10 of these, it was going to be expensive replacing the batteries each week or two.",3,1,neutral
en_0693807,"Love This Backpack

I recently used my backpack on vacation and I have to say that this bag is well made and holds a lot. It held as much as a piece of carry on luggage and still had room. I highly recommend this bag!",5,2,positive
en_0642934,"DIFFERANT THAN THE PHOTO

I WAS SENT A STAINLESS ONE INSTEAD OF BLACK",1,0,negative
en_0305256,"I thought it would be bigger.

Make sure you check the size. It’s smaller than I imagined. But overall, not bad.",3,1,neutral
en_0631754,"Perfect

LED bulbs are awesome. We will start to replace all our bulbs with these when they go out.",5,2,positive
en_0984833,"Good product

I like how this adapter makes it so easy to install scope rings. I only gave it 4 stars because the teeth on the adapter are not sharp and long enough to get into the dovetail. Just barely grabs on. Mine are mounted on an air gun but a firearm with heavy recoil may loose the scope.",4,2,positive
en_0047388,"Prefer to have a zippered top

Good storage and pretty simple assembly. What I don’t like is the top just fits on with nothing to really secure it. I ordered another one that has a zipper top and much prefer that one.",4,2,positive
en_0597074,"Five Stars

Great tool for children.",5,2,positive
en_0612730,"Excellent screen protector if applied correctly. See tips below!

Excellent product if used correctly. 4 stars because it doesn't quite line up with the case I have, but others have had issues with this on multiple cases on this phone. There are options available that work better with screen protectors. A tip for applying correctly - when you put the screen protector in soapy water, scoop out all the bubbles first. Also be sure to slowly place it on your screen to let all of the small bubbles move to the edges, and then hold the phone upright once the protector is positioned exactly where you want it. . Finally, try using the provided microfiber cloth between a credit card to GENTLY smooth the remaining water and bubbles out from the center of the screen to the edges. I like doing this somewhere with excellent lighting so you can see what you are doing. The protector gives a glossy finish and has no negative affect on my usage in any way. I have been using RinoGear protectors for a few years now and only seem to be disappointed when I use other brands.",4,2,positive
en_0276422,"Ok movie

The story was pretty weak but the action was good.",2,0,negative
en_0972300,"My favorite travel crate

I have a 3 year old border collie heeler mix that weighs about 50lbs and he fits just fine in this. He has a dog bed and mainly lays down when we travel there is enough room in this for him to move around in. I like that it folds down. Its been in the rain and I haven't had any problems with this at all.",5,2,positive
en_0028086,"some 1/8"" bits which are absolutely useless for me

I pay for this set, but got absolutely different bits, some 1/8"" bits which are absolutely useless for me. I have a pictures to proof this, if needed. Do not recumbent this seller !!!",1,0,negative
en_0004994,"Really...

Box came upside down and leaking. 2 bottles are punctured. Left by my garage door. Wonderful.",3,1,neutral
en_0724644,"Cute shirt

Shirt fit my granddaughter perfectly through the torso, but a could be a little longer in arms.",4,2,positive
en_0594632,"Very nice but a bit longer than expected.

They seem very nice, feel good on the foot, won't likely slip down at all in the back. They're supposed to fit size 7 but they're a bit bigger, by about an inch, so hopefully they'll shrink after washed/dried. Even if they don't shrink much they'll be okay.",4,2,positive
en_0942900,"Too thin

I created two bookmarks using clear resin, glow in the dark pigmentation, and/or sparkles & shiny flakes. The small one came out alright, but the large one seems thinner to the point where the hole on top casts an actual hole.",3,1,neutral
en_0447632,"It smells different and after using for a few weeks my hair is like straw. I feel like I received Pantene in ...

I’ve been using this product for a while now and what I received doesn’t seem to be authentic. It smells different and after using for a few weeks my hair is like straw. I feel like I received Pantene in a Kerastase bottle.",1,0,negative
en_0831962,"It looks like scratches or artifact during manufacturing

I received this pan 2 days ago. There are black areas along the bottom rims inside the pot. It looks like scratches or artifact during manufacturing. The black areas even peel off when washing. I think this will be health hazard for cooking. I can't use the pan, it is so disappointing.",1,0,negative
en_0250952,"I do like this product

I do like this product, but I thought the brush included would be easy to use for eyebrows, but it won't fit in the opening of the container, so therefore is misleading to send along with this product.",4,2,positive
en_0604151,"Confusing sizing.

The size chart is way off. Not sure if anyone is monitoring the 'Size Chart' link vs. the sizes offered for selection. I selected an XXL because the size chart says an XL is a US size 8. I needed a US size 10 or 12. Well, the shirt is exactly what you would expect a typical XXL might be. It's very confusing as I've ordered some of these Chinese made shirts before. Sizing is all over the map -- sometimes they follow the size chart and sometimes they are the actual letter size. Makes it very difficult to guess which one it might be. Wanted a few new tops for my niece and of the 6 Chinese-made tops I ordered, only one fit. It's a waste of time to wait for them and then to have to send them back due to this type of error.",2,0,negative
en_0374641,"Perfect!

This was a gift for my daughter. She loves them. Meets her needs and saves money making and storing baby food rather than buy. Allows a wider variety of food for baby as well. She prefers glass over plastic containers and these are are a nice heavy weight glass with well fitted lids. It’s handy to freeze baby food and microwave when needed. The jars are marked in ounces - handy. And dishwasher safe - again handy.",5,2,positive
en_0335206,"The flat iron plates do not clamp down all the way.

Although this appears to be a nice iron, I'm unable to give a review on how well it actually works because the flat iron plates will not clamp all the way down together on my hair. Disappointed. Will be returning it. See attached photo.",3,1,neutral
en_0211081,"Two Stars

after one wear i would just fall out of the bra.",2,0,negative
en_0653660,"Way too small and not well made. The bow ...

Way too small and not well made. The bow fell right off. I usually wear a two sizes smaller than I ordered and this didn't fit.",2,0,negative
en_0512907,"Do not sterilize in microwave....

Ok, so these lasted 1 day and 0 uses.... My husband put them in the microwave sterilizer..... :O Obviously... They melted being that they have metal in them .. Do not stick them in the microwave sterilizer....... Lack of sleep..... Has you doing dumb stuff! We ordered another set and they are working aok!",4,2,positive
en_0966498,"Poor quality

Took this purse out of its packaging and got it ready to use. Less than a week later... one strap is dangling. Quality isn’t great.",1,0,negative
en_0420475,"Covered in ants!

When i received in the mail the entire box was full of ants. About a quarter of the ladybugs were alive. I was not happy with the tons of ants but they may have got in through the holes on the way to me.",3,1,neutral
en_0782369,"i love the bottoms but not the top so much

The set comes in a bag with the shirt on top and that scared me a little seeing that i purchased this product for the pants. but when I opened the item up, the pants was located behind the shirt. i love the bottoms but not the top so much. I decided to let my guy wear the pants and I would wear the shirt.",4,2,positive
en_0428994,"Didn’t work for me :-(

The product came in a closed package well wrapped. I have one of these on bedroom tv (Hisense) and it works perfect. My office t. (Toshiba) is a different story. The USB port does not deliver enough power to replace the factory cord. Hope that it works for you because it’s a great idea.",3,1,neutral
en_0194721,"Like it

The smell is strong but it is Natural oil, i feel my nail better each day, like this product!!",4,2,positive
en_0917119,"Picture printing

Color didn’t last and pics were very light",1,0,negative
en_0691384,"Pretty classic dungeon crawler

This is a fun and often humorous dungeon crawl like RPG. It unfolds gradually increasing complexity and story as you progress. For those more interested in story progression than RPG grinding, it has an easy mode, or a hard mode for those who DO like a challenging dungeon run.",4,2,positive
en_0125131,"wow

I was disappointed about the size of these. I thought they were bigger than they are.",2,0,negative
en_0961111,"Does not protect against drops

The case itself is not bad looking. And it isn't meant to protect against being dropped. Either way the Ipod touch was dropped and the case offered no protection. If you want a case just spend the money on one that protects it. My iphone has been dropped a hundred times and the glass has never broken and it's in perfect condition.",2,0,negative
en_0953380,"Nothing

The only problem, this bring a single game.",3,1,neutral
en_0492056,"Worked great, until zippers started failing

I really liked these, but already I've had one of the pocket zippers fail completely, and another is jammed.",2,0,negative
en_0793804,"Great Product with a Fatal Flaw

I liked this stylus so much that I reordered it when all's I really needed was a replacement cap. No where in hours of searching was I able to find such a replacement, and in talking with others, it seems no one has ever found one. Therefore, the need for a simple cap cost me the full amount of a new device.",4,2,positive
en_0066112,"maybe for some but not for me

wasn't my style. They did not look like real jeans I would wear and did not feel like sweat pants either. just felt kind of awkward.",2,0,negative
en_0248259,"No change

Doesn’t work for me.",2,0,negative
en_0210340,"No night sweats! With update.

Yes the first few times you wash these sheets you will get fluff that comes off of them, but they are still very comfortable sheets to sleep in. My husband and I immediately noticed the difference these sheets made when it comes to night sweats. I would definitely invest in these if you are interested in bamboo sheets.",3,1,neutral
en_0995475,"Watercolor not bright.

More faded than product photo. I thought it was going to pop but it’s more watercolor and therefore looks cheaper than I’d wanted. It’s a white bathroom so it’s not the color fading the curtain.",3,1,neutral
en_0626881,"Very tired theme; boring.

I did not like this one. In fact, I got so tired of it that I read what I could, skipped to the end and gave it to someone else.",2,0,negative
en_0786508,"A big disappointment

As a huge Alan Jackson fan ever since he came on the scene with Here In The Real World, I came away disappointed with this collection billed as 34 Number Ones. For me it was 26 Number Ones and 8 wannabes. Sorry Alan... I never heard him do Ring Of Fire before listening to this CD for the first time. I wonder where in the world that one got enough air time to be a Number One... Sorry Alan...",2,0,negative
en_0982483,"the item arrived non functional

the item does not work at all... deffective ---dont buy from this buyer",3,1,neutral
en_0329813,"Spelled wrong

I like the banner but it is spelled wrong so it's completely useless.",2,0,negative
en_0850854,"Don't bother

Mirror is small and very hard to see with. Mirror surface is also not smooth which makes it more difficult to see.",2,0,negative
en_0392527,"The back part scratches the skin

The back part scratches the skin. causing blisters continuously. Difficult to return, so I gave up.",3,1,neutral
en_0068335,"Good as usual!

Work as intended and havnt broken yet",4,2,positive
en_0767673,"Awesome

A little hard to get the words off the paper but looks amazing on the wall",4,2,positive
en_0862972,"Didn't last long.

The charging plug in has already died. It only worked a couple of months. The cord works with another base.",3,1,neutral
en_0084175,"Nice accessory

Nice accessory to my SUV. Good quality. Sticker works well, been on about 3-4 weeks and if still sticks",5,2,positive
en_0352769,"Quality power.

The switch mechanism is well designed. Comfortable to hold & operate for longer grinds & cuts. A bit of a process to remove the guard when necessary.",5,2,positive
en_0278282,"Three Stars

Would give it more stars if I could get one without cracks in the lid.",3,1,neutral
en_0951911,"Chicken coop

That's both of them side-by-side not as big as advertised and missing parts didn't come with the tarps and was missing the polls other than that if you make shift pieces missing and replaced it's pretty good",3,1,neutral
en_0829161,"Would buy again

Happy that I got it, I was trying different brands of probiotics, this is pretty good, will get it again.",5,2,positive
en_0105801,"Wast my money

I wast my money i just buy few days ago first of all its really hard to Assemble and secound lot of score is missing. When we finish the assemble its damage in the corner.",1,0,negative
en_0198781,"Turn off and on unexpectedly

I purchased these candles to use in a live action play, where the actors would light and “blow out” their candles at specific times. They were somewhat disappointing in that they would turn off and on unexpectedly. Other than that, they have a pretty and fairly believable glow/flicker",4,2,positive
en_0244072,"Thumbs up! But...

I used this my entire pregnancy. It great. My only issue with that the pillow cases and pillow ripped easily. Stuffing was everywhere by the end of the pregnancy. Inexpensive but worth it for the money for me.",3,1,neutral
en_0825692,"Five Stars

Love it! Will purchase again for my new phone.",5,2,positive
en_0053066,"Missing one

Very disappointed. I order this product because it said TWO PACK Valentines Table runner and I only got the red one which it is the one I wasn’t planning to use 😩😩",3,1,neutral
en_0446651,"Great price

Replaced old igniter.was exactly the same as old one",3,1,neutral
en_0537978,"Great

Works great. As advertised",5,2,positive
en_0833592,"This code reader was supposed to work on all cars ...

This code reader was supposed to work on all cars. It would not work on a Jeep Liberty but did work on others.",3,1,neutral
en_0614789,"To stiff

Came folded in box and hose broke in center when I was using it. It is to stiff for what it is used for.",2,0,negative
en_0864084,"GET THIS PHONE HOLDER

This was such a great purchase for the money. The only reason I’m giving it 4 starts is because it can get glitchy sometimes and the brackets will open when they’re not supposed to. On the other hand, the suction is GREAT! This baby will never fall off your air vent. It grips your phone perfectly with the automatic brackets and the touch release feature makes it so easy to remove your phone. It also charges super fast! Love it.",4,2,positive
en_0069998,"Awful aftertaste :( Stick with brownie mix

I tried the brownie mix and and loved it so I thought I would try the blondie mix. I didn't like it at all. Awful aftertaste. Had to throw it out. :(",2,0,negative
en_0153192,"It is very flimsy and not at all sturdy. If you are going to use this in ...

I'm not sure how this one compares to other agility sets because this is my one and only set I have purchased. It is very flimsy and not at all sturdy. If you are going to use this in your backyard, you will need to make sure to hold it down with some sort of rock or other material because it is extremely light. The joints are very weak and not well fitting.",3,1,neutral
en_0496352,"I returned it - Came in pieces

Came in pieces -looked like a returned unit. -I therefore sent it back for a refund",1,0,negative
en_0612643,"Four Stars

Super yummy but not yummy enough at this price!",4,2,positive
en_0181318,"I love the feel and control of the leash rope itself

The leash came with a heavy duty clasp that functions well in dirt and snow. I love the feel and control of the leash rope itself. It's far superior to ribbon type leashes I've had up until now. The handle also adds comfort on long walks.",5,2,positive
en_0503332,"Two Stars

It was very pretty but broke a day after smh",2,0,negative
en_0016665,"Made cheap

Peg boards were slightly curved in the middle of the square ones so it made ironing difficult. Both sets of pointy plastic tweezers broke within the first day too. We do enjoy the interlocking boards though.",3,1,neutral
en_0333777,"Four Stars

very strong, use in moderation",4,2,positive
en_0796347,"Pretty but small

Much smaller than pictures made it seem. Color is also more cream.",2,0,negative
en_0370017,"Missing piece

My son loves it, but cant use it because it didnt come with the plug to keep money in it",3,1,neutral
en_0980352,"Sent back! Ear buds hurt.

Sent this back. Eat buds hurt.",1,0,negative
en_0071748,"Good

Good product, no issues",4,2,positive
en_0975681,"Fantastic speaker but mine won’t charge!

I really like this speaker. It is very well made and extremely durable. The sound is loud enough to hear when my boyfriend takes it to the basketball court! I love everything about this speaker except for the charge. I have no idea if my speaker is defective or if I am doing something wrong but it will not hold a charge. I have charged it while it was off all day and when it was on and neither way will charge it. I take it to the basketball court and can only listen to it for 10 minutes until it dies. I have tried other wires and nothing works. I’m so disappointed because I love this speaker if it worked but sadly I can’t figure it out.",2,0,negative
en_0974927,"Not what I needed nor expected...

I purchased this product for a long road trip for my computer to charge. My laptop battery only lasts about four hours and I needed something to charge it. It charged it slowly and took 4 hours to charge completely and by then the HALO battery was depleted and needed to be charged itself. I needed it to be more than that and it’s claims that it could last longer are not true for what I needed it to do. I drive long distances more than 8 hours and I need my computer. So I was looking for something more. Unfortunately, because I took a three week trip, by the time I came back to return this item I was literally 1 day late to return this product. I do not recommend this product, I’d rather have spent a little more money and got something else than wasted $160 in this. It did charge phones, but again slow to charge and depleted it to one bar after a couple hours for two phones.",1,0,negative
en_0012079,"Not great quality

After two wears the band around the sole that creates the platform look is disconnecting from the shoe.",2,0,negative
en_0055893,"Product arrived damaged ...

Can't really rate the tamarind paste. It comes in a squeezable plastic bottle and, somewhere along the way, it took a hit. The paste had oozed out the top and made for a rather sticky mess. Fearing the product had been contaminated or spoiled, I simply disposed of it. Unfortunately, the product was shipped in an envelope rather than a box, inviting damage. A box seems like an obvious choice to me. Sorry it didn't work out.",2,0,negative
en_0236779,"Five Stars

Good replacement for the one I abused to death.",5,2,positive
en_0434562,"Lovely

I ordered this dress for Easter for my 12 year old daughter and the size S is just right for her 5'7"" 130lb figure. With an inexpensive bra strap clip, any bra in the same color as the dress can be barely seen under this halter style. The pockets are not noticeable at all, but come in handy! There is a little bit of stretch to the fabric, so my daughter says it's very comfortable. What a great deal on a lovely dress!",5,2,positive
en_0602386,"Great Tongs!

These tongs are amazing! They have a great feel to them and are extremely sturdy! The silicon tips are easy to clean and hold up to high heat with no melting whatsoever. These tongs have a nice weight to them so they are not going to bend when picking up heavier things, such as a heavy pieces of meat. I like that they close and open by pulling/pushing the tab on the end of them. These are well made sturdy tongs and I would recommend them to anyone who is looking for a nice sturdy well built set of tongs!",5,2,positive
en_0692425,"Two Stars

Not useful for my baby and very expensive",2,0,negative
en_0288786,"Too short!

I have asian eyes and thought it would be impossible for fake eyelashes to be too short. Well these are. Additionally, they are so hard to put on. How do people do it? I thought these would be super easy! I would not reommend this product at all.",1,0,negative
en_0407963,"A good book

I didn't think of it as gripping. It moved along nicely and then got melodramatic near the end. Think I'll skip the next one.",3,1,neutral
en_0707168,"Only okay.

These are glass cleaners but there is nothing special about them. I purchased these as I wanted OU dry cleaners but it is both. The drug part cleans only moderately. Will NOT but again.",3,1,neutral
en_0693461,"Love the Timer

I’ve used an Oral B for years. It quit working and my dentist suggested a Sonic. I do love the timer on it! However, it doesn’t clean my teeth very well. I don’t know if it’s just this model or not. I’ll pogo back to Oral B as my teeth always felt clean.",1,0,negative
en_0738715,"Glad for easy prime returns

Slightly see through, no collar, does not button all the way. Glad for easy prime returns",3,1,neutral
en_0866474,"I really liked this movie

I really liked this movie! It did look a little cg'ish on my 4k TV though. But that is the TV's fault, not the movie.",4,2,positive
en_0192717,"Magnet is not strong enough

As you try to clean the tank you constantly have to keep resetting the magnet to the cleaner.",1,0,negative
en_0941475,"Not for me yall!

I have this a two star because first of all the quality feels very very cheap and the sound is not that good and I lost it the first day I brought it to school and I don’t regret losing it coz I hate it !!",2,0,negative
en_0849709,"Will order a few more !

i love this waist trainer it’s not bulky like my other ones it’s very subtle and it’s easy to wear under most clothing plus it’s easy to work out with I can wear it and not feel restrained. Will order many more for daily wear.",5,2,positive
en_0881991,"Its great!

I have been using it for several months now. It does work, but you have to be consistent. I use it, my wife uses it, and my son uses it. Its great !",3,1,neutral
en_0651900,"Nice product!

These are great compression socks! Good quality and arrived quickly. thank you!",5,2,positive
en_0682055,"Did not receive what I ordered.

I ordered white wine glasses and got red wine glasses instead. Decided to keep them. They are small but easy to handle.",1,0,negative
en_0082474,"Not worth the money

Purchased as a gift and I was embarrassed to say the least. Very flimsy and stringy. For the price Pillows might as well have been not stuffed. I definitely expected a way better and sturdier product.",1,0,negative
en_0640394,"So disappointed.

SIZE UP and DO NOT put these in the dryer. I wear a size 7-8 and bought the size 8. When I took them out of the dryer they practically shrunk to a baby sized sock! So disappointed.",2,0,negative
en_0544992,"Missing fuel filter

Shipping was fast but was missing fuel filter in the kit",3,1,neutral
en_0716171,"Two Stars

Disappointed in the work",2,0,negative
en_0187091,"... and for her friends birthday and both dolls were nice but the plastic on BOTH of the packaging was ...

I had ordered two Elsa dolls for my daughter and for her friends birthday and both dolls were nice but the plastic on BOTH of the packaging was pushed in badly and it looked like someone put tape in random places. It just looked like it was used. I dont recommend this is u were buying it for a gift.",2,0,negative
en_0893855,"trash

Its garbage...Nothing what it shows.. if I can return it I would but now I have to look for something else... :(...",1,0,negative
en_0560897,"Perfect gift

Perfect size for traveling!!! So cute, it was the perfect gift for my sister who used it on her cruise.she is obsessed with cats.",5,2,positive
en_0173530,"Four Stars

good way to pass spare time.",4,2,positive
en_0667564,"No credit for bad shipment

Order was damaged and never got to m e.g. but I also did not get a credit",1,0,negative
en_0687371,"The listing says “felt” which led me to believe the ...

The listing says “felt” which led me to believe the entire stocking is felt. It’s not. They are flimsy and cheap but for $5, I guess that’s expected. They will work for this season.",3,1,neutral
en_0555341,"Helpful

Helpful; drop my phone much less now, Lol. Plus, if you fidget, it comes in handy! Lol",5,2,positive
en_0845416,"Three Stars

The zoom in was not as good as I expected it to be",3,1,neutral
en_0212463,"not really 12v 10w. much less. much less.

does not meet stated voltage. 5 volts max at best.",2,0,negative
en_0358635,"transport

when i recieved this item, it already had digs and dents about it... the led screen was also shifted a bit... all in all, this item is as shown and also works perfectly.",3,1,neutral
en_0179714,"Nice moisturizer

I used this on my face after cleansing, before bed. It feels very lightweight out of the bottle, but feels a little thicker and sticky when applied to the skin. My hands were sticky for a few minutes until it soaked in. Fine with me. It has a refreshing light scent that's kind of spearmint. I like the price point!",4,2,positive
en_0499992,"""Prime shipping"" arrives late

Great coffee, been drinking it for several years. Problem though: I never seem to receive the coffee on Prime shipping; arrives later than needed!",4,2,positive
en_0983927,"I love this TeePee!!!!

this is such a beautiful TeePee! I loved everything about it! my baby looked so beautiful in it, So easy to put up with such beautiful packaging , I will definitely be coming back for more!!😍😍😍",5,2,positive
en_0348560,"An ok little pillow, just wish it had less stuffing.

My daughter loves her slightly stuffed pillow, although I wish it was a little less stuffed for her. She uses it every night and has no issues moving it around as needed. It fits her head well although she sinks slightly into it, and I’ve noticed after a decent amount of use some of the stuffing is clumping together. I did reach out to the company in regards to the stuffing but did not get a response. Regardless it’s a cute little pillow and works for her so we are keeping it.",3,1,neutral
en_0336044,"Not metal!

Read the description carefully - these are PLASTIC!",3,1,neutral
en_0457168,"Wavy main sign and no way to contact

The design of the product is very nice. But my big sign is wavy:( and not flat. I think it is wavy because how it was in the main envelope. I can not find a way to contact the seller direct to see if they can send me a new sign. The page says 100 percent satisfaction but no customer service email or number.",2,0,negative
en_0305303,"Pants

Loved the way they fit and looked",4,2,positive
en_0665582,"Not so good

Value for money is great and it’s a very complete kit but for some reason my warmer keeps going off every 2 minutes.",2,0,negative
en_0174419,"Convenient but blah.

These dispensers are a convenient concept for frosting a few cupcakes or cakes-in-a-cup. The cost is much more than it would be to make the frosting yourself, but convenience has value too. And there is no waste. I was disappointed in the flavor of these cream cheese frosting packets. I didn't detect that characteristic tang of cream cheese, just a blah white frosting taste. Not even so much as a vanilla flavor was evident. I would reorder if the product had a tasty cream cheese flavor, but since it doesn't, I won't buy again.",3,1,neutral
en_0430912,"Three Stars

the doors were so tilted that they have to be shaved. Otherwise the hinges worked perfectly.",3,1,neutral
en_0199307,"Didn't last long

Suction fell off car windshield after 2 weeks",2,0,negative
en_0747116,"Only for 5ml rollers... Not 10ml

Note that this is only for 5ml rollers... not the 10ml that are most commonly used. I was highly disappointed and wish they didn’t limit the time I could return it. My life became busy and when I finally tried to return this I was less than a week past the return period.",1,0,negative
en_0616834,"Not worth anything

Broke way to fast and easy",1,0,negative
en_0190472,"Good

This book covered quite a few emotions and topics and was well written. The characters could use a bit note development and some of the events needed more details. Overall a good book.",3,1,neutral
en_0504411,"Three Stars

It does not fit in the ear well. That makes the product usability. Thanks",3,1,neutral
en_0543250,"too big for Easter eggs

They're Easter-themed, but only about half the items are sized to fit in Easter eggs. (If I'm filling Easter eggs for ten kids, I'm not also going to make them favor bags.) Otherwise, it's about what I expected based on what I paid: the items are fine, the whistles whistle and the tops spin. The nicer items were fewer in number: I got two wind-up chicks in my bag and saved them for my own kids' Easter baskets, and four little wheely bugs.",3,1,neutral
en_0459676,"The latch Sucks!!!

Nice gate but the latch is very difficult to get open",2,0,negative
en_0568284,"Three Stars

Don't find dried fruit, except for raisins in each package",3,1,neutral
en_0819787,"Really short

Would be good if you were wearing tights underneath. If not, woah! This seems like a good skirt to wear for a fun run.",4,2,positive
en_0929563,"Mobility and price

Very well built. Over 800 pounds riding on them and doesnt change mobility. Great price.",5,2,positive
en_0776287,"Just as cute as advertised

Perfect plant accessory for my backyard patio",5,2,positive
en_0447307,"Perfect except mine cracked

This was exactly what I was looking for in my home office and I was super happy for 3 months until it started to crack where the wheels frequently roll. Cracks keep getting worse and it will not last a year. The plastic seems to be too ridgid for its intended use.",1,0,negative
en_0652045,"Four Stars

Very cute! My daughter is 7 and loves it. We haven’t seen anyone at her school with it.",4,2,positive
en_0296113,"Scared The watch may fall off my arm.

The watch band does not hold well.",3,1,neutral
en_0539380,"Cool look know what you are looking for

Cool handlebars but not for the z125 pro too long if you in the city these are not for you easy to install but more for a ATV or dirt bike",3,1,neutral
en_0074354,"Warm

Great price - well made - look good !",5,2,positive
en_0043219,"No image on box

There is no picture of what this is on the box. Just a brown box with no real discription. I think I’m going to have to print a picture of it and put it on the box so my 4 year old can tell what this is. Haven’t put it together yet so we’ll see if there’s any issues. Bummed about the image less box",3,1,neutral
en_0480887,"Different from what I ordered

Completely different from the picture! Very disappointed that the color is not the same as the one I ordered",3,1,neutral
en_0282832,"One Star

It came packaged really well but it was broke!!",1,0,negative
en_0505995,"I actually love this bench but one of the screw holes was ...

I actually love this bench but one of the screw holes was stripped out and doesn’t hold the screw. I used wood glue and so far it’s holding. I hope this bench holds up for a while because I really do love it!",2,0,negative
en_0690965,"Works as advertised

So far works as advertised in my 90 gal cube. Put it in the water for 20 min (unplugged), plug it in and set your temperature. Overnight temp was within range. Easy to see numbers for us more mature aquarium keepers and instant verification from across the room with the colored background LED (always on sadly), blue is colder than set temp, green is within range and I assume red is over set range (have not seen that - thankfully). Update: 10 days in and the aquarium is as stable as can be. The temperature does vary about +/- 1 degree during a given 24 hour period but that's to be expected as the temperature of my house easily varies 20 degrees (F) in a given day [I live by the beach and the windows are open 24/7 in the summer]",5,2,positive
en_0879180,"Couldn't get it to work even with dry surface

Couldn't get it to work very well",2,0,negative
en_0373698,"Check item thoroughly before ordering. That applies to everything.

Product seems fine, very satisfied.",3,1,neutral
en_0016338,"Three Stars

Its great but dont last long",3,1,neutral
en_0923432,"Five Stars

These are great. I really like them.",5,2,positive
en_0460757,"Good quality necklace

Necklace is good quality. I wish there is an option for smaller pendant like 20mm, and 25mm.",4,2,positive
en_0227103,"Mix reaction and poor response from the seller

They came a bit bruised because they were not attached, just loosely dropped in the box. Sadly, the tips broke off. The rest of the leaves barely developed. Overall, not impressive.",2,0,negative
en_0656082,"Very light weight

Was cheaper looking than I expected",3,1,neutral
en_0737196,"Three Stars

like watching an action movie. but characters are uninteresting and weird stuff happens",3,1,neutral
en_0159992,"Broken

Received this and the Black was broken and all over the other colors my daughter ordered it for her sisters Christmas present and was very upset now we will have to buy her something else before Christmas",1,0,negative
en_0775211,"Good quality product.

Overall quality is good on this product although they are smaller in size than anticipated.",2,0,negative
en_0496068,"Size

I wish you had sizes in XXLG, if you get any in let me know, I like baggy style. I LOVE the shirt!",4,2,positive
en_0342666,"good quality

good quality set of picks",4,2,positive
en_0586259,"Good to have 4 pair

Already had one pair to break. But while using enjoyed the pair and still have the other three to use.",4,2,positive
en_0231543,"They look exactly like the picture

I liked them very much",4,2,positive
en_0210241,"Problems since day one

Not the best remote and not motorcraft, I had to replace the remote battery when I got it cause it's wouldn't signal the truck to open unless I'm like 3ft near the truck till this day I have a lot trouble opening and locking the well not buy again...",2,0,negative
en_0989370,"Boom Boom Boom!

Amazing sound way better than expected.",5,2,positive
en_0877829,"Missing item

This was supposed to be a 2 pack and only 1 was in the package",1,0,negative
en_0663911,"Great quality

Really good quality. You can get really good shots with those filters",5,2,positive
en_0855149,"Three Stars

its kinda big. but its okay",3,1,neutral
en_0297095,"Vacuum to be or not to be that is the question.

On first use, it would only hold Vac. for 24hrs. and with the battery pack left in, the batt. would go dead within the same amount of time. After removing and cleaning the seals of which there are two, upper and lower, the seal is much better. now it lasts for about a week. I don't leave the batt. pack in, just when needed. batt. are to expensive to leave in 24 & 7! Perhaps the problem is with the valve now. but that's to small to deal with, maybe it will wear-in over time?",3,1,neutral
en_0797501,"Not tested yet

I can't truthfully rate this item yet. Have not had to put it to use. However, when the temps drop I'll find out. I hope the heated bed meets my expectations for keeping the watch dog happy.",3,1,neutral
en_0445830,"Doesn't scare away the critters

It makes for a cute yard decoration but the critters are not at all scared by it. Once the curiosity wears off and they realize it won't move, they ignore it. It's hollow plastic, so you'll have to weigh or anchor it down to keep the wind from knocking it over. It has a covered opening at the bottom which you can uncap to put in rocks, water, dirt, etc. to weigh it down. My mother tied hers to the trunk of the persimmon tree so it looks like she's holding a fake owl hostage and the squirrels still scamper up the tree.",3,1,neutral
en_0128720,"Four Stars

good product. nice view.",4,2,positive
en_0843501,"Also just pretty terrible in

Why is the main female character wearing heels the whole time?!? You CANNOT wear heels running through mus in the jungle. Also just pretty terrible in general",2,0,negative
en_0943137,"3/5

I thought it was okay. Really wanted to see an end fight scene. Hated that they skipped it. Lazy director?",3,1,neutral
en_0046164,"Well made!

Very comfortable vest. It's triple your sweat like in sauna.",5,2,positive
en_0390386,"OK for a while ...

These LED bulbs look great and give a nice light but are terribly prone to 'infant mortality' where they don't last more than a few weeks or months. Given that they should last seven years, that's a real disappointment. They need to refine their quality control.",2,0,negative
en_0878075,"Would not recommend- too flat and hard.

The pillow got really hard and gave me neck pain after a couple of weeks. It just gets flat and hard on the side ur resting ur head. I would not recommend it to anyone.",2,0,negative
en_0611710,"Runs small, need Spanx underneath for white!

I got this for my bachelorette party because I wanted an overtly sexy white dress but on short notice. I am 5’2, a decently fit 130 lbs, and usually wear a size 2 so I ordered the small. I was very worried about the white being see-through because fitted white clothes typically are. I wanted to be sexy but not vulgar! I put it on and it was tight! It stretches a lot so I was able to fit it comfortably but the more it stretches the more you can see through it. I have a 34C bust and the top fit fine and was not tight. If you get white, I recommend pasties. The midsection and bottom however were pretty constricting. No way I could wear underwear in it and you could see my butt pretty clearly through the dress if I bent over. I feel like the medium would’ve been a better fit and a bigger size would’ve helped with the transparency. A dark color would probably work though. The material itself is pretty decent. It’s very soft and is thick enough to be opaque if it’s not stretched too thin. I ended up getting Spanx shorts to wear underneath and it looked much better! (I’m wearing them under the dress in the photos) I couldn’t have worn the dress otherwise...just too tight and too sheer. Size up and get black!",3,1,neutral
en_0481862,"Meh

Meh. It works, you get what you pay for.",3,1,neutral
en_0956807,"Did not work.

I shampooed the dog, dried off the dog then put on the collar. The next thing I know she has more fleas and ticks than ever before! Not happy with product. Did not work at all.",1,0,negative
en_0375239,"Perfect for peace of mind

Wonderful product. Love the fact I can now have peace of mind while driving my late model van with a piece of technology typically offered in newer vehicles. The 7” mirror is larger then the factory mirror there now. I’m very happy with this product and appreciate the memory card being included.",5,2,positive
en_0263813,"Beautiful patterns

Going to be making quite a few items from this book. Lovely wraps, look warm and soft.",5,2,positive
en_0359889,"Works great.

Got these because I’m pregnant. Works great.",5,2,positive
en_0715577,"Hooked on the series

I’m two books into the Kyle Achilles series and hooked. Really fun reads. Great thrillers",5,2,positive
en_0827839,"Satisfying taste but not strong enough to help with sleeplessness. 😢

The taste is great but I didn’t feel that it caused any sleepiness or deeper sleep. I don’t want to increase the dosage due to the sweet content.",3,1,neutral
en_0671026,"Great flavor, came crushed

Many items in my Prime box came crushed and dented. This bag was popped and the contents were crushed. Tasty, but many did not make it.",4,2,positive
en_0264956,"Socks are water socks?!

Nice fit. But as far as moisture control. Sure. Keeps my feet wet. Not happy at all about these socks.",2,0,negative
en_0809752,"Four Stars

Excellent quality, clean sound! Children like to play on Lyons Soprano.",4,2,positive
en_0770948,"Not warm

I thought these would be warm because of the fur lining, they are not, I live in Michigan. My flannel lined leather gloves are warmer.",1,0,negative
en_0137199,"Awesome weighted blanket

I got this for my son. He loves it. It's really nice and the material is really good. My son said he don't know how he ever did without it. He said he sleeps so much better.",5,2,positive
en_0058887,"A must to store your plate setter

I wish I had bought this right away when I got my Green egg!",5,2,positive
en_0050914,"works marginally better than a regular plunger on low-flow toilets

works marginally better than a regular plunger on low-flow toilets, the Beehive is a much better design. This one is well built, though.",2,0,negative
en_0468806,"Terrible service

Terrible service, didn't receive on time, couldn't get a answer why.",1,0,negative
en_0231937,"Sweet

Got this to remind me of my dad 35yrs ago. He used it and the formula is the same. A bit sweet for my nose.",4,2,positive
en_0452963,"Great value.

Having a large bucket saves trips to the spa store.",5,2,positive
en_0955426,"Better pay more for better quality

The size of the letters are good , but they don’t stick good on walls And it’s super hard to peal them off from the plastic even white blow dryer super hot . I guess that’s why they are not too price . You get what you pay . Doesn’t worth it",2,0,negative
en_0053620,"Sizing isn't correct

I had to hem it but it's not terrible",3,1,neutral
en_0841194,"Some finishing work required.

Feels like I bought a knife kit more than a finished product. Handle is roughly shaped and poorly fit to the liners & bolster. Blades are sharp but sloppily ground. With some sandpaper, a wet stone and some WD40, this ought to make a descent knife. Just glad I looked before wrapping it up for Christmas.",3,1,neutral
en_0161442,"Reasonable price

Fair price and good quality provided.",4,2,positive
en_0241657,"Like it OK

Like it OK, but seems kind of flimsy. one of the edges broke while I was taking out of the box. Didn't install where I planned, but will find another use.",3,1,neutral
en_0281847,"Think twice

Wheels are poor quality, overall, a disappointing item of poor quality",2,0,negative
en_0375400,"MagSlider Lid doesn't do anything.

MagSlider Lid doesn't do anything. Certainly has nothing to do with sealing. Can't even swirl the liquid slightly without it coming through the lid. That aside, I like the Yeti for coffee and it keeps it hot for a long time as Yeti's are known to do...",4,2,positive
en_0283734,"Didn't work right out of box.

Doesn't work right out of box. It is very cute! Thank goodness for Amazon, they gave me a refuned and I hope next one works.",1,0,negative
en_0417453,"Value in mechanical pencils

I appreciate these mechanical pencils because they make it easy to keep a sharp point without going to a pencil sharpener every five minutes. This value pack includes extra lead and extra erasers which is a plus.",4,2,positive
en_0535574,"Messed up my fog lights.

I have a 3rd gen Toyota 4-Runner. I have to manually turn off my fog lights before I can use high beams. Also I can't turn off the lights. This is because the 4-Runner trys to run the lights in ""daylight mode"". To do this it pulses the lights on and off very quickly. With incandescent bulbs the effect is to dim the lights, but with these it just causes them to flicker. Finally the 5000K color may look brighter when you see the car, but doesn't necessarily make the road brighter. It really feels like you are driving with moonlight. Now, when I have low beams on and someone flashes their brights at me I can't flash my brights back. The effect is that rather than going to high beam, my fog lights just turn off. Now with low beam AND my fog lights on its not so bad since my fog lights add a small amount of yellow color which makes for a more natural view.",3,1,neutral
en_0916237,"Didnt get what i ordered.

I ordered batteries and received packets of liquid for a humidifier!!!! No batteries plus the order was placed almost two weeks ago.",1,0,negative
en_0957467,"Almost to good...

I love this Mic for recording rap and pop vocals, but be extremely careful on how your using it with your home studio setup. Its almost to sensitive. You can literally hear birds chirping outside and the sound of the air circulating in the room. Can be a good thing or a bad thing, as long as you make sure you plan ahead and make the correct setting adjustments and use a high pass filter. Some great plug ins that can help with that as well. Also, make sure this is the right mic for you in terms of the type of vocals you plan on recording. I use it for pop and rap vocals, which to me sound great, but others have advised against.",5,2,positive
en_0514717,"Disappointed

I honestly thought when I bought this that it would have like a floral smell but it’s anything but. I can’t really describe the smell other than to me, it smells like pot lol. My husband and son says it smells nice but I don’t think so. I was really disappointed as it was nothing like I excepted.",3,1,neutral
en_0871007,"Fun little toy

Love these! The bright color is fantastic - the suction cups work great - they entertain my daughter in the tub! I gave 4 stars instead of 5 stars only because my only recommendation is maybe a tiny drainage hole as water is easily trapped in the Jellyfish body.",4,2,positive
en_0727215,"Recommended by my Orthopedic Doc

Wear a size 8 shoe and this fit perfectly. I have pain from bone spurs on my great toe joint and this has helped reduce the pain. This was recommended to me by my orthopedic doctor. Doesn't take up much space in the shoe.",5,2,positive
en_0414879,"Nice Shirt

Nice basic oxford shirt. Decently made and at the price you can't go wrong.",4,2,positive
en_0707172,"These didn't work for me

I took them religiously like the directions said, but I had an adverse reaction to them, and had to stop",3,1,neutral
en_0605048,"Didn’t really fit or offer support.

There was no padding and the cups were very thin. I was uncomfortable because there was no support.",2,0,negative
en_0201495,"Must have for neck pain sufferers

I've used these for about 8 years now and they last for a long time even being used a few times a week. We keep a few sets in the freezer at all times and rotate through.",5,2,positive
en_0173172,"Beware these are not the size that are in the ...

Beware these are not the size that are in the picture.. They say they are light blocking but they really aren't that dark. I have some I bought from target and they do not let any light in! These aren't worth the money!",3,1,neutral
en_0202060,"Three Stars

Works okay - but my daughter rarely uses it",3,1,neutral
en_0927367,"Three Stars

Wrong product but return was painless",3,1,neutral
en_0318589,"I would have gave it 5 stars

When I first received these glasses I was very excited the magnification was perfect for the job that I do I need Clarity and close vision. However after a couple of weeks of wearing these glasses, I tend to wear them on top of my head when I'm not using them, the left arm broke Midway down I was so disappointed because I became very fond of these glasses. Because they're so inexpensive I might just buy another pair",3,1,neutral
en_0859369,"Beautiful Skirt

I love this skirt and cannot wait to wear it. I work in an office and would unfortunately run over the bottom with my chair. I am waiting until we go out this weekend and will pair it with boots and a button up shirt. The fit is really nice and the color is great. I Love the way it looks.",5,2,positive
en_0931042,"Enjoyable

This was purchased for the reader that loves the series. I would recommend first buying the books set VS this option.",5,2,positive
en_0249609,"Three Stars

they are alright. a bit rougher machined than I would prefer.",3,1,neutral
en_0681897,"Drink Pouches - Leakproof

The bags are a great size and function well. If you can store them upright in a freezer, rather than laying them flat you'll be better off. I found out the hard way that they leak even when triple checking that they are sealed tight. The straws are perfect size and the funnel definitely comes in handy when transferring ""juice"" into the pouches. I will order again but just being mindful to store them upright.",3,1,neutral
en_0584072,"Blocks are good; strap is not so great.

Foam yoga blocks vary in density. Some are softer and have more give; others are denser and firmer. These blocks are on the denser side. They have very little give in them. I'm happy with them. The strap, on the other hand, is not so great. It is a very thin material and when I fastened it, I could make it slip by pulling on opposite sides of the buckle. If you use a strap a lot in your practice, I would recommend investing in a different one that is thicker and more substantial. Also, the blocks and strap are not the same shade of purple. The blocks are much lighter than the strap. Personally, I don't care but that matters to some so I'm passing it along.",4,2,positive
en_0786046,"Great for your car too!

I purchased this tool box because I needed a tool box for my home. The tools are sturdy and it's one of the few that had the correct bit I needed for my car. I was able to use these tools for my car and house, I really like this tool set",5,2,positive
en_0928786,"The basics of hacking.........

This guidebook has all the information that you need to learn about some of the most common attacks that are going on in the world today as well as some of the things that you can do to protect yourself.",4,2,positive
en_0673394,"Great for the price

Wish they included a longer screws though",4,2,positive
en_0977304,"Nice buy

Ink is ink it worked when I used it",3,1,neutral
en_0504177,"planters

I thought the color would be white not grey.",3,1,neutral
en_0796673,"Too stiff, rubbed in wrong places

Heavier than I expected. The material is very stiff and thick. It was uncomfortable and rubbed the dog in the wrong places, esp with one of the adjustment buckles right under his armpit.",2,0,negative
en_0538641,"bottle lights

I love them - however they do not last very long and I don't leave them on for long periods of time. Had to replace batteries in three sets and haven't had them very long. But they are very cool in my antique lanterns if they would just last a little longer",3,1,neutral
en_0262492,"Needs extender

Should come with an extension magnet clip. Very tight fit.",2,0,negative
en_0091686,"stable

It gives me a strong hold on to the ground. I always wear sandals at home, and this is more comfortable than the previous WalMart slippers",4,2,positive
en_0348891,"Seemed cool but others were right, a little to week to be of much use.

I can't seem to find the right job for these because they cannot handle much torque.",2,0,negative
en_0514849,"comfy

good sheets for the price",4,2,positive
en_0263033,"Durable but heavy

Phone case is durable but heavy. My husband is okay with it but it would be too much for me to carry.",2,0,negative
en_0214645,"The holes are much too small and jagged and they fill with water every time it rains.

I bought 2 of these Terrible feeders. As others have said. The holes are much too small and jagged. Another BIG issue is they fill with water every time it rains.",1,0,negative
en_0547543,"Cheap material and runs a little big... ...

Cheap material and runs a little big.... I ordered the pink one size medium ... Its mushy in the middle & too long for me... I'm 5'3",2,0,negative
en_0671421,"Five Stars

this is my absolute favorite of all tea's. I am hooked!!!! It is so delicious!!!",5,2,positive
en_0082313,"Cute but not super George-like

Pretty cute as just a monkey stuffy. I don't think it really looks like George though. Haven't been able to find one that does, which seems crazy considering how popular he is. Overall this is a cute product though!",3,1,neutral
en_0350956,"Just okay

Thought I'd give these a try based on good looks and price-point. They are very grippy as advertised. Compared to the many other gloves I've worn, these are far from ideal. The small is still too large and with the slightest bit of sweat my hands slip around inside the glove. they don't seem to absorb the sweat at all. However, my biggest issue is that the primary material (the red cloth in the fingers and back of the glove) sticks to Velcro. Plenty of my other gear has Velcro (safety pads, shorts, etc.), so these gloves are sticking to my other gear and after just two rides are frayed and fuzzy from me pulling them off Velcro patches.",3,1,neutral
en_0851666,"Good idea but not for my job

I really liked the idea of it but it didn't work out for my job, kept knocking it off my hardhat. Should've kept my money..",2,0,negative
en_0017816,"Both work fine since I fixed

Had to take one apart and fix",3,1,neutral
en_0592164,"So much better than I expected.

Very easy to set up, and does so much more than just monitoring temps. It monitors door being opened/closed, smoke alarm detections, flooding detections, and shows the history of each monitoring categories. Of course, I can monitor all sensor's all monitoring categories on the App via internet anywhere in the world. It also has one small attachment for sliding door monitoring option. Thoughtful.",5,2,positive
en_0893758,"its a good read

it's a good read the story if interesting",3,1,neutral
en_0329905,"Kids will love it!

Ease of setting up but easily punctures.",4,2,positive
en_0182238,"Terrible! If I could give a ZERO I would

I ordered it months ago and never received it contacted the seller twice asking for a refund and all they said was that the order was sent but yet I still never got it and they won’t give me the refund! Don’t waste your time get use one of the other ones!!!!!",1,0,negative
en_0584833,"Difficult to use.

Too difficult having to shake to get to work. The red doesn't work. Dissappointed but kept.",2,0,negative
en_0131806,"I-Type Film

Easy to use , but quality of photos are poor. Either to light , to dark, or blurry?",3,1,neutral
en_0803219,"Probably works well; I can't get beyond the imperfection in the surface

I was willing to pay a little more to get a great quality travel mug. I will never know if the mug itself was a good value. The chip in the color (a thin film surrounding the mug?) upon arrival convinced me that it could never hold up to how I will treat it. Bummer.",3,1,neutral
en_0642598,"Nice looking but not durable

They look great and I like that they have the zipper loop that I can use to hook the cover on a clip when not on the club. It keeps me from loosing them. Construction looks good. But beware of the durability, they are pretty cheap after all. I have only had them for less than 3 weeks and the Neoprene cloth has small cuts on the fabric on 7 of ten clubs. It must be from the club shattering when in the golf cart. This amount of wear and tear in less than 3 weeks is why I only give them three stars. BTW I play an average of 2-3 times a week, so I have used them maybe 7 times.",3,1,neutral
en_0266398,"An easy, happy escape

Makes me smile every time. A very nice escape",4,2,positive
en_0696296,"These sheets are very comfortable- However the quality is far ...

These sheets are very comfortable- However the quality is far inferior than standard sheets. The corners of the sheets are tearing and the interior are literally worn through. I purchased them at a premium price and believe these quality issues require me to replace them far to soon.",1,0,negative
en_0917121,"You get what you pay for.

Bag looks great a little bigger than my other bag but not worth it I should have paid the extra $$ and got bigger cannon product. It does work, and is clean .",3,1,neutral
en_0832471,"Good Table

It is a fun table, not very good quality but that comes with the price I suppose. Two of the goals don’t sensor the puck going in but the other two do fine. Other then that this would be a fun table for your kids as we have enjoyed it.",3,1,neutral
en_0896839,"Not what I hoped for

It looked good, we recieved it late, and it doesnt stick to my daughter's phone",2,0,negative
en_0870368,"See through shirt

These are pretty thin shirts. If you don't wear anything underneath, they are see through. Like a wet T-shirt.",3,1,neutral
en_0794916,"Long battery life

The battery is very good I'm getting like 5 days",5,2,positive
en_0561791,"Short return window

I ordered 2 of the chargers, and one was a gift for a friend. His was defective and didn't work. The return window had closed so it wasn't returnable. So I ended up giving mine to him.",1,0,negative
en_0006937,"This is good stuff! Works well

This is good stuff! Works well, I use it for canker sores and I double the dose but it clears them up in just a few days! Its good quality",5,2,positive
en_0608436,"Haven't used

Smaller size was better.",3,1,neutral
en_0012394,"Two Stars

Thought the engine could be used on our spraying equipment. It kept stalling under pressure. Returned for credit.",2,0,negative
en_0012365,"sounds great! Never been around a boat so

Amp is pushing 4 x 8"" Kenwood 4 ohm 300w speakers, sounds great! Never been around a boat so loud",4,2,positive
en_0283766,"Okay

Was a bit big but could be worn.",3,1,neutral
en_0178920,"Handy

I was looking for a light to use with my secretary/desk. This fits inside the raised desk portion by just curling the light to the base. I especially like the fact that it has the optional white light instead of only daylight, and it does have a plug for the wall, which some these days don't.",5,2,positive
en_0116009,"Weird fit

The leggings are not high wasted. The size fit around, but did not go high enough on my waist to stay up. As for the material, they were lightweight cotton and soft. Mostly opaque.",2,0,negative
en_0209402,"They don't even last the day

Cute tattoos, in a wide variety. Until they disappear within a few hours, into nothing or, if you're lucky, a light gray blob",1,0,negative
en_0388984,"they looks very poor

After few washes, they looks very poor",3,1,neutral
en_0119348,"Love this for camping

Love this for camping. The lid will not fully shut when the griddle is in use, but still worth it.",4,2,positive
en_0617867,"Sadly it didn’t last long.

Did not last long connector broke. Good while it lasted two weeks",2,0,negative
en_0935008,"It’s an okay rug

Small and the fur lays flat makes it look more like a rabbit fur than a sheep skin rug. Its on the small side, that and the fact that I constantly have to mess with the rug to make it look like a sheep skin rug is why I give it 3 stars",3,1,neutral
en_0220925,"Not charging fast

I bought this to use with my essential phone which has PD standard charging capabilities. This power bank cannot recognize my phone and charges at lower speed (slower than my old 2.4A powerbank). And it cannot read if my phone need to be charged, sometimes draining the phone to charge itself. Returned",1,0,negative
en_0569018,"Says the magnet is super strong, but they don't seem that great to me...

I have one that won't stay on even if no one is touching it, I'm guessing because of layers of paint, and even those that stay on seem to be knocked off pretty easily. Perhaps because all of our vents are painted. But if they are that great it seems that they should stay even with the paint. That being said, my 10 month old son has yet to break them at all even though he has pulled them off, taken them apart, and banged them on the floor on multiple occasions.",3,1,neutral
en_0991831,"Use at work

For some of my job, being able to use a keyboard away from a PC where the monitor may be in a completely different spot, or the switch box to change PC's connected to the keyboard and monitor being out. -1 Star due to the dongle inside not being held in place by the clip, and just slides around the inside of the keyboard when its not plugged into a PC",4,2,positive
en_0248957,"Horrible

First time I used it the glue on the inside melted so I can’t even open it used it 1 time guess it was defective",1,0,negative
en_0399026,"Three Stars

It was ok but the wrong shade for me.",3,1,neutral
en_0341184,"Worth it

It's great! Just done over use it. And it's cheaper on here",5,2,positive
en_0620075,"Three Stars

Didn’t notice any difference during stormy weather",3,1,neutral
en_0285810,"Might not be so great for Linux

I've adjusted everything I can find on the computer and it's still too quiet. I'm running on the Linux ( Ubuntu 16.04 ), so maybe the compatibility is not as good as they claim.",2,0,negative
en_0878071,"Excellent quality steam flat iron.

I used this steam flat iron this morning to do my hair and it is so amazing. I was able to do my hair in record time. My hair is straight, soft, and amazing today. Great steam iron.",5,2,positive
en_0251356,"Please note this is half the standard size!!!!

I hadn’t realized this was the small version of the standard size when I ordered so I wanted to warn others who may not be aware either. Not such a good deal anymore 😬",2,0,negative
en_0554929,"Knot a good start - BUT beautiful once fixed!

Beautiful, delicate and sophisticated. When I first opened the box, one of the earring threads literally had a knot in it. Determined to get this untied ... two hour shift later finally accomplished this. And, loving them. Only three stars due to the knot in the thread and them not being ready to wear.",3,1,neutral
en_0439497,"Sizing is a little off..

So this is a gorgeous product. Even when I saw it in person. Except I feel like the sizing is a little off. I ordered a medium, and I’m a 34C and it is falling off everywhere. If it were strapless I’d have to return it but the straps help it stay on.",3,1,neutral
en_0202570,"but the Velcro rips off the back of the felt very easily leaving no way of using the decorations

Very cute, but the Velcro rips off the back of the felt very easily leaving no way of using the decorations.",2,0,negative
en_0587197,"Decent Job

Fit in my car just fine, audio quality seems decent, and the bass is pretty awesome in these little speakers. I replaced my speakers because they had been blown out.",4,2,positive
en_0621361,"Buy different earrings

If you don’t require the earrings to match, then this is perfect for you. I received two different earrings, they are completely unusable.",1,0,negative
en_0398564,"Two Stars

THEY DO NOT FEEL LIKE 20-30 mm-hg.!!! I have returned them to you.",2,0,negative
en_0799759,"This is a wonderful purchase for someone with a vision problem

This is a wonderful purchase for someone with a vision problem. It is sturdy and very clear even on the magnified size.",5,2,positive
en_0300543,"Will never buy again.

These are great looking jackets that will keep a dog warm, BUT they run extremely small and are poorly made. I've had the stitching come apart on two of these in less than two months. Save yourself the trouble and just find another product.",1,0,negative
en_0185991,"Where’s the rest?

Nice flavor, but my tin was not full even though it as properly sealed.",3,1,neutral
en_0494395,"Worth every penny!

Great price! Great fit for both me and my son! Going to buy another pair since my son ended up loving mine so much.",5,2,positive
en_0226047,"No directions

These didn't fit the plates, even though our plates were right in the middle of the sizes mentioned in the description. They would just fall off. Also there were no directions and I couldn't figure out how to mount them. Do you need another piece of hardware, like nails? I couldn't tell.",1,0,negative
en_0113442,"It is a beautiful die and I will use it

Didn't realize that the cutting edge did not go all the way around. It is a beautiful die and I will use it.",4,2,positive
en_0233120,"Great purchase!

Wow! For the price! You can not beat this! My daughter does competitive cheer and has strawberry blonde/red hair. Many of the parents bought high price cheer pony tails, but this works just as well. The only problem is this has a clip and not the drawstring, which I knew. I used pins to secure it for tumbling and it stayed in! Once the competition bow comes in, you will not be able to see the pins at all.",5,2,positive
en_0200293,"Not as advertised

It’s just not as good as advertised. It does not bronze and it doesn’t have great moisturizing properties. It wasn’t worth what I paid",2,0,negative
en_0385776,"It has been here all along.

The book is well written and interesting. I'm enjoying it very much.",4,2,positive
en_0058251,"Good quality and price

I like the flavor a lot and the energy is good too",5,2,positive
en_0272223,"Soft and good for bigger baby's!

This product is soft for baby, but it is too big of our newborn. It is more appropriate for children 1 to 3 months of age. We are really excited about using this more often when our baby is bigger!",4,2,positive
en_0208896,"Easy Install fast shipping

Exactly what was expected",5,2,positive
en_0377382,"It worked as a primer but felt like I was putting straight up Vaseline on my face

This product is just okay. It worked as a primer but felt like I was putting straight up Vaseline on my face. I didn't break out at all but I'm not sold on the texture. The only reason I tried this product is because of wanting a cheaper product than my go to face primer but the extra money is definitely worth it for something more high quality. Will probably not be buying this product again.",3,1,neutral
en_0250713,"Two Stars

Very lightweight - a garbage bag would provide same coverage, I wouldn't buy again. Not consistent with Weber product.",2,0,negative
en_0337164,"Five Stars

Very bright bulb little pricey.",5,2,positive
en_0518256,"Nice novelty toy but don’t expect this to last for a long time. Very susceptible to punctures

Pretty whimsy, thin plastic material. It’s a nice big fun toy but it is mighty flimsy.",3,1,neutral
en_0066031,"Good clip, Bad cosmetic detail

Not a bad looking or functioning product, but the very first time I clipped my keys in it, the horse fell off.",2,0,negative
en_0324134,"Not a great case

I am really disappointed in this case. I got a new Kindle Fire 8 (my third Kindle) and was very excited to find this case. I liked how it could stand up and had a clear back to display my Steeler yellow and black Kindle! However, it does not live up to the other reviews I read online. First of all, it does not stand up in any format. I like to read without having to hold my Kindle, and I cannot do that with this case. Also, it is not very protective. I've only had it a few days and am looking for a new case to replace it. Very disappointed.",2,0,negative
en_0976508,"Poor packaging

This bottle came opened in package and a quarter of it is missing. We need the shampoo so we are using it instead of sending it back.",3,1,neutral
en_0908804,"Expensive but useful in a bind

I purchased 4 of these so that I could hook up my workstation's raid array in the internal back plane to an raid controller on the PCI express bus. The cables are well designed and good but they are really expensive in my opinion. However, it was the easiest technical fix to a sticky problem so I had no choice but to fork over $30 for the four cables. If you ask me they should be charging $7 for a set of 4 instead of each! That said I still gave it 5 stars because it works as advertised even if it is a point point in my wallet!",5,2,positive
en_0378223,"Replacement to dark gray please.

Wrong color. Wanted dark gray, not light gray. Do you have a dark one that we may exchange it? Please advise. The photo looked dark gray.",1,0,negative
en_0010237,"Insufficient Arm Weight?!

We were so excited to receive our record player, we have records both old and new that we were looking forward to listening to. We purchased this product as the deal of the day, and when received it was easy to set up and use. However, each record we tried to play skipped, old, new, didn't matter. When we called customer support it was found that it was the arm weight, there was not enough pressure pushing on the vinyl record causing it to skip. I was advised that I could buy another part (why would I do that when I literally just took it out of the box), or I could return the item. When I contacted Amazon about an exchange I was told it would be no problem, now the product is $30 more. I simply wanted to exchange the item for what I paid for it for a working model. Not sure if it is because it is refurbished but for the price you would expect it to work right out of the box.",1,0,negative
en_0569042,"Wrong item was sent!

I'm pretty disappointed and surprised to see nobody else has reported this issue. I opened my package excited to see a 1070 ti only to see an unsealed package for a GTX 1070 FTW. No serial number or anything! Had to send back for a refund. Avoiding this seller. Was really excited to review this product!",1,0,negative
en_0744436,"Make sure you're using the ""right"" kind of plastic bag

I bought this to be more tidy. It doesn't work well with the new type of non-plastic bags out there. For example, in the Bay Area California bags have to be made a certain way and you have to pay for them, and those, for example from Target, do not fit well and are nearly impossible to pull out. This product would work well for the old-school plastic bags that I'm sure are around in other states.",3,1,neutral
en_0903772,"Four Stars

Like the heater and easy draining",4,2,positive
en_0307539,"Returned

The hat did not fit my head. Looked weird. Also the logo wasn't horizontal",2,0,negative
en_0827310,"Not bad

Not a bad game. Bonus money could be more. Some of the games are a little childish",3,1,neutral
en_0268781,"Did not work

Would not connect to router. No phone number or contact fr technical support.i returned the extender",1,0,negative
en_0969455,"good binder. we've bought these before

good binder. we've bought these before, my High School son likes them",4,2,positive
en_0798065,"Three Stars, customer service makes it 4

It distorts every other radio station while plugged in. Otherwise it works as described. Update. Customer service is pretty awesome. After 3 star review I was contacted with a recommendation for support and the option of replacement or refund. I just haven't had time.",4,2,positive
en_0497370,"Good toy, but environmentally clueless

K'Nex makes good toys but over-packages in the extreme. In this set, some of the individual pieces (such as the eyes and feet) were individually wrapped in plastic, then put into a larger plastic bag with other pieces, which in turn was put into a display box that was 2 or 3 times bigger than necessary. That had been shipped individually to Amazon individually in a snugly-fitting brown box, which Amazon shipped to me in yet a far larger box. Surely, if they wanted to, the companies involved could reduce the environmental cost of all this. That said, it is fun, creative, and mostly sturdy. (The eyes, less so.)",4,2,positive
en_0046183,"The band ripped within one day

The band rip within one day of having it. I really like this case for my watch. I just wish the band lasted longer",3,1,neutral
en_0586506,"Great case.

Really like this case. Fits perfect and seems to be of good quality. Perfect for protection whilst still looking clean and classic. Great case.",5,2,positive
en_0903582,"Not worth the money

Touch sensitivity sucks on this screen protector. I have to push harder than natural to get the screen to register. In the fingerprint scanner sucks barely ever reads maybe one out of 10 times it will actually read",2,0,negative
en_0453337,"Runs very small

Liked the fabric. The camisole was very, very small!",2,0,negative
en_0460220,"Stopped working on the second time I used it.

Stopped working the second time I used it. Can't return it as I bought it a while ago.",1,0,negative
en_0407116,"Batteries wear out pretty quick. Definitely an ugly dog in bad need ...

A little slow when the lights are not one. Batteries wear out pretty quick . Definitely an ugly dog in bad need of a hair stylist!😂😂",3,1,neutral
en_0732893,"It's a brimmed beanie/slouchy

It works as a hat so I guess I got what I paid for, I have a big head so this fit more like a child size cap to me and frequently slides its way off over time, the material is great and the quality is decent so overall if you have a size 7 and below in fitted caps this will fit fine but on larger heads its more of a beanie and definitely wouldn't handle dreads longer then a few inches.",3,1,neutral
en_0764802,"Re:Great Price

Great pair of shoe's for the money !!! Fit's a little large, but on the real cold nights I put on sock's with them and they fit a whole lot better. I would order a size down from your normal foot size. Hope this help's.",5,2,positive
en_0365055,"sturdy and attractive

Quality product, sturdy and attractive; however, the height is about 3-4 inches to tall. It is an odd height and although it is usable as is I would have been much happier with and given it 5 stars if this detail wasnt missed.",3,1,neutral
en_0996397,"Great fun for multiple children

This set is fabulous. It has 115 pieces which is more than enought pieces for my son to play with his friends. The magnets are very strong and the pieces are strong and durable. This definitely lets your child express their creativity. I actually have played with this set by myself and I love it lol",5,2,positive
en_0261115,"Big wallet but great!

Zipper is good. Keep wallet closed nicely even when stuffed. Will buy again",5,2,positive
en_0888961,"Not 32 valentines in the box!!

These valentines were very cute my daughter loved them for her class. Unfortunately even though it said 32 valentines the package came with only 25 Valentines not enough!! What a pain!",1,0,negative
en_0142596,"I Own Three of These

Just a very good, reasonably priced Dri Shirt. I have 3 of these ..... happy customer",4,2,positive
en_0334023,"Make sure you have long hair and big hands!

Only good for long hair and if you have large hands. The brush is large as is the handle",3,1,neutral
en_0954286,"Cannot wear on back pocket of pants...

Messed up my pants, cause of the hard shell. The elastic wears out , loses tension too fast.",2,0,negative
en_0414427,"One broken the first day

The first day the small knife was broken, I tried to cut some box to make home for my kid’s dolls . Now when I know they are not that much study, use more careful and the rest two still alive. For the price I think I should expect thin quality .",3,1,neutral
en_0329567,"Great Buy

The little thing is very impressive for the size. The clip is sturdy and it’s really simple to connect via Bluetooth. I do wish it could be a little louder, but it’s amazing still.",4,2,positive
en_0228697,"Not bad though.

The size was a lot bigger than I anticipated. It's more so for a ""Big & Tall"" person. Not bad though.",3,1,neutral
en_0010509,"RIPOFF!!! TOO SMALL WTF

This product is absolutely too small!!!!!! I wear a 1x or a large in shirts and dress and I bought the 3x and it dosent come no where close to fitting!!!!!!!! I want my money back!!!",1,0,negative
en_0829398,"Good for a beginner prepper

A short read. Good start for a beginner prepper, but if you're not a newbie to prepping this may leave you looking elsewhere for more involved info.",3,1,neutral
en_0700580,"Two Stars

Took dog about 10 minutes to chew",2,0,negative
en_0504543,"Defective item

It worked great for the first few months. Then a part fell off internally and it stopped working.",1,0,negative
en_0200244,"Great Bag, While it lasted

I had the bag for about 3-4 months before it broke (but I am pretty rough on bags). It was perfect while it lasted. 100% would buy again.",4,2,positive
en_0288292,"My grandson is happy with them and the price was right

The order arrived on time and works well. My grandson is happy with them and the price was right.",5,2,positive
en_0305471,"Pretty buuut...

It just doesn’t seem to be as good as traditional brands of duct tape. Also, it seems to like to always tear sideways rather than up and down which is aggravating when scissors aren’t handy.",3,1,neutral
en_0514092,"Not so comfortable

Soft, satiny fabric, cushioned above the eyes but not below. The unfinished edges of the fabric are quite uncomfortable on my cheeks under the eyes, even after loosening the strap significantly. Won’t work for me, unfortunately.",3,1,neutral
en_0587793,"Great item!

Super durable! I was worried but this has worked out beautifully for my camping trip. And I weigh about 220 pounds and it didn't deflate at all.",5,2,positive
en_0664897,"Works

It’s a good price for how many you get. They work as stated. I did receive one that didn’t work but not a big deal.",4,2,positive
en_0391780,"Read this other book instead.

Please read “Leave a Cheater, Gain a Life.” It is the only book that will honestly tell you what to expect from your cheater.",1,0,negative
en_0258368,"Good visor, ship it better

Visor is okay but it was shipped poorly. This should come in a box not envelope. It was very bent/misshapen when I received it. Had to work hard to get the visor curbed the right way again.",4,2,positive
en_0105311,"Returned this item.

I could not get this unit to pick up local radio stations. Displays looked junky. Overall impression is of Chinese-manufactured garbage. Spent a few hours fiddling with this product and then immediately returned.",1,0,negative
en_0625552,"Works great, I Brazilian wax myself and the auto temp ...

Works great, I Brazilian wax myself and the auto temp is really helpful doesn’t get too hot. When the light is red it means it’s heating up and when it gets to blue it means it’s ready to be used. I would like it a tad bit hotter when it’s on blue because I like a less thicker consistency but it still works great",4,2,positive
en_0821904,"One Star

Disappointed in how large and heavy these glasses are.",1,0,negative
en_0454853,"Buy a set!

Very good bowls! These seal great when putting leftovers in the fridge 😁 Well worth the price!",5,2,positive
en_0536042,"Need a lot of room between frame and body of truck.

Do not buy if you have a Toyota Tundra no room to mount. There is nothing easy about mounting this unit when there is no room on your frame rail. Trying to get tech support I was on the phone for a half an hour waiting so I hung up. Broke the cheap plastic air filter fitting during install. Called tech support again and they are sending me a new air filter which is nice. Total disappointment with the mounting bracket very large and bulky you need a lot of room between the frame rail and body of you truck which I do not have. Oh yeah and I had to take of my tube step off in order to mount a drill holes in frame. EZ-mount my ass.",2,0,negative
en_0503141,"Good quality

Seems to help with foot pain a bit.",4,2,positive
en_0873308,"Nothing to write home about

I honestly don't think this works any better than any other of the countless similar skin tightening products I've tried.",3,1,neutral
en_0672169,"I didn't even know I had been battling foot fungus ...

I didn't even know I had been battling foot fungus. The callouses just kept going and coming. SO tired this and it took some weeks but it worked. I had been dealing with the condition for years after a visit to get a pedicure for my birthday. Ladies pay attention it's not just dry skin...",5,2,positive
en_0593758,"Case doesn't fit. This is a case for the ...

Case doesn't fit. This is a case for the 3B and doesn't account for the new chip for the 5G wireless chip on the board and makes access to the pins difficult. I mean COME ON. But the Pi itself is AWESOME.",3,1,neutral
en_0468495,"Cheap, good for little kids not teens

Very cheap feeling, good for a little girl maybe. Not for a older teen for sure.",3,1,neutral
en_0141671,"It’s ok

It is very dry. Leaves my tan skin with a white look.",3,1,neutral
en_0228351,"Excellent customer service

This hamper wasn't exactly what I was looking for, but the manufacturer did an awesome job helping me find a better option. Really appreciate the excellent customer service!",4,2,positive
en_0359487,"Baseball tshirts

They look small for a men's medium. Will know after Christmas if they need to be returned.",3,1,neutral
en_0031280,"Comes apart after very little use.

I only use this backpack once a week or less when I commute into the city. One strap is already completely coming apart and so will soon be useless to me. It needs to be replaced, but I don't see that as an option. It has had VERY minimal use to be falling apart already.",2,0,negative
en_0922688,"Not very bright and in temps below 20 degrees they ...

Not very bright and in temps below 20 degrees they start to flash and go out. Other then that they are decent.",3,1,neutral
en_0348794,"Too small

A little bit of halo effect, but was able to reposition and eliminate most of it. Cleaning materials are lower quality than some protectors I’ve used in the past. Instructions are a funny translation from another language. Worst part is this protector is really thick. Maybe that’s normal for tempered glass, this is my first non-film protector, but the sizing isn’t quite correct and one side of my screen shows a rainbow, refraction seam. This is not a halo, but because the size of the protector doesn’t exactly align to my iPhone 8. I know it is supposed to go on just the flat part, but it is simply too narrow to get the entire lcd, even when positioned perfectly. Rainbow edge is super irritating.",2,0,negative
en_0552729,"Complete Letdown

Every negative review is accurate! Doesn’t charge right, doesn’t sync right, won’t connect, readings are off. Honestly not sure why I still went ahead and purchased after reading these. I saw a lot of online reviews and people using them and thought it couldn’t be that bad. But it was. I’ve never been this frustrated with a tech product than I was with this. No support and terrible software.",1,0,negative
en_0572604,"Oops

Not what I was looking for. Have them to my girlfriend. Small bands.",2,0,negative
en_0800092,"Truly Plug and Play

Works like a charm. Received in great shape. Thank You. It makes 2 video screens exactly the same.",5,2,positive
en_0153193,"Good, simple game

Easy to play. Good time waster.",4,2,positive
en_0683859,"Rabbit lives these

Our rabbit loves these little biscuits. If I so much as rattle the bag, she comes running up from wherever she is.",5,2,positive
en_0341172,"Four Stars

Work good my great grandson loves them",4,2,positive
en_0270669,"I love it, looks just like the pics

5 foot 10, 145 pounds. I ordered a small, I love it, looks just like the pics. Its definitely a tunic, not a dress for someone my height anyway. Sleeves a too short though so I took off a star for that.",4,2,positive
en_0989770,"Love this

Love it, bought for my wedding. We all used it the night before.",5,2,positive
en_0759265,"Five Stars

Great on dark clothes- less lint and pet hair stuck on clothes.",5,2,positive
en_0015595,"the clasp isn't sturdy

The clasp isn't sturdy and where it curves to clasp the phone it snapped and is now unusable. Very disappointed. James W. Buck",1,0,negative
en_0788820,"Junk

Way to tight. Won't work.",1,0,negative
en_0079868,"Handle and everything is great

This image does nothing to the actual clutch. This is a perfect party wear purse. Very good to look at.",4,2,positive
en_0607683,"Also they claim it is leather but it feels like plastic. I’m giving 3 stars because they issued ...

It wasn’t as thick as I thought it was. Also they claim it is leather but it feels like plastic. I’m giving 3 stars because they issued me a full refund and let me keep the product.",3,1,neutral
en_0555963,"If your reading this that meaning your getting married... So congrats!!

I'm 5'9 and it was longer then I expected which isn't a bad thing but I did alter it to fit the length I desired to work with my dress!! It's simple and I love it!",4,2,positive
en_0872990,"Look for other Blink covers

Not a bad product but there are other Blink weather proof covers that work better.",3,1,neutral
en_0660609,"Supplies fall out

It's neat but the supplies keep falling out. I wish there was Velcro or something to keep the door from opening.",3,1,neutral
en_0519589,"Very bright

They are nice and powerful. The rubber button came off the smaller flashlight, and the bigger one shuts itself off all of a sudden. Not sure why. I really like them despite their faults, they are very strong.",3,1,neutral
en_0291988,"Cleaning kit

Is a very well stocked kit The entire kit will serve all my needs",5,2,positive
en_0003065,"Does the job

Bought this backpack to use a personal item on Spirit Airlines. Mission accomplished. It's pretty well organized with a okay quality for the price.",4,2,positive
en_0570489,"My dog loved it and it was cute

My dog loved it and it was cute. However, it didn't last very long before my dog ripped it into pieces. Now we have part of the body and head, a separate tail and no arms. The clicker and stuffing (minimal stuffing) was ripped out within less than 30 minutes. But the dog loves to play with the pieces!",3,1,neutral
en_0504043,"It works, but not the way I like

My search continues. This product works, and did not remove natural waves. It allowed me to style and left a kind of dull shine. But it left my hair crunchy and hard. That is the trade off for the nice hold and retaining the full look all day. For me, I couldn't take it. I like to feel my own hair and I like ladies to feel it. With this product, that was not a pleasant thought. This product has some really great ingredients in it. I'd like to find a ""lite"" version of it that works on the hair without so much stiffness.",2,0,negative
en_0943915,"It’s okay

The scents are weird. Can be overwhelming... they type of scent. The sent does away after like 2 days.",3,1,neutral
en_0932000,"Nothing sticks to it

It’s nice and slim and seems pretty sturdy. But you can’t add a magnet, pop up or ring. Nothing sticks to it!",3,1,neutral
en_0135413,"Very good

Bit too hot if you want to use to warm your feet.",4,2,positive
en_0131922,"fits great

FITS MY XDS WELL IT IS A LITTE LOOSER THAN I LIKE GREAT IN SIDE THE WAIST HOLSTER",4,2,positive
en_0212059,"Great! But coulda been sent a better one 😒

My first Tamashii Figuarts I've ever bought and I love it! Only gripe I have is when I received mine the left leg is hard to move and creaks really loudly when I try to move it.",4,2,positive
en_0274508,"Hold your nose

Train doesn’t stay on tracks well and the fumes are horrendous. My 3 year old loves it since it runs on a hardwood floor, but the smell is overpowering.",2,0,negative
en_0023781,"Cheap material

Very cheap material. Nearly tore during first use.",1,0,negative
en_0540492,"Camera Only Lasted 3 Months

This Camera was functioning perfectly up until the 3 month mark. It no longer will stay on for more than a few minuted before it needs unplugged and plugged back in. I never left this camera in the car to be exposed to heat it always came inside the house or to work with me.",1,0,negative
en_0525702,"Not worth it.

Sent it back. Spend more $ and get a good one.",1,0,negative
en_0124234,"Very positive

I put these up around my classroom and my home. I put one on my front door because I think it’s important for people to be uplifted.",5,2,positive
en_0313316,"Non- stick... no

Worked the first few times, now everything sticks to them... wouldn’t say easy to clean but not a lot of scraping needed",2,0,negative
en_0784049,"Love it

Helps with my dry flakey skin!",5,2,positive
en_0057912,"Awesome inflatable longer

It is so lightweight and compact design with instructions on how to inflate. Easy to carry in the bag provided. The lounger is made of high quality material and looks resistant to punctures. My husband loves it. It is great for outdoor activities, excited to use this soon.",5,2,positive
en_0340438,"Good backup charger

This charger does what it intends to do but the charge definitely doesn't last as long as the original. Good as a backup charger.",4,2,positive
en_0848667,"Received used

I just received this product today and it’s been used. The inside has crumbs all over the bottom and the steel inside is stained",1,0,negative
en_0832988,"zipper broke after one use

Pretty pattern and good size but the zipper broke after one use. Bummer. Sending it back.",1,0,negative
en_0693335,"The need to put in directions

The package had no instructions and the process was not self explanatory.",2,0,negative
en_0576922,"Works amazing. WiFi bridge

Super simple to configure, just connect and obtain an ip by dhcp, log in, connect to a wifi router and obtain a bridged ip, not routed.",5,2,positive
en_0790769,"Meh

This stuff is good from the ECO stand point But gets every where . Does ok with odor",2,0,negative
en_0958546,"I would not order this item again.

You can see from the attached photos how this product arrived. I would not order this product, Vanilla Products USA 5 Near Gourmet Grade A/B PNG Bourbon Type Vanilla Beans 6-7, again.",1,0,negative
en_0075025,"Moves up

Very comfortable material but the top gathers up. It needs something to keep in place under the breast.",3,1,neutral
en_0736012,"EXCELLENT PRODUCT!!

My main purpose for buying this product is to steam my vegetables because this is the most healthiest way to preserve all the nutrients where boiling or microwaving loses valuable nutrients. I really love the style and use of this product.",5,2,positive
en_0292676,"Good Value

These aren't the most durable cords in the world, but if you get 5 of them for this price they don't have to be.",3,1,neutral
en_0368622,"Too Easy to be Lost in a Bad Way

A lot of the stories were confusing and lost me. I wasn't quite sure what Was going and would have liked more information, especially the basic information such as when, where, groups involved, etc.",2,0,negative
en_0809866,"Flattering fit

Overall like the dress a lot. Soft material, great pattern. A bit clingy, but with proper under garments it’s okay. Would purchase another. Really like the length and cut, it’s flattering on my curvy body type.",4,2,positive
en_0979854,"Falls off while driving!!

Unfortunately this product is basically useless for my car. The material it's made with clicks my radios screen, so I have to put it on the vent closest to my wheel. Not a big deal except it pops off randomly and scares the crap out of me and with it and my phone being decent weight, it's enough to make you jerk your wheel. It also blocks alot of heat coming from my cars small vents. Overall, don't suggest. My husband has a magnetic one and it works so much better. Also not a creepy looking robot cat.",3,1,neutral
en_0683774,"The lights look great and everything but when I connect both sets of ...

The lights look great and everything but when I connect both sets of lights the black box starts rattling. It doesnt if I connect just one, either or. but once both are connected it starts rattling on the inside. Anyone have the same problem?",3,1,neutral
en_0069047,"Super cute, heavy clasp

Super cute, I bought the XS for my 6 pound long haired chihuahua and it’s adorable. I am a little worried about how heavy the clasp is, though. Chihuahuas and other small dogs have such delecate necks/throats and this clasp is SO heavy so I’m hoping it’ll be okay. But overall it’s really cute and the heavy clasp wouldn’t be a problem on a medium-bid dog!",3,1,neutral
en_0508125,"Not pleased with it

I bought another poly gel set by another company and was pleased with it. Although the gel from this kit is easier to work with, in my opinion, the gel forms don't match the size of my nail bed. They are a little too big and square. Also, after I apply the nail forms to my nails and cure them in the lamp, they are ridiculously to almost impossible to remove. This company's poly gel kit doesn't work for me.",2,0,negative
en_0168587,"No leaks!

Finally a tent that doesn't become a swimming pool during storms! The rain fly is a bit of a struggle to put on but you won't get wet.",4,2,positive
en_0433863,"One was broken

Ok but one was broken",3,1,neutral
en_0669675,"Yummy

Came on time nicely boxed and delicious. Would definitely buy it again.",5,2,positive
en_0928106,"Be careful if your pet wears hanging tags on their ...

Be careful if your pet wears hanging tags on their collar. When eating our girl's tag has gotten wedged in the metal frame and she has drug the whole thing through our house a couple of times. Collar is off until I can buy a new set up.",2,0,negative
en_0187524,"Kinda small, low battery life

It’s kinda small and the battery runs out quick but the price is good",3,1,neutral
en_0687602,"World map poster

I liked the way it looks but too high level. Hard to scratch within the small areas without going over Nothing to intrigue me to travel in any specific area",3,1,neutral
en_0469508,"Great Product

They don't have a size for daschund breed, I'm having my altered by a professional seamstress. Much too short, otherwise well made and good material. Easy to put on yourself and the puppy.",4,2,positive
en_0573944,"No cardboard covers, no free gift coin

Coins are nice though they came in a bag and were not in cardboard covers. I also only got the 7 coins and no free coin.",3,1,neutral
en_0215711,"You had one job!!!!

When your one job is to sew two pieces of cloth together, machine aided, and you can't get that right.Poor quality, poor production! Save your money and time on these shirts and look elsewhere.",1,0,negative
en_0564315,"Three Stars

One came broken, others were very weak. Would be sufficient for collar only, if not moving around.",3,1,neutral
en_0574235,"Yep, it's awesome!

Problem solved with step in dark garage! Great product, easy to apply and stays in place! Glows in the dark, as advertised! Highly recommend!",5,2,positive
en_0575607,"The taste and smell of this is horrible!!!!!

This stuff tastes seriously horrible, I received it today and I hope I can tolerate it to finish the container but I honestly don’t know. It gave me decent energy without any jitters but it definitely doesn’t get me as amped as other products.",2,0,negative
en_0280097,"decent Vortex Grips

My fiancée said these aren’t ant different then the generic Version of these grips at Walmart which is almost half he cost. Once you do get used these you never want to play without them.",3,1,neutral
en_0024705,"Tracfone no longer has service for 2 and 3 G phones in my area

Bought phone card but can not use it for my LG 440 phone because they discontinued service for 2 and 3 G phones in my area. Was told to buy 4 G phone and they would not give me a refund for airtime card. I think I should have been given some type of notice they were doing away with these phones.",1,0,negative
en_0090219,"Goggles were well constructed but had a terrible glare on the inside of the lens making it ...

Goggles were well constructed but had a terrible glare on the inside of the lens making it extremely difficult to see underwater",2,0,negative
en_0631516,"I want correct items that were paid for.

Absolutely incorrect item. I never received what I ordered and paid for. Very very disappointed. Lose money and not able yo get what I ordered.",1,0,negative
en_0241512,"Slow charging ad can be

The charge the phone but it takes for ever to charge! I did a test with an Iphone original and this one and this plug takes much, much longer to charge. No good quality!",2,0,negative
en_0236840,"Easy to use, and works great.

Works great. I find it almost as easy and quick to use as the stuff in a can. The scent reminds me of the soap my grandma had in her house, and I find it pleasing.",4,2,positive
en_0785604,"Damaged in shipping to Amazon locker.

Amazon ships most items in boxes but this FOOD item is shipped in a bag. Inside the bag, the manufacturers box was completely crushed and looked like it might be a customer return.",1,0,negative
en_0773392,"Eh...

Kind of rough on the gums",3,1,neutral
en_0166650,"easy and efficient

a friend of mine recommended I buy a food saver since I live alone and often have left overs. I used for the first time to package individual chicken breasts it was so user friendly and worked with out a hitch. After using it for a few times it does not suck and seal as well as it once did. I plan on calling the manufacturer soon to see if maybe it is defective. Overall, I would still buy it!",3,1,neutral
en_0654930,"Broke after 4 months

Got this in July and I hoped it would last a long time. It broke yesterday Oct 8th. The wheel collapses upon itself and doesn't fit well in the slot anymore. I am only 188 lbs. I can't imagine what would happen if you were in the 200 lb range.",1,0,negative
en_0920922,"Battery conductor

The battery conduction point is lose and it has to be really fiddled with to make the little vacuum to work. It doesn't really pick up staples, which is what I really wanted it for. Does an alright job on dust.",3,1,neutral
en_0244791,"Smells horrible

In and of itself these are great but they smell horrendous. I’ve washed them 3 times and they still have an awful chemical smell.",2,0,negative
en_0656292,"The bags are flimsy and rio easily. I will not purchase this item from you ...

The bags are flimsy and rio easily. I will not purchase this item from you again.",1,0,negative
en_0700517,"Very pleased with quality and options

I am ""princess and the chair"" at work. Nothing suits me for an entire 8+ hour day but this stool gives me a few good options in concert with my adjustable desk. So I can sit low for a few hours, raise my desk and the stool and sit in another position, or stand at my desk and just kind of lean my butt on the stool. I also have a regular office chair handy in case I want to slouch but am using that less and less, the more i get used to this. And it does take some getting used to. You're using muscles and your spine in a different way. So be patient.",5,2,positive
en_0878485,"Five Stars

The color balance and quality of the image are great! Love it.",5,2,positive
en_0740716,"Preformed as expected

preformed as expected, I was happy with the quality, price was reasonable although not a ""super"" deal, delivery was as stated, and I would purchase from the seller again.",5,2,positive
en_0050155,"Works ok

Works like average potting soil",3,1,neutral
en_0595290,"I would like to see more thorough instructions with the option to ...

Clever idea. No instructions on how to teach dog to use it. Instructions on how to put it together were in pictures, no words. That worked ok for this simple item but generally I find that unacceptable. Seems most items these days come with minimal instructions but include 3-5 languages. I would like to see more thorough instructions with the option to receive in other languages if desired.",2,0,negative
en_0008556,"Its not what i wanted

All I wanted was a simple game of Bingo. This was not it. To many ads and 'come-ons' to purchase in order to continue for me",3,1,neutral
en_0016778,"Good product

Fast shipping, great product",4,2,positive
en_0677599,"Great product for the kitchen!

This product is made very well and is easy to use. The instructions were clear and helpful. It contains several blades so the options are endless on use. The blades come with a storage unit, but it still is several things to store because it doesn’t all fit into one unit. I would highly recommend it though.",5,2,positive
en_0270913,"I would like it replaced

The red needle is laying loose inside. I would like it replaced . Thank You",3,1,neutral
en_0571778,"Cheap RCA connectors.

RCA connectors failed after one use. Very cheap.",1,0,negative
en_0420977,"Works great and is very reasonably priced

Arrived sooner than expected. Works great and is very reasonably priced! Happy with this purchase!",5,2,positive
en_0894115,"Smells

This shirt has a bad smell to it that is cancer get out... can not wear it ...",1,0,negative
en_0542222,"They're bulbs

What can I say, they do what a bulb does.",5,2,positive
en_0161457,"Arrives broken ... poor shipping

They just throw these real dried leaves that are in a plastic bag in a mailer with whatever else you ordered which means they arrive broken. These should have been packaged in a way to protect the leaves in shipment.",2,0,negative
en_0346900,"Looks Great

The shirt and sticker were both very good quality.",5,2,positive
en_0683922,"Good product especially for the price

These are one of the better gloves in my opinion. They are decently warm until we get to very low temperatures. The touchscreen feature works really well. My one issue with this product is that it can get snagged on things pretty easily and start to unravel.",3,1,neutral
en_0777649,"Three Stars

Weird material but fit pretty well. I wouldn't purchase again but I'm fairly satisfied considering the price.",3,1,neutral
en_0382645,"Check the bag

I like the product. Don't like the fact that I was shorted a nut.",3,1,neutral
en_0981243,"Bad product doesn't charge in when it do only for ...

Bad product doesn't charge in when it do only for a hour in a nother thing one of my head phones wires didn't have a cover around the wires",1,0,negative
en_0848279,"Good washer

My car is one of those that you see on the road that needs a car wash desperately. I get free car wash at my local Nissan dealership but the last few times I went, their car washer machine was down or there’s too long of a wait. Thought might be cheaper to get a spray and wash my own car. I am very suprised it’s very easy to put together. It comes with a couple settings and lever to adjust the water, It works and have decent pressure, but be warned it’s NOT the same level caliber like an electric powered pressure or professional washer, but it works decent and I have used it to wash my car and hosed down my side windows. I am not complaining since it’s not too expensive of a washer.",5,2,positive
en_0504067,"Poor picture quality

I’m disappointed in the picture quality. It’s very blurry and even hard to see the baby. We had an older version for our first kid and it was much better. Also I don’t like how many buttons you have to push to just turn up or down the volume. Again the older version had volume control right on the device.",2,0,negative
en_0338096,"I can depend on Amazon to get it right.

A little smaller than expected...but still beautiful...use it for church outfit.",3,1,neutral
en_0794212,"Shipped in original box

This item was a gift and I didn’t expect it to be shipped in its original box. Very disappointed because my surprise was ruined.",3,1,neutral
en_0789310,"Three Stars

I like the skirt is fine..but the blouse is to short...I have to fix it..",3,1,neutral
en_0950733,"It's Okay

Use it & throw it away",4,2,positive
en_0266105,"Small

Very small and fragile. Definitely only to look at.",3,1,neutral
en_0394686,"Great quality

Good quality, not hard to assemble but it take little time, my 2 years old son having a little hard time riding it and he is not a small boy but I guess in a couple of months it will be fine",3,1,neutral
en_0508660,"Poor quality control?

I ordered one of these last year seeking an inexpensive option for face cover for biking and being on the water, and this was perfect! This time I ordered two, and was pretty disappointed. They’re both very loose and fall right down when you pull them up.",3,1,neutral
en_0716033,"Goes on perfectly every time but doesnt hold up

The good: As a protector the product works great. No air bubbles, increased sensitivity, Extremely easy to install. I really liked these protectors but... The Bad: Im on my 3rd protector in 2 months. Ive used ""Glass Protectors"" since the Galaxy S5, and have only cracked one protector since it came out. These are weak and seem to crack at the lightest pressure. I guess its still technically protecting my screen, but I dont like the cracked look.",3,1,neutral
en_0235843,"Three Stars

sand paper is sand paper",3,1,neutral
en_0834312,"Fun Fun Fun!

Assembly was simple and all the holes matched up. It's a solid box and great for camping or backyard use.",4,2,positive
en_0077315,"Cute but do not work for more than one day.

I purchased 3 sets of these lights for my windows from 3 different companies, and every single set went out after only one day. I was a fool to have puchased three sets of these lights.",1,0,negative
en_0753684,"Small

Smaller than expected",3,1,neutral
en_0948537,"Cracked then shattered within a week. This was my ...

Cracked then shattered within a week. This was my second purchase this item the first lasted longer, but also shattered on impact from a short drop. Also, inhibits touch screen capability.",1,0,negative
en_0860133,"One Star

Total junk! They don't Wick at all and quickly leak over the leg bands also sized way too big.",1,0,negative
en_0964309,"Not badd but I had to make a change

I got this seeking it was the perfect fit in it should have been according to what I saw in the description of period what I ended up having to do was clip off the Velcro and double sided sticky tape it set a back farther so that I can fully close up and not blow off of the grill. Once I did that it works great and I love my blackhawks!",3,1,neutral
en_0720890,"Order did not arrive

Order did not arrive!",1,0,negative
en_0609766,"Good gift

I purchased these blankets for my 2 boys. They like them but 1 of the blankets tore at the seems pretty easily.",4,2,positive
en_0651101,"Insanely sized.

The product itself feels lovely and well made.... but where in the world did they get their sizes from? After reading reviews I ordered a 18m for my daughter who is in 24 m, but it is twice the length of her other clothes. Now I’m debating whether to return it or wait until she is big enough to wear it- but it could be years !",3,1,neutral
en_0978164,"Doesn't Work for Hammertoe

Uncomfortable to wear and didn't hold down my hammer toe like I thought it would. Obviously I probably need to get surgery!",3,1,neutral
en_0299945,"Doesnt Last

Your product of the six feet gold Iphone 7 plus charger is not up to par with my expectations. This charger is unable to provide me with a fast battery renewal in my times of need. Although it works, the paste that it charges my phone at is extremely useless unless I am charging my phone overnight. Which according to the Apple Corporation is not recommended. The charger is most definitely not deserving of 5 stars but 3. I hope you can improve on this product so it could be more reliable in the future. This was not worth the price of 13 dollars and 98 cents. I hope this is helpful to your company.",3,1,neutral
en_0685825,"Pretty but pens are tall and thin

The silk flowers on the tops of these pens are really pretty and very colorful, but the pens are so long and thin that it is very hard to write with them. The points are fine rather than medium. They make a very pretty bouquet of multi-colored roses as well as pens.",3,1,neutral
en_0280938,"Not a good fit

Doesn't wrap the entire screen. Stay away",1,0,negative
en_0633224,"Fit

The slipper fit OK in the front, however the rear was about 2"" too long.",4,2,positive
en_0534203,"Ridiculous sizing chart..

Sizes are stated incorrectly. Quality is excellent but what good is it if you can't wear them?",3,1,neutral
en_0406577,"Doesn’t work on iPhone.

Works for about 2-3 min before reporting error on iPhone.",1,0,negative
en_0508277,"Bad packaging

Horrible packaging. Box arrives completely crushed.",3,1,neutral
en_0846034,"Does fit 96 subaru legacy... sort of.

I got this set, to replace a small number of clips on my 96 subaru legacy. These fit every location, except the rear strut location. So, to detail the locations the clips work, The front brake line to hose location, the front hose to strut location, and rear brake line to brake hose location can all use these clips. They also secure the hoses very well. The metal is kinda on the soft and thin side though, this makes me wonder about longevity, but I have no complaints and not enough time to test this judgment of them.",4,2,positive
en_0988009,"Seemed like a really cheap product

Seemed like a really cheap product ..the piece to rest my phone on was always bent ..didn’t seem like it held up.",1,0,negative
en_0472088,"Complete assembly. Perfect fit.

On time and a perfect fit.",5,2,positive
en_0779921,"never received, was told they did not clear customs

never received, was told they did not clear customs",1,0,negative
en_0107017,"While I received six rolls, they were not individual ...

While I received six rolls, they were not individual colors. It was 2 rolls of 3 colors. I wanted the 6 colors for use in moving; color coordinating each room, so I had to go out to buy more colors and now I am left with rolls that I don't need.",3,1,neutral
en_0153514,"Stay away!!! dead after 2 months and cant contact the seller

Stay away!!! dead after 2 months and cant contact the seller stay away",1,0,negative
en_0192544,"Held up initially, but I can tell the Velcro ...

Held up initially, but I can tell the Velcro that wraps around my bike frame is starting to wear out. Every now and then the cartridge falls off if I hit a speed bump a bit too hard.",4,2,positive
en_0590751,"The quality of the product was good as well

Belt worked perfectly for carrying money and cards. The quality of the product was good as well. I did find that placing a cell phone in there made it too bulky under my clothes",4,2,positive
en_0878518,"Three Stars

Yellow and green would not work no matter what I did.",3,1,neutral
en_0131552,"fast

Got this RC Truck for my grandson. There is a lot to like about this car. It is fast, faster than other RC trucks its size.",4,2,positive
en_0788608,"Poorly made

It is very poorly made and doesn't work",1,0,negative
en_0073684,"Center button emblem doesn’t stick

Was able to add the chrome ring to the headrest but the Jaguar emblem for the button does not stick. The chrome ring still adds a nice touch though.",3,1,neutral
en_0277790,"No bad for price

First one had no screws but second one was built and seems cheap but so far its holding 4 purses and 3 coats",3,1,neutral
en_0941624,"Very light weight

Just as pictured. Expected it to b a little bigger but that’s alright. Also it is very light weight so I hope it stays.",4,2,positive
en_0081208,"Better than your average.

Very good sauce, it tastes better than what it smells like. If it's available to you locally definitely get it, it's better than your average pizza sauce you would get at the supermarket. Not worth ordering as there are better options where I am, but again it's very good, just didn't blow me away.",3,1,neutral
en_0145046,"Two Stars

i was not a fan. would not purchase again",2,0,negative
en_0990059,"Fun game for the most part

Bought this as a present and I have one my self for my ps4. It’s a fun game but get ready for a massive head ache It is a lot of fun to play and What not but if you do use the headphones like I like to do to get more real life experience, play get ready to get a headache because the game is pretty scary",3,1,neutral
en_0536903,"Great

Great for beginners and travel",5,2,positive
en_0394449,"This has a very good bond strength

This has a very good bond strength, and a little more work time than some others. I would have given 5 stars, however the caps that come with the bottle do not work well and the caddy is sort of cheap and flimsy",4,2,positive
en_0471080,"A bit complicated for a novice

It took some getting used to, but is a good choice.",4,2,positive
en_0589277,"Its really big!

I was skeptical when I saw the size of the box but gosh darn it, its huge! It looks great, inflates fast and stores in a less than a shoe box. I cant wait to put it up in a couple weeks.",5,2,positive
en_0855027,"Will never travel without it again!

Bought this for my vacation and glad that I did. It smelled great. Will never travel without it again! Great travel size and discrete. Would love to try other scents!",5,2,positive
en_0455203,"One Star

Pages in book were blank. Can't follow story.",1,0,negative
en_0991742,"Not the condition described

The book was not in good condition as described. It was literally falling apart and the seller had duct tape all over it.",2,0,negative
en_0641749,"Five Stars

They work well. Enough for 200 pairs of earrings too.",5,2,positive
en_0762803,"Different hair styles

I ordered these for my 3 year old niece and my sister has learned a lot of different hair styles.",5,2,positive
en_0110976,"No subtitles!

We can’t get the subtitles working and it works on all our other prime movies!",2,0,negative
en_0151684,"Four Stars

Performing well so far.",4,2,positive
en_0913432,"Helpful

Works great for one it was needed for came with a lot of helpful tools",5,2,positive
en_0916586,"Great headphone stand

I use this to hold my headphones when I’m not wearing them, and it’s also an interesting conversation piece.",5,2,positive
en_0649964,"Must point directly at the Roku device. Have to ...

Must point directly at the Roku device. Have to push the button a few times for the command to go through.",2,0,negative
en_0373497,"Don't use Amazon for home services

Find a local yourself instead of going through Amazon for such services",1,0,negative
en_0824482,"Poor exterior quality

Outside plastics look cheaply made",4,2,positive
en_0178095,"I use it in my bedroom so I can get ...

I use it in my bedroom so I can get my footing get in & out of bed (I'm handicap)probably get another one in the summer",4,2,positive
en_0819428,"Poor packaging and wrong instructions

These are literally a couple seeds in plastic containers. That's it. I thought they would have growing instructions for each species but instead I received a booklet on how to grow herbs....",2,0,negative
en_0227618,"2 broken

Bought these to make Easter baskets as care packages for my son and his friends. Good size and was what I was expecting, except that 2 of the 12 baskets were broken :(",3,1,neutral
en_0845967,"Will have it done professional next time

Broke lcd while trying to remove broken screen",4,2,positive
en_0748581,"Would definitely buy again

All the sents smell great.",5,2,positive
en_0703439,"Its been 8 months they no longer cut

For some reason if i dont use them continuously the blade gets stuck and will not vibrate at all in order for them to cut anything. They get really hot as well if your looking to use them in a busy shop i wouldn't recommend being from this seller.",2,0,negative
en_0645548,"HORRIBLE

HORRIBLE DONT GET IT IT IS THE WORSE THING EVER IT MIGHT LOOK GOOD BUT IT IS NO",1,0,negative
en_0736239,"Easy to use - did the trick

Easy to use - did the trick! However - the clamp was a bit broken and so I had to pinch the hose myself which can get... messy. Water squirting everywhere out of the hose is not something you're looking to deal with while also trying to administer an enema. Further - the box was damaged. The products were unopened and unused, but the box was thoroughly beat up - scratched, dinged, torn at some corners.",3,1,neutral
en_0045600,"Love the product and what it does

Love the product and what it does. I gave it only 3 stars because- The bottle cap popped off during my project and I wasted half the bottle. It was a mess. Thankfully my project wasn't ruined. Disappointed how many times this happened! I was being very carefull I didn't return it due to the inconvenience and hassle returning one small item. Hopefully Ranger reads this review and others. They need to come up with another dabber that works as its supposed to. Thank you for reading-",3,1,neutral
en_0814807,"Three Stars

Towels are a bit small. No really a bath towel for wrapping yourself in. Barely covers my head.",3,1,neutral
en_0076375,"Five Stars

This would make a great gift for your tea loving friends. Great taste! Also good packaging!",5,2,positive
en_0833409,"****

Not really a flavor to these. I make a butter mint cookie and could not find them locally so ordered through Amazon. No flavor of butter mint at all",1,0,negative
en_0395199,"Good overall mouse.

I cannot comment on battery life, but overall this device is good. Unlike some cheap air fly mice I used in the past, the mouse pointer of this one moves quite accurately and I would have given it 5 stars if it wasn't for the annoying fact that each time I need to move the cursor across the screen, I need to click the laser pointer button to activate it.",3,1,neutral
en_0231184,"Colors shown are VERY misleading!

I ordered these because I wanted rich jewel tone colors. Didn’t get any deep rich colors! These look like ok washcloths but the advertising is very misleading. I will just go to Walmart and pick out what I want. I feel like the picture showed deep rich colors just to get people to buy them and feel like I sort of got ripped off.",2,0,negative
en_0730621,"Junk

Had to press very hard to get touch to work. Wouldn't stay on phones",2,0,negative
en_0608265,"Differing finishes

Good product. My only dislike is that the white and black colors are opaque while the rest are translucent so they don’t go together very well. My SPD toddler requires the opaque ones removed.",4,2,positive
en_0648194,"Comfy!!

These boots are quite comfy! I am on my feet for 10 hours a day at work and my feet are happy at the end of the day. I'm thinking about getting another pair in a different color....Definitely would recommend.",5,2,positive
en_0960375,"Instructions are unreadable

The pieces are ok, but the instructions that came with them were terrible.",2,0,negative
en_0034440,"Absolutely Love It

Love this umbrella! I love the fact that I can get in my vehicle and close the umbrella with ease and without getting myself soaked in the process.",5,2,positive
en_0423778,"Don't waste your money

Don't waste your money, these pans are total pieces of junk, after following the directions and only using them one week, the copper material is bubbling off the bottom. A total waste of my hard earned money.",1,0,negative
en_0897488,"NO WALL CHARGER JUST USB CABLE

Does not come with a wall charger. This company expects customers to have extra wall chargers laying around or have USB charging ports?",3,1,neutral
en_0309093,"... got this for my little girl and we both love it! Shes uses on her nightstand as a ...

I got this for my little girl and we both love it! Shes uses on her nightstand as a nightlight. I love how its soft and ok to touch. So so cute!!",5,2,positive
en_0337883,"Eh...

Train can barely pull 1 other car up a low grade track.",2,0,negative
en_0670263,"If You MUST Have An Air Fryer This Is A Good Option

Had been wanting an air fryer for some time now. To be honest, now that I have one I'm wondering why I wanted it. Ours sits seldom used. It does not save time, has limited cooking space and is just one more thing to clean after dinner. Though this one is easy to clean. If you are looking to get one this is a pretty good quality unit. Works as advertised for the most part. One drawback is the rotisserie feature. Don't get me wrong. It functions properly, unless you put a bird on it. I put a small chicken in and the legs and wings constantly dragged the bottom. Kept waiting for the gears to break. To the manufacturer's credit the machine pushed right on through. If I do another chicken I will probably tie it with some cooking twine. If you must have an air fryer this is a good one to have. Personally I'd rather use my oven.",3,1,neutral
en_0983711,"Expected too much

It’s cute, but you cannot personalize this one. It was smaller than I expected and not high quality, but it will serve the purpose and the price was right.",4,2,positive
en_0632282,"Chair Cushions

I’m not too happy with the quality plus in less than three weeks two of the ties fell off..😑",3,1,neutral
en_0961098,"Works but..

Doesn’t come with all the listed attachments.",2,0,negative
en_0596003,"Projects time in the ceiling

I still cannot set the correct day with the date. It doesn't work very long with just batteries.",3,1,neutral
en_0053857,"corners tear easily

This product broke after only a few months use",1,0,negative
en_0722893,"Not bad for the price

If you want a cost-effective fitness tracker that will give you a reasonable estimate of steps, heart rate, and sleep, then this isn't a bad option. The steps are definitely an estimate (it gives credit for standing at the sink washing dishes, for example), but pretty accurate when you're actually walking. I don't think the heart rate is that accurate, but I don't care too much about that feature so that's not a problem for me. And I don't know that the sleep estimate is completely accurate either, but it sortof interesting. The battery life is the most irritating part, as mine is only lasting ~2 days, and keeps running out of battery in the middle of the day, which means I lose out on half a day's worth of data on a regular basis. But overall, it has allowed me to have a better idea of how many steps I am getting in each day, which is useful.",3,1,neutral
en_0336292,"Cute

Very cute. Thinner fabric but hangs nicely.",3,1,neutral
en_0322706,"Led bulbs / wiring

Liked the lights and hooking up wasnt that hard . I dont like ive only had on for 2 weeks and 3 of the led bulbs stopped working .",3,1,neutral
en_0159283,"Two Stars

One tally counter works OK, but the other one doesn't.",2,0,negative
en_0800870,"Great texture

Great flavor and texture",5,2,positive
en_0037648,"Does as advertised!

The light works very well. I did have some trouble connecting it to my mobile device but the Smart Life app walked me through a different way to pair them and it worked. All and all very happy with this purchase.",4,2,positive
en_0161002,"Doesn’t seem to work at all ..waste of money

Two applications and haven’t seen any results that it’s working/ applied as directed",2,0,negative
en_0827730,"They are not as flexible as i expected

They are a hard plastic and I've had them about a month and one side already has static sound in it. Sometimes one side stops working and they don't really cancel the noise around you. On the upside the battery life is good. Sometimes I'll charge it on Friday and I won't have to charge them again until Monday, using it sporadically over the weekend.",2,0,negative
en_0787312,"Bummer!

Unfortunately this does not work! Plugged in and no air flow. Super disappointed.",1,0,negative
en_0811072,"Cheaply made

First of all, The item showed up a day late, which seems to be happening more and more as of late with Amazon. Making me seriously reconsider my Prime membership. I guess two-day shipping actually means three or four day shipping. Anyhow, after unpacking the item, everything looked fine upon first inspection, until I actually tried it out. I connected all the rigging to the net and to my fishing vest correctly, and the first time I tried to pull the magnets apart, the 360 degree copper swivel pulled right out of the bottom of the handle, leaving me with just the net in my hand, and all the rigging still attached to my vest. Really??? Don't get me wrong, I was able to epoxy the swivel back in to place permanently, but I hate having to fix something that's brand new, that I paid good money for. I recommend looking for a quality net elsewhere.",2,0,negative
en_0024533,"Hope it gets better

I opted for a bluetooth mouse when I upgraded my MacBook Pro which only has the usb-c ports and my usb mouse (via the adapter I had to get) wasn't very responsive. This one is better, but only slightly. I've had it a few days and it's glitchy, the cursor jumps all over the screen. I'm not sure if the dpi makes any difference and I click the button hoping for improvement when it gets really bad. Admittedly I don't have a mouse pad and haven't used one in years. Since my desk has a glass top I've tried using a folder and notebook until I get mouse pad. I will update this review if there is improvement.",3,1,neutral
en_0878243,"Washes well and looks good!

Fit very well. Pleased",5,2,positive
en_0788279,"Great product

Just as expected, arrived timely",5,2,positive
en_0753480,"not as good as the X-Temp series

These are fine standard undershirts, but the cut and fabric is better in the hanes x-temp series.",3,1,neutral
en_0268847,"They came damaged and now I can’t figure out how ...

They came damaged and now I can’t figure out how to return them. Very upset. The sound is muffled in the right ear piece.",1,0,negative
en_0559394,"Received broken

I received this with a broken lid. A replacement will be sent to me but I needed it for Saturday and won’t get till next wk. Broken lid aside, it looks good and like it’s a good quality which is why I’m willing to wait rather than order a different one",3,1,neutral
en_0227994,"For someone who isn't as clumsy as me, im sure this would be sufficient

I purchased this because several reviews said that their phone screen didn't break when in the case - even when dropped. That was not the case for me. Everytime i've dropped it, even just a little bit (on the side and a short distance), it has left my screen with a crack. For someone who isn't as clumsy as me, im sure this would be sufficient.",3,1,neutral
en_0411263,"Fail.

Ordered the pack of two, ten foot straps to secure my SUPs for a cross country road trip. The night before we were to leave, unpackaged these to use them and only one would work. The second strap would not catch, so you could just pull the strap through the locking device. One strap made stealing my boards a bit more difficult but provided no real security. Had to risk it on my trip. A friend bought the same straps, based on my purchase, and had the same issue- one worked, one did not. Not impressed. Don't waste your money.",1,0,negative
en_0220240,"Enjoyable

Enjoyable read will more than likely purchase other books by this author.",4,2,positive
en_0872201,"Do not buy.

Don't waste your money. These work well for capturing the hair and sink debris but within a few weeks the mesh began to rust. These are nearly impossible to clean. I do not recommend.",1,0,negative
en_0366160,"Beautiful addition to my bedroom

I like the appearance and the quality of the comfort set.",5,2,positive
en_0515901,"Amazing

Great tape! Probably the best in the market. Thank you for this!",5,2,positive
en_0816581,"Great snorkel set.

I had no problem with the fit, comfort, and very dependable snorkel set.",4,2,positive
en_0831507,"Lovely read

Had fun getting lost in story. Fairly good plot and easy to read. A bit more depth of characters would of been good",4,2,positive
en_0682044,"One Star

Product does not work",1,0,negative
en_0098648,"Such a cute swimsuit! Exactly as described. Can’t ...

Such a cute swimsuit! Exactly as described. Can’t wait to wear it this summer!",5,2,positive
en_0963371,"So so

Not very satisfied with this product",3,1,neutral
en_0188599,":(

Thin on the ends , so i need to get another package because the hair is really thin ...",3,1,neutral
en_0680777,"Breaks off of chain

It's very cute and looks just like the picture but it broke off of the chain after only a few months of use and I didn't jerk it. The fan doesn't have a wall switch and therefore requires the chain to function. It's probably fine if you don't pull the chain very often.",2,0,negative
en_0148607,"So sad it did not work for him

Bought for my son for his long work hours. He tried a few times and put back in the box. So sad it did not work for him.",3,1,neutral
en_0593245,"Uneven Heating

Love it but I have uneven heating",3,1,neutral
en_0600670,"Pretty!

Love these lights! I plan to hang them on our back patio but they could really be hung anywhere. I’m happy with my purchase.",5,2,positive
en_0139246,"Does not directly connect to my Boulder 30 solar panel.

A nice cable to extend your reach to either a solar panel or a generator. The Female end has a shroud that goes over the male end of another cable, helping it remain water-tight, however this prevents the extension cable from plugging into my Boulder 30 since the output port is too shallow to make contact. Using the cable that came with the Boulder 30 in conjunction with the 30 foot cable overcame the problem.",3,1,neutral
en_0930127,"Good but no magnets

Good product with no awful plastic smell. I gave it 3 stars because there were no magnets at the bottom.",3,1,neutral
en_0016335,"Pretty, but the coloring is off.

It's a pretty curtain but the light and medium gray leaves were actually greenish colors when we received this item. Our bathroom is gray and white and having a mossy-green color on the curtain looked weird. We would have kept this had the coloring of the leaves been light and medium gray. However, the curtain seemed to be of good quality.",3,1,neutral
en_0761886,"It's like a whole new room..

I bought a quilt set instead of a conforter set because it's easier to maintain without having issues with clumping filling and damaging wash cycles. The quality of the quilt is nice but just know that it's a print and not technically a proper quilt. It's black and white, but the patterns do give it a black/gray appearance which is nice. It comes with two pillow cases and I had no issues fitting a standard pillow in them. It also comes with two throw pillows which are of nice quality/material. I've not had the product for long at all but it held together great after I popped everything in the washer/dryer (except the throws of course), and the material feels very durable. I will update this review in the future to reflect durability. The style of the product is what struck me though. It's got a quaint homey look to it whilst also feeling high end and elegant. Overall I'm very happy with this purchase, considering the price. Many products offer a lot less for a lot more. This was well worth it in my opinion.",5,2,positive
en_0383147,"added the 6th book -and the 5th book as the set did not include 1-6 would be nice

should have 1-6 in a set",5,2,positive
en_0410899,"Cute, but big

Much larger than expected.",3,1,neutral
en_0933473,"Looks good on truck

Good looking plate, easy to put on and good quality. Kinda pricey but happy with the purchase.",4,2,positive
en_0435267,"Don’t Buy!

Why do they sell these pins. Unstructured. Will not hold what you pin. Now I have to go and buy some real pins. Couldn’t believe they would sell something like this! Very disappointed,",1,0,negative
en_0176618,"All families have hidden secrets.

I thought it was very good. Moved right along and kept you guessing!",5,2,positive
en_0963393,"Very good light from them

Big strand of lights! Very good light from them. Plan on using them at my son’s wedding coming up soon!",5,2,positive
en_0044128,"Debbie shore is an amazing teacher

Love debbie shore but not what I expected. I love her videos on you tube but this book only has a couple things I have an interest in and the other books are wall to wall simplicity",3,1,neutral
en_0183917,"Stopped working

Totally wast of money! Just one year lasted. Not even as reliable as my old costco sonicare.",1,0,negative
en_0006784,"Hard to read

The numbers and markings on the rain gauge should be painted BLACK with a permanent black paint so that the rain gauge would be much easier to read.",2,0,negative
en_0209689,"head part is loose

i ended up return it because the head keep coming off",3,1,neutral
en_0143093,"I hope it holds for the summer

The ladder had holes on the outside part don't hold water. We had to tape it with duct tape.",3,1,neutral
en_0586116,"a bit snug

Got this because I wanted something to use while mowing in the summer that would be thin and breathable. It has a sewn hem around the top so I was hoping it wouldn't roll down like some the cheap ones I have without a hem. Well, it doesn't roll down and does stay in place but its a bit snug and flattens my nose out. A bit uncomfortable after a while.",3,1,neutral
en_0093122,"Whole and Intact

First time I glass ordered something that didn't arrive in pieces. I was very very pleased. Everything works great as advised but the whistle is weird. It sounded like a bird in distress. But other than that, no complaints.",4,2,positive
en_0928784,"Dogs Love Them!

My dogs love these! Natural product. Helps keep their teeth clean.",5,2,positive
en_0014976,"If you need a quick quick drying towel

Good product, does not air dry the best and holds smells badly",3,1,neutral
en_0259106,"Stopped working in less than a month

Had for less than a month and the automatic lid doesn’t work anymore. Pretty expensive and sorely disappointed",1,0,negative
en_0844955,"Would recommend

lasted longer than the original Lava Lamp bulb I was using..",4,2,positive
en_0822466,"Junk

But the charger used it to her three times now it won’t work",1,0,negative
en_0556946,"looks good. works ok

looks good.. but drips.. I don't know if it's the way it's built or what but it is irritating...",3,1,neutral
en_0888763,"We didn’t care for it

This stuff smells like it is going to be delicious. Marinated chicken in it, it didn’t taste good. Thought maybe it was for a dip only. Added some to cream cheese and tried with crackers, not good. Not sure what to use the rest of my bottle on. May just throw away.",2,0,negative
en_0665392,"Cheap & leaves fingerprints, but it hasn’t cracked.

It feels cheap and leaves fingerprints easily, but it hasn’t cracked yet, so I have hope. The 2 pack is nice as well, in case it does crack I have another one on hand. It is a little frustrating having fingerprints constantly on my phone though.",3,1,neutral
en_0501172,"Nice Cream, Horrible Scent, Will Not Repurchase

This cream has a very dewy texture which is nice for dry skin. However it also has a very heavy fragrance added which is really unnecessary. It has a very strong smell like sticky sweet canned frosting. I like sweets but not on my face! I don't know why the manufacturer found it necessary to add this fragrance. It's annoying and makes me think twice about reordering this product. I purchased this due to the higher percentage of glycolic and lactic acids and more natural ingredients it contains but because of the strong odor, I will probably go back to using my Studio 35 cream when this product is used up. A bit disappointing. :/",3,1,neutral
en_0850455,"Save your money

Not impressed with this. Handle kept coming off, very frustrating. Didn't seem to clean any better than scrubbing by hand.",2,0,negative
en_0418346,"Surprisingly well made, and designed. It is a ...

Surprisingly well made, and designed. It is a bit hard to turn when you have a load on it, but that can be fixed by strapping two of the wheels so that only one on each side is in contact with the rolling surface. I cut a wood block to fit between the uprights and the upper wheels then strapped the wheels up against the wood. It works perfectly now as a two wheeler.",4,2,positive
en_0011547,"Not Impressed

Very unhappy with these chargers. One of them broke off inside my iPhone after only using maybe 3 times. The cord is nice, looks and feels durable but the actual hardware isn’t. I am using one of the others now and I can tell that it is going to break or fall apart in the exact same spot.",1,0,negative
en_0996868,"Kind of bulky

The picture looked great and I wanted it for a lower disc problem. I already had a lightweight Futuro by 3M but wanted a backup. I found this Vive to be very bulky, heavy, and too cumbersome for back support for golfing. Since Amazon now charges for returns, (I believe 20% of the product cost), I just kept the product as a backup for perhaps heavy lifting, but not for golf.",2,0,negative
en_0307710,"Hard to chew

These are hard as a rock very hard to chew teast ok.",3,1,neutral
en_0582351,"Cheap

I was really excited about this for our pop up. We needed a bigger trashcan for camping, buy not a huge one. We got the mini and it was perfect for normal trash bags. The bottom of this ripped out though. We used it for 2 days and had very little trash. We didnt even use the full trash bag. When I took the trash bag out, the bottom was completely ripped out. I will have to resew it before we can use it again",3,1,neutral
en_0507962,"Product Incomplete and unsatisfactory condition

I ordered this book set as a birthday gift for my son but was disappointed to see a duplicate of ""Ten boys who changed the world"". Also, the packaging was loose that the books were out of the box and some of the pages of the book were rumpled.",1,0,negative
en_0924987,"Not a good buy

Crap. Don't waste your money it started peeling off from inside . After two days of wear..gee man come on...",1,0,negative
en_0843609,"Just OK... Mediocre Design

I just received these wine glasses and was disappointed when I opened the box. Given Amazon's usually great value on its ""Basics"" line, I thought I'd be getting higher quality glasses with a more aesthetic design and thinner glass.... similar to a Riedel glass, but at a much better price point. In reality, these are average quality, consumer-grade wine glasses made with fairly thick glass that most serious wine drinkers do not desire. Given the Cyber Monday price of $15 for four glasses, I won't send them back since they are technically not defective. In terms of relative value, I have found MUCH higher quality glasses at Costco at a better price point -- ones that I am comfortable using on an everyday basis, but not embarrassed to use when pouring excellent wines for friends/family.",3,1,neutral
en_0175868,"Successful delivery.

The game arrived safely and works well.",4,2,positive
en_0583214,"I am not sure if kids are supposed to like this or not

I topped my SATs cos of this. j.k. I am not sure if kids are supposed to like this or not. But my kid has used it a few times in car and seems OK with it. Kumon Teacher recommended it for my kid.",4,2,positive
en_0775304,"Wish it smelled less.

This is ok...smells a little chemically. The carpet feels fresher after using.",3,1,neutral
en_0776831,"Beware no Wi-Fi connection

It was difficult to set up and it had no Wi-Fi",3,1,neutral
en_0399081,"These do not work at all.

Neither of the pair worked with my iPhone.",1,0,negative
en_0699539,"GPS is not very good

We have had this Whistle for about one week. It shows that my blind dog has traveled all around the farm when I know she has not. The GPS tracking is just not very good.",2,0,negative
en_0176387,"Not for me

Was ok but ended up deleting - wasn't that fun",3,1,neutral
en_0756580,"Mailed damaged

The shipping package was fine however the product package was wet inside and had mildew on the product and the numbers were falling off the sticks. Should have never been sent in such condition.",1,0,negative
en_0150212,"Made well

This Betsy Ross is made very well. I fly it with pride. It's the first United States Flag!! Proud to be an American!!!",5,2,positive
en_0009733,"Fun coffee table game

Small tic tac toe game perfect for coffee table",5,2,positive
en_0518669,"Three Stars

A lot smaller than I thought",3,1,neutral
en_0739719,"Five Stars

Anyone that loves fantasy will love this book.",5,2,positive
en_0232058,"Best carryon solution I have found

This bag fits nicely under the seat or at your feet in the car. It has multiple pockets for easy access to your phone, water bottle, etc. The interior of the bag holds make-up, medical supplies, books, etc. It's deceivingly ""large"" due to it's configuration and pockets. I am not searching or fumbling for items, therefore, not annoying the person sitting next to me. Best of all it has a built-in strap at the back, so it slides right on top of another suitcase or carry-on.",5,2,positive
en_0507123,"Better options than these

My dog loves these but they don’t love her. They make her reflux, upset her stomach and aren’t organic. Even a minute amount causes lip-licking, yawning and other signs of gastric distress. Tossed the remainder, will never buy again.",3,1,neutral
en_0390036,"Electrical cords are VERY short. WHY?

Very fragile. They are shipped with the lightbulbs in the candle so one came broken. I couldn’t get the broken bulb out so I had to throw it away. What is up with the SHORT electrical cords? They are maybe 3 feet long. Why? So dumb. I had to scrounge up some 3 extension cords to use them in my front windows. Really lame. I should have returned them but...",2,0,negative
en_0330402,"Needs better support for Wheels

I first thought the wheels were the problem - but it is really what you screw the wheels into that doesn't hold - it is a black plastic accordion type of holder that slowly comes out and thus the wheels start pulling away - they need to fix that problem. I ended up just putting some plastic movers sliders under it to slide/move the shelf around. I left the black plastic piece that you would screw the wheels into and just put them on top of the sliders.",3,1,neutral
en_0939086,"good

finally i did find the gamepad to work my computer",4,2,positive
en_0242617,"1 year wonder

The motor quit after 1 year of super light work blowing up pool toys. The pump was never run for more than 5 minutes at a time.",1,0,negative
en_0724353,"I love this pitcher

I love this pitcher! I filled it with cotton stems and put it in my bathroom and it looks great!",5,2,positive
en_0624163,"When you have a shady friend

My friend enjoyed them",4,2,positive
en_0293761,"It's long

Worked as advertised",5,2,positive
en_0684128,"Nice size bag

Bag quality looks amazing, packaging was really good and shipping was super fast. The bag also has a large pocket. I bought this bag a while ago, and still haven't used it yet. I love the size and the colors are nice. The nylon is casual yet not too casual. The construction is very well done. I highly recommend this bag.",5,2,positive
en_0509879,"A lot of bands for the price

The bands I did like, but there isn’t much difference between the strength of them",3,1,neutral
en_0681491,"this is my second pair my first pair fit great these fit tight and a bit crooked

this is my second pair my first pair fit great these fit tight and a bit crooked, but I did not realize that till I tried to wear them 6 monts later after I wore out my first pair...",3,1,neutral
en_0395271,"Good for muscle cramps.

Leaves a person salty but takes care of the spasm.",5,2,positive
en_0211405,"Uncomfortable and flimsy

I needed a pair of shoes without laces for post surgery, and these seemed ok for that purpose. I ended up wearing them exactly once (with someone helping me to pull them on). For the rest of my recovery period, I resorted to sandals. Once I had recovered, I tried the shoes on again, and disliked them just as much, so to a charity shop they went. For someone who doesn't need shoes to be super comfortable, these might work. The gray color is pretty, and they are relatively attractive. But for me, no way.",2,0,negative
en_0366182,"Case won't let you push the power button.

Was really snug. Pushing the power button is hard for some reason. We tried putting it on again and it's still hard. Can't take a screen shot anymore cuz the button won't let u push it. Soon as u take case off, they work fine.",3,1,neutral
en_0630579,"Be Careful

Worked great for about a year and then had a major malfunction glad there was no fire.",3,1,neutral
en_0793442,"Works good, but doesn't seem to have the power my ...

Works good, but doesn't seem to have the power my old dinosaur of a hand mixer had that I bought back in the early 90's. Happy with it, though.",4,2,positive
en_0287838,"never arrived

package never arrived. all other orders were there. this one did not make it. please send replacement. address is correct.",2,0,negative
en_0900695,"Three Stars

The smell of the product is horrible and stays .",3,1,neutral
en_0562694,"UPDATE {Triggers broken already}

UPDATE: The company mailed me 2 new spray triggers that seem to work so far. Both triggers on the large spray bottles have already started to malfunction. Each bottle is still at least half full with the first batch of cleaner I put in them. The bottles are pretty useless to me if the spray triggers aren’t working. It did come with one extra trigger, but one working trigger (and who knows how long it will work) for 2 bottles is pointless. I’m giving 2 stars instead of one, because the small spritz bottles work just fine.",4,2,positive
en_0095274,"Very comfortable

Make them in a larger size.",5,2,positive
en_0787297,"If you like fruit with chocolate, you may actually like these.

Wasn’t a fan of the chocolate coating on the bottom. To me, didn’t mix well with cranberries.",3,1,neutral
en_0120210,"Ok, but lots of gritty solid matter that would not completely dissolve.

Used this in my tea. I tried it because I cannot have anything milk and this didn't have any milk products at all. It was better than some others that I've had. However if I didn't stir it every time I picked up the cup, I'd end up with a residual of sludge at the bottom. Just way too much solid matter settling to the bottom of the cup.",3,1,neutral
en_0418300,"Two Stars

Didn’t like it material is too thin",2,0,negative
en_0418746,"Five Stars

Love it and the quilt needs the shams!",5,2,positive
en_0286450,"Poor design, returning

This would be a pretty necklace, but the design is poor. There is space between with the rings, and the chains are stuck in those rings and so tight I cannot get it untangled. Frustrated because I read the reviews prior to purchase, and now I have to return it.",1,0,negative
en_0056888,"Double Clicking

I used to really like this mouse, but not it's started to double click after 4 months so much that I just can't recommend it. I'll probably have to get a new mouse soon. Pretty disappointed overall now.",1,0,negative
en_0029477,"looks cheap

did not like too much, looks cheap",3,1,neutral
en_0058589,"Battery issues

Watch is over heating",1,0,negative
en_0842476,"Small but mighty!

I was impressed small but holds really strong ! Great for hanging pictures, or kids arts in the fridge and comes in 36 which is a lot ! Will definitely buy more when we run out !",4,2,positive
en_0536365,"Looks cool, collects green quickly, very brittle for plastic

Looks cool. VERY wobbly with full water in it. Fell over one time and snapped the top off of it. :(",2,0,negative
en_0897438,"CAME ON TIME

THIS IS A VERY PRETTY HAT BUT NOT FOR ME.",3,1,neutral
en_0507989,"OK black leggings

The leggings arrived within two days of ordering, are very soft and buttery, as others said. The main thing I didn't like is they don't stay up at the waist too well. So I'm constantly pulling them up. Perhaps that will change after washing them, which I hope. Thanks.",3,1,neutral
en_0931443,"I did not receive my liner with this product :(

I did not receive my liner with this product :( Other than that its a good product.",1,0,negative
en_0015120,"Five Stars

Great boo if your going North to Alaska!! Its a MUST.",5,2,positive
en_0502983,"Two Stars

The pages are very thin.",2,0,negative
en_0430955,"The bags are okay. The zippers come off too ...

The bags are okay. The zippers come off too quick. Wish that seller would sell the big black ones separate. We would definitely purchase the black ones more often for what we use them for.",3,1,neutral
en_0359494,"Great information

Overall, this was great information to have. Most of it you can find by researching yourself; however, having it in this book makes it easier to access to check on references. The only thing I found that I didn't care for it I wish it had stressed more on the purpose of having a service animal because I hope that people don't just start putting their ""pets"" or ""emotional support animals' in public places to cause a problem for the rest of us who actually need their animals. Well written book and I do recommend it!",3,1,neutral
en_0683755,"It's okay

Looks nice, the blade could be sharper but it's a good knife if you wanna stab something. Probably won't be able to cut through anything tough.",3,1,neutral
en_0775121,"You get what you pay for

cheap product, better to spend the extra money for the real deal.",1,0,negative
en_0360441,"I like them a little thicker

These are very thin, I like them a little thicker.",2,0,negative
en_0284447,"perfect and an excellent price

I used this for an awards ceremony. Perfect, Professional seller super fast shipping",5,2,positive
en_0908071,"cork is thin

I liked the product but two things to keep in mind. 1. The cork was very thin and standard push pins did not work because of that so we glued in thicker cork. 2. Color on photo makes product look bright white but its more of an off white. Other than that product was fine.",3,1,neutral
en_0445684,"Thin fabric

Fabric is too thin not very easy to wear",3,1,neutral
en_0249730,"Definitely the best

Everything about it is perfect including the price!!",5,2,positive
en_0376612,"Cute, but multiple bags needed.

The colors were cute and girly. Perfect for our 1 year old daughter. The balls are not very sturdy. She is able to squeeze them, I make sure not to crush them if I get in the pit with her. 1 bag is definitely not enough. We bought 3 bags of 200 balls and maybe could have even gotten away with one more.",3,1,neutral
en_0492985,"Short Life

Worked great for one year.",2,0,negative
en_0237603,"Ehh

The designs are cute but not all of them work. They don’t transfer properly. I wouldn’t buy this again",3,1,neutral
en_0831693,"Two Stars

I think it is a bit over priced.",2,0,negative
en_0959278,"Good Product--Beware of Greedy Return Window

This item is a really nice wallet, nice enough that I decided to order another one (in hopes that the next one would not break), however, after wallet arrived I learned that the return window for the previous/same wallet I purchased (which has a defect in the plastic sleeve inside), had already closed--have barely used the item for a month and there is zero option to contact the seller. Beware, if purchasing this wallet.",3,1,neutral
en_0504234,"Attractive

Nice looking laundry hamper",4,2,positive
en_0802157,"Great taste but not great value

Delicious, but bags not as big as expected (exactly the same as the grocery store) cost more than most grocery stores near me, but still delicious.",3,1,neutral
en_0800134,"Three Stars

This item is great because there are multiple pieces in the bag, but the belly rings break easy.",3,1,neutral
en_0805808,"Love these! Shoes but not!

Love these! Our son is 4 months old and although he is in the slightly larger size for his age I went ahead and got a bigger size and went with the 12-18 month size. It’s not like he is using them to walk around so even though they are a little bigger the size works out... then I won’t have to buy a new pair when he out grows them next month lol. They are like shoes but not. They work out great when he’s in his exersaucer. It’s a little chilly out right now so they work out great for the season! I can wait till he starts walking... when that time comes this will probably work out great! The buttons and elastic do great at holding them on his feet",5,2,positive
en_0346626,"I ordered a smaller hard case and rec'd a large soft case.

I wanted to keep this...it looks like a well made suitcase. But it's just too big for a flight carry-on and, more importantly, I have a bad back...sure, it rolls, but what about when you're not going to roll it and need to travel?",2,0,negative
en_0740256,"Color comes off on warm food

These are fine for cold food use. I've put them through the dishwasher several times and didn't have a problem with the color coming off. I put warm chicken on one to cut it up and the coloring melting off all over the chicken.",2,0,negative
en_0814003,"Use the provided chalk!!!

Plan to use the chalk that it came with!! I purchased separate chalkboard markers that should erase/clean off - they are not coming off. My board was one-time use now, unfortunately.",3,1,neutral
en_0713182,"order wrong one's, shipped back to amazon, although ...

order wrong one's, shipped back to amazon, although i only placed 1 order, i was charge twice for shipping, which didn't make sense for return item",1,0,negative
en_0856679,"Not a great antenna, doesn’t pick up any station with out ...

Not a great antenna, doesn’t pick up any station with out some degree of static. Was easy to hook up but the accessory wire didn’t seem to make any difference. I installed the antenna on a single den Polk audio marine grade radio.",2,0,negative
en_0634069,"Pillow case that give you better skin and less hair breakage? Yes, Please!!

I love, love, love this pillow case. I have had it for a few months now and it has held up beautifully. I bought a silk pillow with the intention of the promised improvement to my skin and hair. Though, it hasn’t been a miracle cure for hair breakage, I have noticed an improvement in my skin and hair. It also features a zipper closure, which keeps the pillow case from slipping off. The only set back is that you have to take special care when washing, but it is definitely worth it. I also get extremely hot when I sleep and this pillow case has made sleeping much cooler.",5,2,positive
en_0757504,"Colour fades

Color faded same day. Very very very small .",2,0,negative
en_0595890,"One Star

I have ordered this item two times now. The black ink cartridge did not work in both orders.",1,0,negative
en_0562611,"bad rash, redness and an itchy face

Like many others, I have never had an issue when I used JFM purchased in a CVS store. The boxes I purchased on Amazon have caused redness, burning, and itchiness for days each time I used it. We should be allowed to return this potentially dangerous product. Maybe Amazon got its hands on a bad batch. Whatever the reason, we should not have to be out any money spent on this dangerous product. I have obviously stopped using it. I may try a store bought box one more time, although I am a bit scared.",1,0,negative
en_0284997,"Does not work well

This item does not work well. It comes out very easily. Just picking up a wash cloth from the sink can dislodge it and before you know it your water has drained out. I push it in as hard as I can but it doesn't stay in place. I would not recommend these.",3,1,neutral
en_0213236,"Great fit - poor stitching

It fits exactly how I wanted. One of the seams is frayed and there's a whole in the side - straight out of the package. That's reallly disappointing. Otherwise, the length and fit is great.",3,1,neutral
en_0393759,"Waste of money..sad to say

They do NOT suction... they're cute. The idea is cute. And you can store food in them. But, they do not work for their intended purpose. Which is to leave the bowl suctioned for the baby to practice eating.",2,0,negative
en_0325105,"No packaging..

Took several days for the DVD player to ship. Once it did, it got here very fast. The packaging was what I was most unhappy about. There was none. No paper, no shipping box, just the box the product itself came in. Not a great business choice in my opinion. I don't live in the best of neighborhoods, and with people being as they are, shipping any piece of technology clearly showing what the item is, is just asking for it to be stolen. (See pic) I haven't checked the actual product yet, hopefully it works. But I won't be buying from this seller again. Too much risk.",3,1,neutral
en_0019532,"I chose this book to read for a book club ...

I chose this book to read for a book club with high school students. It gives us many things to talk about and discuss.",5,2,positive
en_0314820,"Fast shipping. Easy to assemble. Looks amazing.

I had originally ordered the frameless mirror, but came damaged twice. I got my refund and decided to order the white-framed mirror instead. Fast shipping. Very easy to assemble. 20-25 minutes. Bright lights. Looks amazing.",4,2,positive
en_0539873,"This was a great present for my boys at Christmas

This was a great present for my boys at Christmas! They love it and it fits our mix of wooden train sets that we have!",5,2,positive
en_0363859,"Fun but tricky

Fun, but a bit hard for our toddler to get the silicon pieces in",3,1,neutral
en_0837910,"Waiting for the lifetime warranty to respond.

Cable stop working in less than a year. Waiting for seller to respond.",1,0,negative
en_0208766,"Nice gift

Nice gift. Purchased for a teachers assistant so the saying fit well.",4,2,positive
en_0758963,"As like many other people who look at reviews before buying

PLEASE READ BEFORE BUYING!!!! As like many other people who look at reviews before buying, I was kinda impressed with the reviews. I should've found reviews from people who had this for months. I've had this for 6 months and it's already having problems!!! I can't hear the alarm anymore. It sounds like a drowning alarm clock. The keypad that arms the alarm, has gotten the button stuck or something. If your looking for a product that would last at least a year, go somewhere else to buy.",1,0,negative
en_0621576,"Love the series on TV- but the book is hard to get into

I'm an avid reader and I thought since I love the series so much I would love the book- but sadly no. It's a difficult read and I lose interest quickly.",3,1,neutral
en_0946731,"Perfect and so cute!

Shipping was fast and they are perfect. So Cute!",5,2,positive
en_0717860,"Extremely disappointed with the product

Extremely disappointed with the product. When it arrived the box was open, and after the installation, I noticed some major defects in the screen protector. Mine, in particular, is not cut to the exact match of the Google pixel xl. On one corner it is cut crooked, and there are also defects with the bottom portion itself. It almost looks like tiny scratches on it. I've waited the recommended 12 hour cure time as well. Not sure if anyone else has experienced this.",1,0,negative
en_0225877,"meh...didn't last too long.

Worked well, lasted a few years, stopped worked.",3,1,neutral
en_0975151,"Good buy

Although I was always worried about my iPad slipping out of the bracket it never did. Worked really well.",3,1,neutral
en_0462626,"Some you will devour, some will leave you cold

This four star rating is a composite score and I'm not judging based on my normal parameters. I rated the snippets individually, then averaged them out. This is a nice collection of various authors, but just the hot scenes. Although I love this genre of books, I need a plot, world building and I need to know the characters personalities. It was like walking in on the middle of a movie and getting hit with all the questions all at one time. This book was not for me, I need the build up, the foundation. Though most of the scenes are well written, some were way too verbose and filled with boring details, and I admit that I skimmed through a few. Overall, the scenes were hot, I just need more.",4,2,positive
en_0399629,"Not comfortable

They are not comfortable at all. I have many vionic shoes. Theses are not of the same quality",2,0,negative
en_0258733,"BEST Round Nose Pliers!

Love these round nose pliers! They have tiny tips for small loops, are super sturdy and well made for the price!",5,2,positive
en_0475175,"Poor design

Very difficult to open and reach inside the bag because of the poor design.",2,0,negative
en_0466741,"Not the product I asked for

The Hoodie does not look the same as does in the picture. In the Picture the arms and pocket look black when I open the package I notice the hoodie was all green.",1,0,negative
en_0189138,"Do not buy

a very poor product too thin to fit most keys, as well as weak magnet and overall just a poor designed product even if its cheaper than options its not worth wasting your money on",2,0,negative
en_0560125,"I'm very satisfied with my purchase

The only thing I don't like is that I was not able to download it to my computer",5,2,positive
en_0570438,"Four Stars

These filters are simply replacements for filters I used before. It's hard to ""love"" a filter!",4,2,positive
en_0432034,"Very cliche

This book would be so much better if the characters actually acted like adults and talked to each other instead of making assumptions (which both the primary and secondary couple do). I felt like the plot was long and drawn out. There is also so grammar and spelling issues.",1,0,negative
en_0314466,"Adorable!

I love my hoppy pillow and this giraffe cover is so cute and adorable. I have two covers that I rotate through and wash this every week or as needed if there’s some spit up involved.",5,2,positive
en_0111982,"A Miss

The toe box is too shallow and the inside of the top Is rough and stiff. I was looking for soft and cozy. This isn’t it.",2,0,negative
en_0800648,"Does not load quickly.

This is horrible! Loading is very clunky. It’s easier and faster to do by hand.",2,0,negative
en_0102615,"Different

I mean I like the material, the airflow when chilling around the house, and fit. They are comfortable. My girl like them. That’s enough for me.",4,2,positive
en_0299397,"... old but I still want her to have the best vitamin supplementation possible

My dog just turned a year old but I still want her to have the best vitamin supplementation possible. We cook for our puggle and she is a very picky eater. She likes the taste of them and gobbles it up. I will purchase them again.",5,2,positive
en_0811920,"Great until they break.

These were great for 10 months, then one of the buds stopped working.",1,0,negative
en_0901767,"Must have changed...or it's a fake

I'm disappointed in my order. The original Ocean Potion Lotion was my absolute FAVORITE. The smell was fantastic, the formula equally so. This new bottle smells different. While it still smells good...it's definitely different. And this new formula makes me breakout which the old stuff never did. Either the formula changed or this is a knock off.",2,0,negative
en_0957406,"Serves the purpose

Ordered these for our upcoming family vacation to Disney world. At first glance it is smaller than anticipated and the sturdiness in general leaves something to be desired. I will update after a humid day in the park to let you know if it held up or not.",3,1,neutral
en_0932245,"Not bad. Not great...but not bad.

The kit looks really good. I bought it for a 94 GMC so the market lights didn't fit but I just gave them to my dad for his Chevy. They fit his pretty well. The mounting holes are just a tiny bit off but nothing major. Also I did add a little silicone around the seam because it didn't look too promising. Compared to the OEM headlights, these feel really lite, so I also added a washer to the mounting bolts on the headlights assembly for more surface contact. Also turn signal bulb sockets dont lock in place. Tabs on housing are too far off.",3,1,neutral
en_0278334,"Laundered before I I used them

They are colorful, but they get little pieces of towel on the dishes. Had to use another towel I have to get the little pieces off my dishes.",1,0,negative
en_0718993,"Two Stars

Confusing to use....",2,0,negative
en_0130570,"Weird material, looks cheap in person

Looked like a night gown on me. The material was made out of what seemed like bathing suit material. Online the pattern looks cute, but in person it looked cheap, and like an old lady night gown. I am usually between a small/medium, and the small was huge on me. Had to return unfortunately.",2,0,negative
en_0117048,"Good for about 3 months!

I’ve had these for three months and they were working great. All of a sudden, all my Apple products came up with a message saying that the accessory was not supported. Just like that, they won’t charge anything! Good stuff!!!",1,0,negative
en_0660116,"Serves it's purpose and is sturdy

I don't have anything out of the ordinary to say about a phone charger but it seems to be holding up well for me so far, which can't be said for all chargers I've tried so hats off to that! One improvement I would like to see would be a tad bit longer cord because for some reason it feels abnormally short.",4,2,positive
en_0670322,"If they send you the right item it may be good. If...

Was not a kit, was only a small individual box of lipstick.",1,0,negative
en_0166511,"Was a decent Movie.

Was a movie about someones life, and how he tried to change, but he could not. We all could learn something from this movie. Also the locations for me, were lovely, as I live in California, and have never been to the East Coast of this great country we are fortunate to reside in.",4,2,positive
en_0401159,"Does its job, but looser around the system than I would like

Not sure why but the case is actually loose around the top and bottom of the switch. The back of it fits right, its just like the opening portion had been stretched out and it hasnt regained its intended shape yet. It is a very minor inconvenience though.",3,1,neutral
en_0358515,"Not entirely made in the USA

I've had the US made bottle opener for a few years and then decided to purchase the BBQ set as well. It's frustrating to see ""Made in China"" on the spatula blade. Does it still flip burgers? Sure. But I could have paid $3 for a made in China burger flippin' spatula.",2,0,negative
en_0692414,"BEWARE of the Shipping and Handling

Over $5.00 for S&H??? As a prime member I didn't see this gouge. Operator error I my part, but it will guarantee that I won't buy from this seller ever again.",3,1,neutral
en_0529483,"Awesome

Nice and soft, warm, and comfortable. Good buy during winter.",5,2,positive
en_0209361,"You have to disassemble it to make it work

This comes with a plastic piece blocking the battery. Not the little clear strip you just pull out like most small electronics/toys. There is no mention of this in the little user manual or on the box. If I had not watched a you tube video about this I would have thrown it away... edit: I have been contacted by the seller offering a replacement, but my unit works fine. I just wanted everyone to know that they ship the unit out with a disabled battery. This is my second unit, the first lasted years when used for occasional hobby work.",3,1,neutral
en_0502850,"Super cute, but I wear a size 10 to ...

Super cute, but I wear a size 10 to 12 usually and the xl barely fits. I recommend sizing up as much as you can.",4,2,positive
en_0136797,"My favorite mayonnaise. Arrived damaged.

My favorite mayonnaise and can't get it in southwestern area. Ordered from Amazon. Container was 16 ozs. plastic container and no insulation. Two jars in separate packages. Jar bounced around in box and damaged bottle caused leakage. . Pissed me off !!!! Mad !!!! Had to throw it away. Why wasn't it wrapped within box??? Idiot packaging !!!!!!!! I was reading comments before I ordered and this is the normal packaging and other people complained!!! I was hoping mine would be safe.!!! NO NO NO I am pissed !!!!!!!!!",1,0,negative
en_0033735,"Hella disappointed

Where do I start. To say the book was short is an understatement, you can snap your fingers and the book will be over. Not only is the book short there no ending. She just ends the story in Tony and Virginia and goes back to Benjamin Lee. The very few chapters in the book is and that its. In the summary it talks about Tony story, but yet she manged to put a whole section of Benjamin Lee oppose to finishing out Tony story.Save your money this is an incomplete book.",2,0,negative
en_0197528,"One Star

Terrible waste of time and money.",1,0,negative
en_0237455,"Fell Apart Fast

One of the arms fell off in a month of wearing them. Something wrong with manufacturing these cheapies.",2,0,negative
en_0923021,"Works well, good quality, but needs adequate instructions.

This arrived quickly and is already set up. I tied up the door so the feral kitten I've been feeding will get used to it. I have already trapped it! Very easy trigger. Sturdy. Felt the inside edges and they were smooth. Only downside and reason for 4 instead of 5 stars is nary an instruction book! Not one single piece of paper! No warranty info! Nada! I already have one of the kittens I will foster and rehome - safety for me and the animal is of utmost importance, so the lack of instruction for proper use was disappointing. Overall, though, I still recommend it for value, ease of use and quality.",4,2,positive
en_0263841,"Cable went out within 6 months.

All the cables went bad within 6 months. One of them was barely used at all. There is supposed to be a 12 month warranty. How do I go about using it?",2,0,negative
en_0072741,"Very interesting read

I didn’t know much (ok, anything) about the Epstein Barr virus going into this, but the topic sounded intriguing. The book does an excellent job of explaining the history of the virus and describing what exactly is is. It gives details on the symptoms and what a diagnosis consists of. Finally, there’s a section on treating the disease and what the recovery process is like. For a book on such a technical topic, it’s an easy read. The author makes it an enjoyable read that goes by very quickly. I’d recommend this for anyone interested in medical or scientific topics who’s looking for a brief but detailed book.",5,2,positive
en_0279887,"Dont buy it. Doesn't work

Didnt work from day one even in full sun",1,0,negative
en_0344964,"Nice tieback !

I have not used them yet, but they look to be fine.",5,2,positive
en_0234416,"Recommend? Yes and no.

Ok. I love these but why do they run out soooo fast?!?! It runs out in 2 days for those of u who write a lot. But overall, its smooth to write and has an eraser too!",4,2,positive
en_0337143,"Works great!

Long enough to hide in a cable system and works just as needed to run my TV. Cheers!",5,2,positive
en_0412265,"Purchase for art only

Good art value but not very functional. You only get one not three as shown in the picture",3,1,neutral
en_0171284,"Decent not great

Decent for price, they do rust and they do bend if you are putting them into any surface with ""much resistance"". Into grass, soft dirt fine, into gravel under artificial turf you will send many until you find softer spot",3,1,neutral
en_0282083,"Get what you pay for.

Very cheap looking, but probably matches the price.",3,1,neutral
en_0327167,"Why oh why?

So I got my calendar in the mail today. IT WAS FOLDED IN HALF! Who the heck wants a calendar that folded in half??????????? Why would anyone fold it in half. Seriously I am super super disappointed.",1,0,negative
en_0713489,"We have a puppy that plays with the bigger dog ...

We have a puppy that plays with the bigger dog, and she kept ripping his tags off. So far, she hasn’t been able to one this one off!!!!!",5,2,positive
en_0852727,"They work for me

I like these foam inserts. I have a different filter than what these were designed for, but not a problem. These are easy to cut and fit great. They cost much less than the ones sold for my filter. So I'm pleased.",5,2,positive
en_0041163,"Sport band

Loved the color as shown. But one piece was securing my watch as it should",3,1,neutral
en_0796858,"Pretty

A little on the small/dainty side but makes a cool gift.",4,2,positive
en_0968910,"Two Stars

Some of the brown/tan is actually pink. Be aware!",2,0,negative
en_0644789,"Kept falling

It doesn't seem strong enough to hold bigger spice bottles. Only the small ones. Very disappointing. Just got an organizing rack instead.",2,0,negative
en_0436246,"As Expected, Fits Well

Fits well, digitally printed so when it stretches you can see through it. Good enough for the wuality and what I expected at the price point. Held up to a couple of washes, don't recommend drying.",3,1,neutral
en_0995955,"fantastic product

Absolutely great product at a great price. High quality and performance in an easy to use product",5,2,positive
en_0041606,"heart rate off, no step counting

So just got this in the mail, opened it up, charged it for 2 hours. bind it to the phone through the app. Then nothing, it wont track steps, heart rate works for one reading, but one minute it says 93 bpm, the next 48 bpm. I would send it back but would be a waste of time and money to send it back.",1,0,negative
en_0540750,"Just okay.

Colors aren’t as vivid as pictured. Also, wrinkle badly after washing.",3,1,neutral
en_0014381,"Doesn't last long, so dont get used to it.

Stopped working after 4 days! Up until then I loved it so much.",1,0,negative
en_0003810,"EXPIRED

They sent me a bottle that expires in 6 weeks.",1,0,negative
en_0944886,"Runs small

Top is tight and almost not wide enough in the front. I ordered a M and I’m a XS/S in tops. Thicker, woven material. For the price it it will work but def not chasing after the kids due to the fit of the top.",3,1,neutral
en_0869723,"Not built to last

I liked the idea of this shovel and the price point, but the plastic split on our first backpacking trip. The adage you get what you pay for holds true and my next shovel will be of higher quality.",2,0,negative
en_0470858,"It is confortable

I love it, it is confortable and easy used",4,2,positive
en_0084018,"Two Stars

It is not very resistant, I used it for 2 weeks and it broke",2,0,negative
en_0462082,"Not worth it

The colors are really hard and not wary to cover areas.. more like for kids",2,0,negative
en_0436481,"Like the small one

Love the color works well",5,2,positive
en_0623210,"Great product at good price

Great product at good price",4,2,positive
en_0905688,"meh

Wasn't for me. I live in an apartment complex and in the winter it was not fun to have to carry my clothes outside to walk them to the apartment laundromat. I got this to get me through until my lease was up. It was ok, if you dont care about your clothes being soft and fluffy like they are from a dryer then you might like it. My clothes got clean but certain items I didnt like washing in it. I would not buy it again, I didnt think it was worth the convenience.",3,1,neutral
en_0721950,"Back the Blue!

Ordered this as a replacement plate cover for our family vehicle. The package arrived on time, and unmarred. While unpackaging, I was pleased that this is a sturdy-feeling plate cover. This feels like it is constructed of a metal, not like it was made from some cheap ""chrome"" painted plastic. The decals on it appear to actually be a painted metal of similar type, and appear to be firmly affixed to the plate frame blank itself. My standard state license plate fit somewhat well in this frame, mainly because of the plate's construction. There is a bezel that runs around Florida state plates, which causes minor interference with the bottom plate holder tabs. If they were just a hair bigger, it would have fit no problem. Overall, I give this a 4.5 out of 5 upon initial installation. If the plate holder tabs were large enough to more easily accomodate my state's plate design, I would definitely rate 5 out of 5.",4,2,positive
en_0095058,"Nice wash!

These are well made and soft. No worries about them scratching paint.",4,2,positive
en_0880348,"Expired

They sent me nearly expired film “best if used by” date was one month later... upset",3,1,neutral
en_0427357,"unrecognized product key

I wish I could leave zero stars. The product key was not recognized by Microsoft. Extremely sketchy. I only by items on Amazon if they are Prime...but it looks like I will need to be even more careful going forward. Very disappointed and will be watching daily for my money to be returned.",1,0,negative
en_0227840,"They will hear you coming

I found the shoe to be overall good but so squeaky when I walked that I was embarrassed to wear them out.",3,1,neutral
en_0480404,"Selfie stick strap will break!

So far, I have only tried the selfie stick. I used it on three dives and the strap broke on the third one. I had gotten used to using the strap, so even after noticing the strap was broken, I got absorbed in my dive and decided to let the selfie stick and brand new GoPro dangle. A few minutes later, I realized I had dropped the camera and my heart sunk. Fortunately the water was only 30 feet deep, and I was able to return to the spot and retrieve it. The selfie stick itself seems sturdy, but I would definitely be careful about using the strap underwater. I recommend replacing the strap with a more durable one.",3,1,neutral
en_0572502,"Great way to exercise your brain.

Awesome, entertaining, and challenging game! Fun for all.",4,2,positive
en_0462052,"Get Steve’s Hair

I use for volume, and it really does the job. I switched over from a wax, and this is more of a foam. It’s definitely quicker to use because you don’t have to loosen it up. You can rinse it off your hands with plain water, and it doesn’t gum up my engagement ring like I worried. Unless you really clump it up, you can’t see evidence of it in your hair. You just have magic volume like Steve from Stranger Things.",5,2,positive
en_0568032,"This product really works

I was amazed at how this product helped my wife consistently lose weight. Worth the price!",4,2,positive
en_0939331,"Pretty Good

I thought the size would be bigger in terms of each individual chain loop. Apart from that, it fits well and looks great.",3,1,neutral
en_0468450,"Just follow the directions

Dryer works great for my work boots.",5,2,positive
en_0338243,"No difference as far as I could hear

I had a hard time hearing a difference on my Amazon Echo.",1,0,negative
en_0298432,"Absolutely love it but..

Love the style, feel all of it. The only issue is I thought it would be a little bigger and I was hoping for more color but it really only pops with a flash on a camera..",3,1,neutral
en_0735534,"Five Stars

Solid construction. Not as flimsy as the other inexpensive type C cords out there.",5,2,positive
en_0012072,"Never received item

I bought this over 2 months ago and I still hav not received my item. Contacted seller with no response. SCAM!",1,0,negative
en_0272330,"Good quality, terrible packaging.

The glasses are exactly what I was expecting. However, they were shipped without a case in a lightly padded envelope. They arrived severely bent.",3,1,neutral
en_0111934,"Nope!

Not a winner in my book. Hair was too knotted and matted together. Couldn't really style it. So disappointed because I love curly wigs.",2,0,negative
en_0796363,"Washing

Actually, I haven't put it on yet because I have a disability and can't do it. My cleaning person will do it next weekend and I'll let you know. I would like to ask what is the best way to wash it? Thank you.",3,1,neutral
en_0399176,"Cute, but it looks like the rest of the books.

This looks like all the other books.",3,1,neutral
en_0294084,"I really like it, just the straps don’t go up as ...

I really like it, just the straps don’t go up as far as I would like. Love the material, so soft.",4,2,positive
en_0807710,"It only worked for 4 months

I loved the charger as soon as I got it, however it’s only been 4 months and it stop working out of nowhere",1,0,negative
en_0686478,"Great Product

Just received and it works as claimed. Price was great too. I highly recommend to anyone that has heavy gas cans that has trouble lifting.",5,2,positive
en_0503090,"Very nice quality

Really lovely secular sentiments. Had to purchase for the funeral service sight unseen. Super happy with quality of paper and cover. Like the subtly tinted paper. Not overly somber but very nice and really well priced. I later saw this book at my favorite independent book store for a few dollars more; would have purchased if had not already had it.",5,2,positive
en_0761004,"Not well made

Flimsy pull outs and the handle keeps falling off the compost bins. Disappointed for the price",2,0,negative
en_0610176,"Would highly recommend.

Very impressed by the quality of this grinder. Magnetic closure makes things much easier in not having to line up the threads. Would highly recommend.",5,2,positive
en_0370492,"Five Stars

Nice heavy quality. Simple design that works well with any existing flatware pattern.",5,2,positive
en_0247887,"Plenty of room for everything you need for a day at the beach

Plenty of room for everything you need for a day at the beach, easy to clean up",5,2,positive
en_0461305,"Easy to use and remove

Very easy to stick to the wall. Almost like a magnet! Also had to take three off during the process to move them. Came off easy. And easily reused",4,2,positive
en_0214907,"Reading fun!

10 year olds have highly recommended these. I use them in a classroom for fun reading time. They work well and are a great",5,2,positive
en_0645510,"Didn't fit

Did not fit the series 1000 Norelco razor",1,0,negative
en_0924185,"Not what I expected

It is kinda Topsy Turvy. The screen doesn't allow it to clear the Gas Pipe for the Log Starter. Has tipped over several times with logs Burning.",2,0,negative
en_0561896,"The fabric feels good. It does not stay very well

The fabric feels good. It does not stay very well, but I kind of expected that to happen. So that is ok to me. But the item is different from the picture. Please see the photo attached. Only one side has cartoon design and the color is a little darker than the image posted by the seller. So that is disappointing. I am keeping it because of two reasons. The fabric is kind of what I expected. Two, I do not want to go through the return procedure.",3,1,neutral
en_0069965,"Good value

Good scent but doesn't last long.",3,1,neutral
en_0120828,"One Star

wasn't the right fit for my car",1,0,negative
en_0216557,"Pretty feet

To wear with boots and were too high.",2,0,negative
en_0971510,"Good all over color but does require reapplication if you ...

Good all over color but does require reapplication if you want to maintain any sort of volume. Color lasts fairly well though.",4,2,positive
en_0007817,"Comfortably, but easily snags

This robe is exactly what I wanted - snuggly and warm for winter. The S/M fits me perfectly (I'm 5'3"", 125 lbs). I've washed it once and it held up. I love everything about it except that it snags VERY easily. Every couple of weeks I have to go over it with a scissors to keep it from looking so shaggy. I've only had it for two months and hate to think what it will be like in a year! Maybe it snags so easily because the texture is very soft? I don't know.",3,1,neutral
en_0267433,"Poor quality

The quality of these is so poor worse than a dollar store find.",2,0,negative
en_0871388,"Well made and true to color but does not stand up

This is the perfect size and made very well. It just takes a long time to actually hold a shape after unpacking. It does not stand up as shown which is to be expected with it being packed for shipped. It’s very thick and durable and true to color.",4,2,positive
en_0982907,"Pretty

Looked beautiful. Covered all the phone. I purchased it in September, it lasted 8 months. Good for the price. The top cover hinged tab broke. Would not stay on.",4,2,positive
en_0787624,"Five Stars

Comfortable and easy on/off.",5,2,positive
en_0251261,"Works well so far

It's bit early as I've only installed one so far (the large black one). Seems to be working well. Need more time to fully evaluate.",4,2,positive
en_0491527,"a great getaway

I have vacationed several times in St. Thomas. so when the author mentioned sites in St. Thomas it would bring back memories of the times I had spent on vacation. The story......it started somewhat interesting but I feel it had a week ending.",4,2,positive
en_0111927,"Shower mirror? Yes. Fogless? No.

Fogged up within the first week of purchase, so if that is your main goal this won't work. However, I give it the three stars because so far it's been a sturdy shower mirror that I wipe the fog off every few seconds when shaving.",3,1,neutral
en_0261720,"The product was okay

My daughter is learning to do nails but it seem like something is missing the kit didnt seem complete. I still had to get other items for her to do acrylic. Mostly she played around with it.",3,1,neutral
en_0906865,"Missing base

Very cute, a little difficult. Upset that the base is missing. My son got this to build for his teacher for Valentine's day",2,0,negative
en_0814629,"I LOVE the way these look they’re so cute

I LOVE the way these look they’re so cute, BUT the place where the batteries go is broken so I have have to struggle when I turn it on and off. But they looks super cute.",2,0,negative
en_0530626,"I really like these, however they can get uncomfortable after a ...

I really like these, however they can get uncomfortable after a while. I currently alternate between these and breast pads.",4,2,positive
en_0603226,"Slowing down.

This story started good. It looked like it would be an exciting story. Unfortunately, it got boring. I’m a third of the way into it and I thank myself for having a fast forward button on my kindle. If this story doesn’t pick up real soon, I’ll just delete it and go on to my next book.",2,0,negative
en_0785636,"Was not perfect fit for my 4.0 Chrysler minivan

The original coil connector does not lock or click with this coils so not sure if seating properly or will beacon loose over time by sliding out. It looks good, fits the spark plug and tube but female too long to click with wire connector. Wondering if connection will become loose with engine vibration.",3,1,neutral
en_0332476,"junk

junk fell apart after 2nd time I wore it",1,0,negative
en_0754925,"I think the concept is good, not sure it's working yet, I will post a review in a few more weeks!!

Not sure about the actual product, I've only used it in the last week, one thing that I dont like about or should have been told, it overheats very easily. So I like to wear it during the day, but I also try to war it at night, but the way it is built, it wont let you have blankets on you, cause it will overheat!!!",2,0,negative
en_0672143,"Bad Bulb Right Out of the Box

Was a present for my wife at Christmas, opened, plugged in and made a bright flash then was dead. Found that the bulb was bad, called Conair which was a waste of time, told me to send back to seller. Since that was more hassle than what it's worth, I ordered a LED bulb on Amazon which made the mirror perfect! bright, no heat and suppose to last a long time. Mirror is nice quality, Conair customer support worthless (should have offered to send me a bulb?)",3,1,neutral
en_0586125,"Good quality

For the price, I would purchase again",5,2,positive
en_0249984,"Great idea for the Easter Bunny!

This made a nice addition to the wrestling theme of my Grandson's Easter basket!",5,2,positive
en_0656919,"Picture is misleading

Fits fine. Only giving 2 stars because I did not get the bathing suit pictured. Very disappointed! Not happy with purchase at all. No time to return because I needed a swimsuit.",2,0,negative
en_0293458,"Size is way off!

Way to small! Ordered a large but was more of a small!",1,0,negative
en_0107872,"Good on a budget

I wanted to love this mouse I have been very pleased with redragon mice in the past this one sadly falls short of even my logi g502. The second row of buttons are very weak in this they feel worn out and it is new, I am expecting the others to feel the same very soon, the plastic is not like their previous product it feels very cheep in hand, the mode selector is on the bottom so quick access is not there with no way to validate other than opening the software to see what mode your in, finally even though the extra step feels good on the fingers it makes the base so wide if there is any uneven part of your desk it will teeter todder and miss inputs. For the price it is a good piece to test but I would recommend from my expirence paying 20$ more for another brand. Positives it does feel nice in hand even with the cheap plastic, the software is surprising doing well, easy to use and gives you multiple options such as double keying, lastly even though the side buttons need some love to input there are enough buttons to make anyone happy.",3,1,neutral
en_0029545,"Didn't last.

Bought this vacuum sealer without research since I am very happy with another Cosori product-air fryer. From the very beginning auto seal was tricky to use. Two weeks later the unit started to take over 2 minutes to auto seal. After sending it back and ordering a sealer from another company I saw that Cosori sealer didn't work properly from the very beginning. By the way, when I called the company the customer service didn't even know that they make this product. However still would recommend their air fryer.",2,0,negative
en_0055774,"Tape was Trash !

SAVE YOUR MONEY. Tape was to thick and was too short to fully cover grip area. Not enough Solution to finish job and the razor tool was dull. Had to Buy same product from another company",1,0,negative
en_0989713,"Great insulated water bottle

I now have 4 of these 👍🏾👍🏾👍🏾. It will keep cool or cold liquid cooler then outside temperature for approximately 1-1/2 - 2 hours; The drink valve can be closed or open. Closed no flow, and open it will flow if squeezed. I have not had any trouble with mold in the valve described in some of the other posts. I also like the color options available. I highly recommend",5,2,positive
en_0112247,"Do not buy from

Neither adapter worked on arrival, when plugged into my iPhone it says “accessory not supported” garbage fake product! DO NOT BUY!",1,0,negative
en_0342476,"Didn't fit

Would not work on my above ground pool",3,1,neutral
en_0663602,"Product listing stated condition was very good, but the case is cracked and the disc ...

Product listing stated condition was very good, but the case is cracked and the disc is scratched. Disc skips in player; condition is def not ""very good."" I'm returning it.",1,0,negative
en_0198853,"Bought 2, one of the locks broke when I ...

Bought 2 , one of the locks broke when I tried to take out of package.",2,0,negative
en_0106451,"Cute but the handle ripped early in use

Wanted it mainly for the handle to lift the dog out of the water into the boat but it ripped off within a month of use.",3,1,neutral
en_0623911,"Four Stars

very good. but some Blue jay still can get it.",4,2,positive
en_0969103,"Never received

I never received my package....",1,0,negative
en_0826213,"Four Stars

5 stars if you put what it is for on the plan when you send it",4,2,positive
en_0178051,"Lasted one day

1 year old mixed boxer tore the rug up in 2 hours. I then spent the next hour picking up all the little pieces. May not be the fault of the maker, but you all with young dogs should beware. I'm now search for a more durable outdoor entry rug.",3,1,neutral
en_0189270,"Good read

Plot was a little thin. But, an interesting story. Characters are mostly believable. I enjoyed the book. Would be a great beach read.",3,1,neutral
en_0288858,"grab them while they're available.

It's getting harder to impossible to find quality 100% or close to 100% cotton clothing. Everything is cheap, fast fashion. Makes me furious. Man-made fibers are killing the planet. I was a bit surprised by how thin the tops (leg part) of the socks were, but the foot part is excellent. Thick, cushiony, and COTTON. I'm going to see how they wash up. If fine, I'm going to stock up!",4,2,positive
en_0612933,"The screen

Case is nice. Screen protector does not cover the entire phone screen.",3,1,neutral
en_0286323,"Fun and long lasting coasters

These coasters are great! Funny, durable, and the price is right. This is my second purchase. My friend loved them so much, that I've decided to gift them.",5,2,positive
en_0920536,"I loved it. It was nice and heavy and ironed ...

I bought this iron for paper piecing and quilting. I loved it. It was nice and heavy and ironed my seams perfectly. I bought it in March 2017. Now it's July 2018, and this thing is dead. A little over a year of ordinary use. My mother had one of these (I don't know the brand) that lasted for 30 years. This is just sad.",1,0,negative
en_0063250,"Highly recommend it!

I highly recommend this 87w usb c charger!! First one, When I received this charger, it was well packaged in a nice box. Second one, I have some problems while using this charger, but the seller help me to solved it quickly. Last but not least, it has the same quality as the OEM charger but it much cheaper than the OEM charger.",5,2,positive
en_0039507,"Works the best out of all the tempered glasses I've tried

Works the best out of all the tempered glasses I've tried. Covers most of the screen but there is still a gap open to the edge and the edges don't stick completely due to the curve of the screen.",4,2,positive
en_0559877,"Never came.

Item never arrived. States delivered but never received it.",1,0,negative
en_0399355,"Looks good but fades

Fade so soon on color. Not the same black no more. See through some areas. Silvers exposed. Block bezel cant control with ease",3,1,neutral
en_0338685,"Ok

Don’t like that the phone station is in stable",3,1,neutral
en_0404655,"Bad Quality

Was disappointed in the quality of this item. Was a cheap plastic. If I had know it was plastic I would not have purchased at the price listed.",3,1,neutral
en_0693440,"Beautiful but a bit nerve racking

The installation was simple and straight to the point. Putting your head under there to reach was a bit hard. If you had problems like me, a hack and pliers made it easy. My issue was that the new side markers needed a bit of force to stretch the wiring harness so that the side marker clip can lock in (the clip on the right, the closest one with the led wire+plug).",4,2,positive
en_0440661,"Fast service

Got before time happy about that, but some was spelled out in the packaging.",3,1,neutral
en_0789615,"Cracked case after one month!

Have had the case for a month and it cracked. Not made well. Definitely disappointed that the return window is closed, or I would definitely be returning. Would not recommend.",1,0,negative
en_0040171,"He has worn Rockports for over 35 years and is on his feet a lot and this brand has always been consistent and comfortable. He r

My husband loves these. He has worn Rockports for over 35 years and is on his feet a lot and this brand has always been consistent and comfortable. He really likes the slip-ons.",5,2,positive
en_0731108,"Very poor quality. I’m a technician for a casino

Very poor quality. I’m a technician for a casino, walk on the casino floor a lot. I can barely hear it when some one called on the radio. When I’m in a quiet room, it works ok.",2,0,negative
en_0805253,"Too few screws

Honestly, I would have given this 5 stars because it was exactly what I needed and seems to be doing great at getting my cats not to scratch my new furniture. However, it should really come with four pins for each panel (for a total of 24) so you can put a screw in each corner. Mine only came with 14 screws, so most of the panels aren't attached at the bottom and are curling up.",3,1,neutral
en_0860877,"Stopped working within a few months.

Bought 3. They all stopped working with no visible damage to the cable within a few months.",1,0,negative
en_0489941,"Very warm

Very warm and dry. Will make your hands sweat",5,2,positive
en_0810145,"stencil review

The stencils are very thin. Used to be thick. Disappointed.",2,0,negative
en_0439583,"Sugar Free and Menthol

The product meets my requirements and is economical.",5,2,positive
en_0467091,"I received someone else's return?

The light seems to be as advertised but I think that I received someone else's return. The box inside the shipping envelope was torn and crushed. In the box there was a plastic bag and the light, but the light wasn't in the bag. The bag had a jagged edge across the top like it was cut open with scissors. The light works but I'm not real happy being sent what looks to used merchandise.",3,1,neutral
en_0374544,"No slip

Nice and cozy, needed no slip socks after hip replacement surgery",4,2,positive
en_0863272,"For a little more mowing

I liked the look of this and it works well when I just need to mow a little bit quickly.",5,2,positive
en_0469179,"Good size and sturdy

Good size and sturdy. I only wish the top latching strap was longer to optimized the complete size of the case.",4,2,positive
en_0471313,"Love it

Great price and fits practically every phone. Your case can make it a tight fit depending how thick it is but still works.",5,2,positive
en_0717954,"Not true to size

Nice material and the length is great but it is not true to size. I recieved an XL and it definitely fits more like a M/L than an XL and therefore is not flowey or loose fitting.",3,1,neutral
en_0755274,"Gets the water out

It presses the water out well but it changes the texture of the tofu and that take some getting used to.",4,2,positive
en_0417925,"Never received it

Never received product",1,0,negative
en_0377553,"Beautiful case

Love the case but it would be nice if it were fully enclosed.",5,2,positive
en_0020978,"Very poor quality.. breaks in no time

Extremely poor product. Took theee attempts to install it. Broke in like a week afterwards. Get good quality product and not waste your money on this one.",1,0,negative
en_0221750,"good belt

good quality and easy fast service thank you",5,2,positive
en_0964189,"Weak tea, no aroma.

Based on reviews, I decided to try out this Yorkshire blend of black teas. Turned out quite weak after 5 minutes of brewing; with no distinctive flavor or aroma. It was only 3.99 for 100, so its no big loss. We also use tea bags to add color to some curry dishes, and it certainly fits that function.",3,1,neutral
en_0178212,"Not charging MacBook and has noises

This is a disappointment. I bought one first and it is not charging MacBook and has noises. So I bought a second one and it’s still the same problems. Returning both.",1,0,negative
en_0046782,"Great for extra storage in a small space

Great for extra storage in a small space. Sadly my package was missing one of the connectors so my five tier shelf is only four tiers.",3,1,neutral
en_0493226,"I still feel like this is worth the money.

I love almost everything about this lamp. However, it advertises 90 degree adjustable, but it does not adjust 90 degrees like you would think. 45 in each direction but not 90 in each.",4,2,positive
en_0379077,"Trusty headphones

These headphones are surprisingly sturdy, even after dropping the unit from desk-height and repeatedly running over the cord with my chair. The sound quality is good. However, wearing this for hours at a time starts to hurt my (somewhat large) ears.",4,2,positive
en_0927562,"Too small

They work alright but run really small",2,0,negative
en_0671501,"Disappointed

Did not get any results from the products.",1,0,negative
en_0585875,"Simple to learn and quick

Simple game easy to learn and reasonably fun and quick to play. Don’t think it will be a favorite, but expect it will get played enough to keep around. Not to tedious for mom and dad to play, which is always a bonus.",3,1,neutral
en_0435560,"Great quality

Very sturdy, but it’s huge! We have a large dog but the claw area of this is gigantic. Maybe I should have read the measurements.",4,2,positive
en_0013895,"One Star

You sent the wrong card.",1,0,negative
en_0429026,"It’s lightweight hoping it holds up to the task

It is pretty light weight so I am hoping that it holds up well. I didn’t expect much more than I got for the price I guess. I just hope it holds five or six bottles of wine I’m supposed to without bending",3,1,neutral
en_0217490,"Two Stars

Good for a wedding or high school prom.",2,0,negative
en_0140721,"Good hose.

Handy hose. Easy to use when connected to my pressure washer.",4,2,positive
en_0768015,"Low pressure

Like that it gets most of lawn but compared to previous sprinkler it doesn’t have good water pressure.",3,1,neutral
en_0257800,"Won’t work!!!!!!

only one side will work my daughter has never been able to ride it and can’t get in contact with anyone to help me!!!!!!!!!!!!!!",1,0,negative
en_0904427,"Don't waste your time with the small one -- and difficult to open when attached under seat

Small is too small to carry anything but set of keys OR single snack bar.",1,0,negative
en_0147339,"Its ok

This sits on a stand I picked it up by the stand and the stand broke",4,2,positive
en_0103633,"Just doing what you say you will do that's the important thing keeping your word

How to start a game at the right time we're able to get it in a short. Of time then able to get it installed and everything went well and it was exact one that that we wanted and needed and the price is right thank you Amazon",4,2,positive
en_0266696,"Powerful messager worth very cent

Came fully charged easy to used very powerful. Has lots of different settings never be disappointed very much worth the money. Plus the texture is very soft.",5,2,positive
en_0411589,"Functional but thin metal

Package arrived a little beat up, the metal was bent and pinched in some areas, still served its purpose for my dog. Wouldn't recommend for a larger more aggressive dog.",3,1,neutral
en_0366942,"One Star

When I got it, it was all dried up, and they won't take returns.",1,0,negative
en_0812719,"Delicious and worth while if cost is no object

These are mighty tasty and having dry packs around as an option is handy. Yet understand that 150ml isn't very much liquid. You will need to use two packs in a large coffee mug to feel satisfied. That means there are 10 servings in the box. Given the price point, I'd prefer to buy a canned product. I can only recommend if cost is no object to you.",3,1,neutral
en_0749509,"May nor be compatable with stronger batteries

The motor burned up first use, stopped hammering",1,0,negative
en_0752266,"Not well made

Not what I expected. Was very flimsy and the decorative pieces were moving.",3,1,neutral
en_0296084,"Large capacity, weak solar

This has enough charge to fully charge 2 phones at a time. The solar cell is does not produced enough to charge. 25% battery was left on the window still (that gets direct afternoon sun) for 2 days but the battery has not reached the 50% mark.",3,1,neutral
en_0355795,"One Star

Mascara smelled rotten, it’s doesnt come with most of the things in the picture.",1,0,negative
en_0366489,"useless when wet

I watched a demo video and thought this would be a good thing to have as I always seem to not be able to find the right cover for my plastics and sometimes I just want to cover the bowl without transferring it to a plastic container. I tested the little size over my cover cup and not a drop got through when I turned it over. It stretched easily and there were enough sizes to cover a good array of sizes and the container doesn't need to be round. However, when the dish has been in the refrigerator, there is condensation that forms on the outside. The covers will not stick to the bowl when it is wet. That was quite frustrating as then, I had to pull out the plastic wrap.",3,1,neutral
en_0893541,"Easy clip on

I like this product but have only taken a few photos.......",4,2,positive
en_0065847,"Nice looking caps, but too short for the valve stems

I really like the way these valve caps looks and was excited to get them on my truck. However, when I put them on, they were too short and did not cover the whole stem. I ended up not using them, but am using the key chain. It's well made and also looks good.",3,1,neutral
en_0588828,"Poor Durability; strings are not up to the mark and loosely built

I've been using Guitars for a while and while this model looked good initially, it deteriorated very quickly there after. Only after 1 month of light-use (2-3 hours a week), it started degrading. The grip of the strings started to loosen up and no matter how many times you tighten it up it always loosens immediately on playing and causing a weird tone while strumming. That is not how a good guitar should function!",1,0,negative
en_0498089,"Cheap

Doesn't last long after being charged.",2,0,negative
en_0908381,"Makes great coffee

Will keep full flavor for 20 ounces of coffee",5,2,positive
en_0708676,"The wheels are weak. Two broke off after only three weeks in use. Was sent replacement parts.

After only three weeks of use two wheels have broken off the chair. It’s being used within the weight restrictions so I don’t know what is going on. This should be a warranty item, let’s see how that works out. I’ll post again when I hear from the seller and/or Amazon. Update: company quickly sent replacement parts. I’m still Leary because parts are plastic but have reassembled chair and will see if it holds up. Amazon also sent info on how to return chair so customer service has been satisfactory. 👍👍",1,0,negative
en_0932650,"doesnt work

doesnt work unless you hold it. very cheap",1,0,negative
en_0122412,"Cheap

Cheap I’ll pass next time",3,1,neutral
en_0103702,"They are small

The globes were as expected but one of them was broke. I received the replacement but it doesn't seem like the water is flowing out. I check on my plants throughout the week and the water is still there even the next week. Not sure why maybe they work better on smaller plants.",3,1,neutral
en_0446074,"Not the right candle

I guess we can't leave seller feedback for this company, but I wanted you to know that I didn't receive the candle that I ordered. I ordered the silver birch candle but received the kitchen kitchen spice candle. The box that the candle came in did say silver birch so I'm sure you will be having more problems because of the switch.I had to put a star value to send this but obviously I don't know if I like the candle since I didn't get it. I did however get get the wrong candle on time.",3,1,neutral
en_0233356,"Germs are gross!

The product did not come in tamper-proof packaging. Returning.",1,0,negative
en_0088897,"They do not charge.

They Do Not charge the phones. It will say it is, but after a hour or so the battery hasn’t went up.",1,0,negative
en_0040827,"Cute!

Cute designs, but a little on the thin side.",4,2,positive
en_0928079,"Good shoe for the price

These are surprisingly comfortable and accomodate my orthotic and life well. Though I thought they looked a bit cheep and the plastic lace area causes the laces to make noise. I thought they ran about a half size too big. But I'm keeping them as an alternative shoe to run my errands in.",4,2,positive
en_0726702,"Breaks in half after just a few swats

Do NOT buy this. I bought one and loved the overall grip. It broke in two after the fourth fly. I figured it might have just been a lemon and bought another. It broke in two after the 4-5 flies.",1,0,negative
en_0297603,"Cute cap. Label stained after wash

Cute cap really like it. Fits my 4 month old well. Label stained the cap on first wash. I always wash my baby wearable products before use. So remove the brown label before you wash.",4,2,positive
en_0892607,"Good quality for the price.

Very easy to put on phone. Seems to hold up good.",4,2,positive
en_0131714,"Sized small.

Ordered a size bigger so they would fit loose. Actually tighter than a size smaller from a different company. Quality does seem very good though.",3,1,neutral
en_0817182,"Does the job and a fair price

Excellent fit and appears good quality. Shipped quickly and a good price.",5,2,positive
en_0682717,"Sent wrong size - not returnable

They sent basket filters instead of the #2 filters and apparently amazon doesn’t allow returns. Grrr",1,0,negative
en_0277635,"Fitbit One charger

it's just like the charger that came with the original fitbit one",5,2,positive
en_0375187,"Better for small dogs

Since I own a pitbull and people tend to walk the other way when they see my dog I figured this harness would help change people’s perspective. 1) the neck size is very small. It wouldn’t even fit over his head. If by some miracle I was able to put it on then the harness would probably just be choking him. The neckline should be adjustable 2) it doesn’t seem all that strong. I did see some reviews prior to purchasing about the harness getting damaged by the dog pulling but I still wanted to see for myself. My dog doesn’t pull often but when he does I’m sure that this harness would not hold up. He’d definitely tear it apart My neighbors also have a pitbull but he is a lot smaller than mine so I gave the harness to them. Haven’t seen them use it so they probably came to the same conclusion about the quality of the harness This harness is definitely better suited for smaller dogs.",2,0,negative
en_0966160,"Two Stars

Not real impressed vol. Not near loud enough but other than that it was fine",2,0,negative
en_0244308,"Good travel companion.

Good product, but charges slower than chargers that are made specifically for your phone.",3,1,neutral
en_0065641,"Love the sizes and stand

I was looking for a larger bamboo cutting board and came upon these. Now I have a variety of sizes and the quality of them is super. They wash up like a breeze. I will use the mineral oil when they seem to need it. Very happy with my purchase.",5,2,positive
en_0287258,"Fun IEM's with a few problems

The sound quality is very nice. I use these to mix and found them comfortable but one issue I've been having is the left earpiece will go out for no reason and then the right earpiece will start to fade out to nothing. I would love to get a replacement pair because while I do love these earphones the inconsistencies are very frustrating.",3,1,neutral
en_0467417,"Great fit, sleek look

I definitely love the look of the case but its a pain to put on. I would definitely suggest to leave this case on as much as possible or the plastic edges that clip it place are sure to break. I love that this case came with a key board cover as I hear these new macbook pro's are prone to keyboard issues, however it will change the way the typing feels so get ready for an adjustment period. Lastly I also appreciate the screen protector however it does cause a ton of glare in dim areas with partial lighting, I know it sounds weird but the brighter the room the better it seems to look as long as the light source is not behind you. Either way you're going to get a lot of glare if you use the screen protector.",4,2,positive
en_0127485,"I am advert reader and love books, do not like much eBooks

It is interesting book in Crock Pot cooking, I recently purchase the pot and wanted to have some recipes so this book came up. I am advert reader and love books , do not like much eBooks. . The good receipe I made and enjoyed by family are Eggs & Mushroom Break, It is quit easy to make Keto crock pot recipes. will proceeding with today more recipe and if have time may publish it. Recommend everyone.",4,2,positive
en_0221102,"Grandson loves......

Used as gift for grandson.... Nice...",5,2,positive
en_0291442,"Not sewn straight.

This dress was not sewn straight. Two issues: 1) The center seam with buttons is not centered. It's off by about an inch to one side and it's obvious. 2) Where the dress attaches to spaghetti straps is higher on one side than the other. This, too, is obvious. Unfortunately, I will be returning this.",3,1,neutral
en_0343308,"Black laces

Exactly what I needed! The two pairs came in handy too.",5,2,positive
en_0649987,"Beautiful, but not easy to set up

Beautiful set of decorations... but there were no instructions of how to put everything together. I had to come back to this to look at the photo to figure out what all these pieces were supposed to go to. AND... I must say... the white(ish), gold and blue tassel banner was next to impossible to put together.",3,1,neutral
en_0969101,"One Star

Ring is larger than expected very heavy",1,0,negative
en_0460151,"Dont waste your money on this like i did!

Crap! It zapped 3 flies and is now cooked. Dont work No more! Another junk product on here!",1,0,negative
en_0355521,"Three Stars

Hard to find the right key, has to be marked with colored tape.",3,1,neutral
en_0855457,"OK but not great.

Meh! OK but not great.",3,1,neutral
en_0485002,"Late Arrival, but good customer service

Needed this for a birthday gift. Arrived 10 days after ordering it, after I needed it to arrive, and customer service was very good with a refund. Pleased with them.",4,2,positive
en_0154848,"Great, but Flawed

My sister in law loved it! She is a huge Harry Potter fan and a die-hard Hufflepuff, so this only made sense. Issue though, my sister in law was stirring her tea lightly and the side started to chip. Kinda of disappointed with that bit.",3,1,neutral
en_0599351,"gift

buy these for hubby he enjoys these",5,2,positive
en_0433028,"Unreliable connections ruin products like this.

The product looks great and sits nicely with my iMac but that doesn't matter because EVERYTHING about this product is ruined due to the fact that even a slight movement plugging in an sd card, or a usb, or when removing a sd card or usb causes any attached devices such as external drives to disconnect and eject without trying to. What a joke!!! This is so frustrating that these companies make products like this. It is totally unusable due to the fact that this could actually DESTROY your work. I'm a video professional and one of the nightmare scenarios is being in the middle of a video edit and suddenly have your editing drive disconnect simply because you bumped or touched this Satechi Type-C USB Hub. I yelled at my computer tonight after giving it one more try. I hooked up my Samsung t3 drive to get the benefits of the USB Type-C and this Satechi hub... after running a speed test I plugged in a second USB device into the hub and the Samsung t3 drive suddenly knocked off and I receive the dreaded ""Disk Not Ejected Properly"" warning. How is it possible to make something look so good with my iMac with a solid construction and build and yet the most basic requirement, a reliable connection to the hub, is missing making this product a glorified piece of trash.",1,0,negative
en_0289268,"Clip broke immediately

One of the clips broke the first time I tried to install it!",1,0,negative
en_0293074,"... second one I ordered LG needs to make a better

This is my second one I ordered LG needs to make a better remote",3,1,neutral
en_0526455,"Comfy

The dress is cute but does not drape like the photo. It is VERY comfortable.",3,1,neutral
en_0629577,"Comfortable!

I love this dress! It is very comfortable and the color is great! The one thing I hated about it was how it kept catching on my arms it wouldn’t stay down in a nice fitted way they kept riding up. I would say if you’re tall the length could be an issue. I am 5’1” and this with heels hit the floor for me.",4,2,positive
en_0624207,"Non-responsive, poor ergonomics, but cheap!

pros: cheaper than the wireless keyboard I had previously. since this is my primary keyboard, i'm spending less time on the internet (and shopping on amazon)! :) cons: shift key works only about half the time (thus, the un-capitalized review); trackpad responsiveness is poor, especially for drag and drop; really have to pound on the keys for recognition. if you want a case of carpal tunnel, this keyboard is ideal. not recommended. don't cheap out; get the good keyboard.",3,1,neutral
en_0330220,"This is very nice to have

This is very nice to have. I can't help but wonder where Voyager is when I listen to this. But I too was under the impression that it would have music on it.",2,0,negative
en_0527093,"No high beams.

The low beams are bright as hell! But there is no change between high and low. Kinda disappointed.",3,1,neutral
en_0866915,"Comfortable and light

I have not used it yet but it is on the small side. I am going to use it and see how he likes it. It is light which is what I need",3,1,neutral
en_0074858,"Flawed design - best for intermittent use only

We also experienced the overheating issue that many users are complaining about. When it overheats, it shuts down and the only way we could get it to work again was to unplug it and plug it back in. As a partial solution, we changed the settings to shut off after 30 minutes of no activity (in the settings menu). We also propped it up on a couple of DVD cases on each side to leave space underneath so that air could circulate and allow some of the heat to dissipate. If you're someone that watches TV for 10 hours straight, this is really not the unit for you. We watch it at most for a couple of hours at a time, so it doesn't have a chance to overheat. We have a Roku Premiere that does not have this problem. May be best to avoid the Roku 4.",2,0,negative
en_0999421,"Cute Plush for the price.

The lynx plush is cute! Maybe a tad less fluffy than the picture, but not by much. The mane isn't overly full, but still looks good. The ear tufts are not good. They are glued, they don't quite match each other. I see why they glued them, it is because real Lynx have a very defined ear tuft they tried to replicate that and point them. A little scratchy because of it, but not bad for the over all price paid for the toy.",4,2,positive
en_0728543,"Almost Perfect.

Great! Blu Ray came in good condition. Although I prefer the cardboard packaging like a couple years ago.",4,2,positive
en_0011286,"Excellent quality pedal exerciser for a good price and user friendly for seniors

Bought the pedal exerciser for my 87 yr old mother. She loves it and although she is active - even still mows her own lawn, she likes using it when she is inside when the weather is rainy or cool. She liked the fact it was assembled except for the tension knob so she was able to use it right out of the box.",5,2,positive
en_0251423,"I loved that this hydro was so much less than the ...

I loved that this hydro was so much less than the normal and it shipped in 1 day! However, it shipped with a dent on the bottom. I’m going to contact hydroflask to see what they can do.",3,1,neutral
en_0211355,"Two Stars

If I am a Prime member why do I have to pay for return shipping?",2,0,negative
en_0329885,"Read before visiting the battle field.

Good read, takes you to the moment!",5,2,positive
en_0109382,"Feels great... smells rancid.

I really like the way this oil feels on my skin but my main issue with it is the smell... I don't know if I got a rancid batch, but it's got an off putting, raw turkey odor to it. I'd try to return it but I added some essential oils to cover the scent so I don't think I can.",3,1,neutral
en_0981676,"Good value

My old phone holder was broken a few days ago and I have to change it. The new one just works as good as my old one . Not that expensive but very nice product",5,2,positive
en_0693313,"Piece of junk

Do not buy this. It is a piece of junk. The test button didn’t even work but my granddaughter wanted to keep it anyway. It took over 20 minutes to get the sharp plastic wrap off. It wasn’t worth the time and effort to open it or even return it to Amazon so I let her keep it. The bottom line is, it’s a piece of junk and don’t buy it. Amazon should read this review and offer me a credit anyway. I am definitely not happy with this toy. But I LOVE Amazon Prime. Thank you.",1,0,negative
en_0416262,"Really bad battery

I need high-quality headphones with a long-lasting battery. and the only drawback of this product is the battery, sometimes turns off after two hours of use",2,0,negative
en_0770937,"Color dyed my tins

They were fine except that they died my tins purple",1,0,negative
en_0608963,"Works well for our oversized recliner

It is exactly as pictured. No complaints at all.",4,2,positive
en_0458559,"Great photo quality!

Very easy to use! Makes a great difference when taking photos. Photos have a nice quality to them. Its pocket size easy to carry with its pouch. Great deal. So happy with this purchase!",5,2,positive
en_0734378,"Three Stars

They are see through",3,1,neutral
en_0457014,"Good price and quality

Good price and quality. Will definitely buy again.",4,2,positive
en_0759932,"Cute!

Extremely cute shoes kind of a soft velvety-suede fabric. I normally wear between a 7-8, but the eights or only if the shoe size is a lot smaller I average of 7 1/2. Which I bought, I think going to a size 8 would’ve been better because there a slight bit too small ( which you can see when I have my foot turned sideways in the photo in the white part that’s where my big toe slightly scrunched up) I am hoping if I wear them while sitting down they’ll stretch out a little bit.",3,1,neutral
en_0279326,"Good

Good but took some time to debe it",3,1,neutral
en_0064003,"I didn't particularly like the sparkle pins

I didn't particularly like the sparkle pins. The look too plastic for my taste and it didn't blend well with the flowers. I gave it 3 stars because it wasn't bad but not what I wanted. I need it to bling and pop more out of the flowers. Very dull shine.",3,1,neutral
en_0509607,"Cute, but didn't jiggle

Looks like Shaun the Sheep, but doesn't move with the solar power--disappointing",3,1,neutral
en_0854953,"Good fryer

The fryer has been simplified over the years, cheapened to. Used to be digital interface, now analog dial, no timer. I'm fine with that. I had a problem with the unit leaking oil at the drain valve connection to the reservoir tank. Delonghi is replacing the entire unit. The basket is flimsy looking, and everything seems to be a slightly thinner gauge metal. Hope the replacement gets here soon, I need some wings!",3,1,neutral
en_0968066,"Squeaky and major design flaw

Our frame started squeaking pretty quickly, really only after a few months. There is also a major design flaw that you can see in the pictures. The left and right edges of the frame have a substantial gap, if your mattress isn't perfectly on the full frame, then it starts sliding down into that gap. I think this highly contributed to our mattress being ruined.",1,0,negative
en_0833154,"Slippers

They were nice not as comfortable as I thought",4,2,positive
en_0979539,"OHHHHH do NOT buy these!

These are NOT like the vintage ice cube trays which were sturdy and easy to get the ice out with one pull of the arm. These are cheap thin aluminum and the arm bends when you pull it up to separate the ice cubes so you CANNOT get the ice out of them. Here is what you wind up with, a big long solid block of ice with the separators stuck in the ice? Just don't buy them, Please save yourself the aggravation",1,0,negative
en_0955038,"Could be made better.

A little disappointed with this. Wish it had the twine around the polls for the cats to scratch on. Also, material used sheds quite a bit.",3,1,neutral
en_0799333,"volume button did not line up

This product was perfect in protecting the phone and I was till able to use almost all features with it. The only thing that did not line up was the volume down button on the Samsung Galaxy S9+. Which made it difficult when adjusting volume (worked around it by turning volume up to get the slider on screen and then dragging the slider down on the touchscreen) and I couldn't do any screenshots with the case on either. First few times opening the case is really hard and had to use something to pry it open afterward it started to open more easily. kept the same level of waterproofness regardless.",4,2,positive
en_0594077,"White Oak Bark

I have taken White Oak Bark for years to control Hemorrhoids. They really work wonders",5,2,positive
en_0655002,"Good

Good, I'd give 5 Stars but one of the lids broke about 2 months after purchasing",4,2,positive
en_0206604,"It's like a cross between a curved bill and a flat ...

Odd. It's like a cross between a curved bill and a flat bill. Pretty wide brim.",3,1,neutral
en_0938319,"not bad

OK for the price, but not durable. Bolts came with the product but no star type allen-wrench to fit...",3,1,neutral
en_0880352,"The Recommended Amount Gets you Through About 15 Days

Yes, this seems to be a very nice product, with a glass bottle, and good processing techniques. However, it is very expensive for a 15 day supply (at the recommended 4 pills a day) and the pills are only 3/4 full. I did ask and the answer is that is just how they are filled. I only give 3 stars, because 15 days is something for a ""free trial"". A real product provides at least 30 days.",3,1,neutral
en_0282659,"Fun product, great price!

Great product to entertain the little ones. We bought the 5 pack based on some of the reviews about quality. They all work and are in great condition! I'm really glad that we bought 5 because 5 is just better then 2!",5,2,positive
en_0149970,"Good movie...

The accents are a little tough to understand though.",4,2,positive
en_0783072,"Deflates slowly

Great pillow if only it wouldn't deflate overnight. Mine is only half inflated by the morning",3,1,neutral
en_0855716,"Four Stars

Good quality sound and very comfortable fit. Unfortunately, it does not connect to my Nexus 6P phone.",4,2,positive
en_0412105,"Multiple boxes/Late Delivery

Package delievered late and the product comes in multiple boxes (3). I received 1 of 3, late, and now im waiting to receive the other 2 package deliveries.",2,0,negative
en_0825502,"Not What We Expected

After having a down pillow, I hoped these pillows would be a good alternative without the cost of down. They were huge and didn't have the softness we expected. I returned them.",2,0,negative
en_0109983,"Unfortunately I threw away the packaging so now I have 2 pill containers that are truly no good to me

As many stated, the tops do not close securely. I thought I would give them a try and YUP the reviews are right. I turned the container over to get medicine out and all of them went all over the floor. I had to gather them quickly as my GSD came running into the kitchen. Unfortunately I threw away the packaging so now I have 2 pill containers that are truly no good to me.",3,1,neutral
en_0903364,"Thin material

The towels are thin and don't cool well.",3,1,neutral
en_0215846,"Complicated

Like programming an irrigation timer, hard to do for myself who has mastered computers. Put away for sometime when I have an entire day with nothing of higher priority to do.",3,1,neutral
en_0547785,"Two Stars

you can really taste the artificial flavoring",2,0,negative
en_0868047,"Well it wasnt a Maverick product so i was pretty disappointed.

Well it wasnt a Maverick product so i was pretty disappointed..I basically paided for a sweater with an iron on decal",1,0,negative
en_0242162,"Nice colors Tshirts

I bought these T-shirts for my husband. Nice colors, but will shrink when you wash them. My husband wears a medium. If I knew they would shrink I would have gotten a larger.",4,2,positive
en_0783124,"Too Small For Ikea

Seriously smaller than I was expecting. Do not fit Ikea cabinets at all.",2,0,negative
en_0683629,"Not touch screen gloves.

I’m not sure if I ordered these gloves too large or what but they did not work on a touch screen as expected. Other than that they were good",3,1,neutral
en_0521112,"Scent still filled the house nicely.

I bought this candle as a gift for Xmas and it was lit right away. The lavender fields scent was strong but not overbearing. After a few days, we got to the ring that was inside. It wasn’t able to fit any finger to the person it was gifted. I had hoped we would get a different item since the option to choose a size was not available. Scent still filled the house nicely.",3,1,neutral
en_0721802,"It's comfortable and i haven't had any quality issues with the ...

i originally had an xp band years ago which made a massive difference in my flexibility and muscle endurance. This does not seem to have the same effect, but then again, neither does the current xp band i just purchased, so maybe it's just me :-). It's comfortable and i haven't had any quality issues with the necklace, as some people mentioned in the reviews.",3,1,neutral
en_0213479,"Seller rating lower than product (Here's why!)

ATTENTION!!! This is not a SPEED carburetor! This is a different Chinese knockoff. The pictures show Speed but it comes without the speed logo and without the higher quality parts that come on the speed. I tried to get a refund but the seller insisted that since the description shows that it is not a speed carb, it shouldnt matter that the pictures show a speed carb. I have reported the seller and don't plan to get a refund because for $9 I don't feel like sending the knockoff back. THAT BEING SAID!... This carb, after setting the idle and the needle, runs absolutely flawless. It was rough for about a block and then it delivered the same as the Speed carb. As much as I hate to admit it, the knockoff performs. Shame on false advertisement though!",3,1,neutral
en_0585619,"Ruler was heavily scratched

Ruler was heavily scratched. Looked to be a production reject or it was a returned item that was resold. For the price I expected a flawless product. I would not recommend.",1,0,negative
en_0697473,"Good case, a little too thick

A little bit on the thick side for wallet cases. Using the case as a stand is great. Holds cards and cash well. Can do wireless charging through the case which is great!",4,2,positive
en_0617795,"Does not clip into hard hat, does not stay in hard hat

The clips don’t clip and stay in my hard hard which is also made by 3M. So every time I take off my hard hit the ratchet part comes out of my hard hat.",1,0,negative
en_0464229,"A little big but not noticible

Bought this dress for my teenage daughter. It was a little big on top but fit pretty good everywhere else.",3,1,neutral
en_0086471,"Always washing it.

Always washing it as the litter sticks to this all the time. Messy job. Supposed not to stick, but does the opposite. Easy to hold, and made well. Finish should be corrected.",2,0,negative
en_0650373,"kind of a pain to lock it back, because ...

kind of a pain to lock it back, because you have to have the key in the lock and have it turned in order for the piece at the top to slide in the hole.",3,1,neutral
en_0150430,"Given to my daughter

Holds my weight very well. I have a 60 inch chest so my arms fall off. It’s not wide enough for me but it is very well made",4,2,positive
en_0285767,"it is very roomy

There is an ample amount of room to make notes in each day. I like that. My ONLY issue with it is the days don't match up on the two page month. Other than that it's a great planner. :)",3,1,neutral
en_0651950,"It does not handle heat well in Texas.

Disappointed. It curls, crimps, and buckles. Doesn't work on camper surface. Not happy with quality. Sorry I wouldn't recommend.",1,0,negative
en_0050037,"Any Day Now

A very vague title for a meaningful book. Reading this book helped me work through some of my own relationship issues",4,2,positive
en_0704080,"Problem out of the box. Returned to LG. ...

Problem out of the box. Returned to LG. Tech called to say the unit had a problem and the parts are on back order. He did not say when the parts would be available. He did offer to return the purchase price. This is a responsible company that cares for the customer.",3,1,neutral
en_0107046,"Only good for light use I assume

It is light, super easy to put together and it does take a lot of shoes. UPDATE only a few months after we started to use it, it collapsed as one of the bottom bars somehow bent now it is not supporting the weight of the rack, so off it goes to the bin. It is a shame as I loved the design, how easy to put together and the way it looked.",3,1,neutral
en_0355563,"Wish it had a glass lid.

Needs a glass lid. You really can't tell if things are steaming properly with a metal lid. The kettle is magnetic. The lid and basket are not magnetic.",3,1,neutral
en_0148117,"Warped! Checked your vinyl carefully!

I've had the album for 2 months. Put it on the turntable today and noticed it is warped. It came that way. My vinyl is stored vertical away from windows, heat etc. Shame on me for not seeing it right out of the package but I wasn't looking for warping, I was listening for pops and skips. Buyer beware!",1,0,negative
en_0230569,"Not good

Every time I placed my order item were delivered broken",1,0,negative
en_0870329,"Does the quality fluctuate?

Sometimes my cats love this stuff and other times they turn their noses up at it. Sometimes it just plain smells like poor quality fish -- even the chicken and beef sometimes have that smell. I'm not impressed. I would like to see Purina up the quality control on this product.",3,1,neutral
en_0536512,"Poorly manufactured

Poorly made, when try to assemble, holes are not aligned properly...",1,0,negative
en_0534756,"Three Stars

Like the smell, just very weak.",3,1,neutral
en_0783450,"Unfortunately had to return it

I’m giving the product two stars instead of one because it did work on occasion, but is either very slow or doesn’t work half the time and I don’t know which one it is. I contacted the company but never got a response so went ahead and returned it and bought a different product. Also, I think the 20,000 capacity claim is dubious. It’s more like 10,000 I think based on the one time I was able to fully charge it.",2,0,negative
en_0505277,"I think this would only look great on someone SUPER skinny

Not flattering. Not the dresses fault. I think this would only look great on someone SUPER skinny.",2,0,negative
en_0788385,"Not the greatest quality

Just okay. I’ve had these for about a month now and they were great until I washed them. Now the waist sits funny and uneven. The draw strings just kind of get in the way and the decal is starting to crack and look aged.",3,1,neutral
en_0282909,"Three Stars

Decent quality. Not sure I would’ve bought if I saw it in person beforehand",3,1,neutral
en_0494244,"it made a great git for

it made a great git for xmas",4,2,positive
en_0101656,"Do not recommend.

3m adhesive started coming off almost immediately. Having to pull off before they tear off. Do not recommend.",1,0,negative
en_0956252,"They serve no purpose for what they were bought for..

Waste of money I had to throw in the trash...I ordered to use for my wedding on the tables..They were all tangled together and they look like something kids would play with...",1,0,negative
en_0863293,"One of my favorite snacks, excellent way to control portions!

One of my favorite snacks, excellent way to control portions! At a great price too!",5,2,positive
en_0627343,"Very comfortable. A little short.

Nice fit. Could have been a little longer for my taste. Very comfortable fabric.",4,2,positive
en_0914023,"Not a big boost, not sure it's worth it.

I get three bars of Verizon at home. This was quick and easy to install. But......it boosted me all the way from three to a whopping FOUR bars. Not sure that was worth two hundred bucks.",3,1,neutral
en_0853792,"Perfect size!

Not too big, not too small. Use it for my hair.",5,2,positive
en_0780667,"Five Stars

Product is what I wanted",5,2,positive
en_0261718,"Wear something underneath. It's a nice dress.

I like the fit and color. I have already worn it several times. you need a black full slip or camisole and half slip.",5,2,positive
en_0927814,"Just what I needed for a cheap price!

I was required to get this edition for my Music 101 class and can not be more satisfied with the edition. The redeeming factor about this copy was that it is well used. The front cover of the paperback is bent on two of its four corners and the book itself looks well read through with discolored copies. I highly suggest using this if you need to rent a book since it came within a Prime 1 day shipping and arrived in less than 24 hours. Just know it is a used rental book and you are getting the price you paid for, don't expect the new $170 copy.",3,1,neutral
en_0717791,"Product was not what I had hoped for. Was ...

Product was not what I had hoped for. Was flimsy and the suction cup doesn't hold well. Seemed cheaply made.",2,0,negative
en_0179580,"It was a piece of crap, the parts did not fit

It was a piece of crap, the parts did not fit. I ordered two and gave them both away. We didn't even open the other box.",1,0,negative
en_0699792,"Stopped working

After less than two weeks it quit working. Can't return it because personal information is on it and can't set it back to factory settings.",1,0,negative
en_0475515,"Ink smudges right side of paper all copies

Ink smudges every 2 inches on right edge of paper, all copies , not quality I need to be sending to clients, learned my lesson , 14 $ for two cartridges , will go back to others I ordered that worked fine, pay a little more , get it done right the first time",2,0,negative
en_0549987,"It looked old and dirty

The lining inside the cover came stained. It appeared as if perhaps glue or some other residue was smeared on it. It looked dirty. I was very unhappy with it.",3,1,neutral
en_0057311,"Works

Really cool, sometimes you need go over a couple times",4,2,positive
en_0575502,"Four Stars

I need to wear socks to not get blisters. With socks, just what wanted. Would not use for gardening.",4,2,positive
en_0769843,"Good Screen Protector

This is a good screen protector for my smartwatch. I did have trouble getting it on smoothly without bubbles.",3,1,neutral
en_0604562,".

Mints are effective treatment for dry mouth. Wish they were longer lasting.",4,2,positive
en_0578298,"...

Great Story although I don't usually read alternative sex play stories this was low key version of one. I do love hearing about the badgers hockey team.",4,2,positive
en_0725364,"The scent is a bit overpowering. My husband loves ...

The scent is a bit overpowering. My husband loves scented detergent, but even he is not too keen on this. We'll be switching to something else next time.",3,1,neutral
en_0141524,"Impossible

Very hard to put on. I bought another pair.",3,1,neutral
en_0016827,"EZ INSTALL

Comes with a entire kit to install it no more trying to free hand a screen protection application.",5,2,positive
en_0852855,"Too curvy

Works ok way too curvy for me",3,1,neutral
en_0690605,"😏

The quality is okay but takes forever to get warm in 70 degree weather outside as we use it for rv trips. Might want to spend a little more money and get a better quality warmer. Told are plastic and crack easy which is largest complaint, had to clue 2 already.",2,0,negative
en_0656297,"A great read

I raced through that sucker. The plot was solid. The science and tech was succinctly and well explained without distracting the narrative. The characters came alive. I'd love to read more by this author.",5,2,positive
en_0094925,"Egg

Ultimately a let down. After 8 years, Rockstar focused on all the wrong things and really laid an egg here. Beautiful scenery but unbearably drawn out traveling and menu toggling. Really unfortunate considering all the hype.",3,1,neutral
en_0193986,"You get what you see!!! Beautiful at night

I bought these for daughter then my other daughter bought 6 sets Then I had to buy 3 sets for my granddaughter and 4 more sets for my daughter Then my sisters loved it just gets contagious They are awesome!!!",5,2,positive
en_0456749,"Don't recommend for an iPhone 7

The case is too large for an iPhone 7. If you're okay with the phone sliding around in the case, then this might be for you, but I like the holders to fit the phone more snuggly.",3,1,neutral
en_0438960,"Excellent choice!

Perfect!! I was going to try to gather the materials to make this for my grand daughter but once I saw this I was sold. It is made well, seams are sturdy zippers are nice. You couldn't make this item for the amount they sell it for. It was well worth it and will be plenty useful for the kids to sleep on or watch tv.",5,2,positive
en_0046202,"Three Stars

Returned. To narrow",3,1,neutral
en_0109958,"ELASTIC AT WAIST

I ORDERED to use as pajamas. Nice material, washable and dryable, no shrink. I am 5/5 and 166 lbs. I ordered 1x because i like my pajamas loose. only prob with this is the elastic at waist is a little too tight for a 1x. I have a tummy, but still. The whole pant is more like an xl than a 1x really, tho will work for me; plus actually could be worn in public. would not order a 2x. wont order again.",3,1,neutral
en_0187218,"The nose knows.

I only got it for the nose hair trimmer and it does the job. Light maneuverable and a good battery life.",5,2,positive
en_0528283,"Runs small

I ordered it 1 size up and it still is a bit tight. I like my shirts to fit a bit looser. But it is a cute top and looks just like the picture.",3,1,neutral
en_0415630,"Thin but stylish

My son really wanted this hoodie so when it arrived he was pleased. It is very thin however and there were several loose threads. The style is neat and different. For the price I was expecting something a little bit better quality however.",3,1,neutral
en_0254174,"Excellent Value

Really soft and not too heavy. My only criticism is that I would have liked it to be a bit wider. It's probably fine if you just have one person in the bed, but once you get 2 bodies underneath it there's not a lot of extra comforter on the sides. But it's very durable. I bought this as a quickie replacement after a cat puke incident with my old comforter and I'm happy with the purchase.",4,2,positive
en_0059629,"Fun For Toddlers

A lot of fun for my toddler. It is nice that you don't have to worry about them slipping and falling under the water like a baby pool. Perfect for summer fun! Easy to set up and use. I was surprised at how large it was.",5,2,positive
en_0763766,"Longer

Its cool, just thought the handle would be longer.",4,2,positive
en_0733936,"After reading all the reviews I tried not to buy ...

After reading all the reviews I tried not to buy online but no one had this in stock so i was force to buy online...and it was delivered with the housing smashed other than that it works great",3,1,neutral
en_0364313,"Super quiet,

Love this fan. QUIET. For some reason, some times when I have it plugged it, it cuts off. Don't know why. Then it will be okay. That's why I didn't give 5 stars.",4,2,positive
en_0098148,"Meh

It looks good but the raised lines (the blue) are pretty uncomfortable. If all you care about is looks, buy this... if you want comfort, stay away.",3,1,neutral
en_0307905,"not good does not work

did not work not a good product they did not stick at all to my nails and you have to have the light. they do not dry quick",1,0,negative
en_0648437,"Perfect for lab

Just right for college lab",5,2,positive
en_0591942,"Read reviews

Pinched bad right under eyebrow and left a red mark. However you need to pull skin tight I learned. I'm still using it. It''s alright. Not sure I would recommend to others.",3,1,neutral
en_0267513,"I think this is a rip off

I bought this because I drink Arizona tea and like it . But it did not say how many bottles you would get for 12.00 dollars. I only got one bottle for the 12.00 dollars! I can buy a case for that any where else! I won't buy that again. I think I got ripped off.",1,0,negative
en_0130926,"Squeaky wheels - lasted a week

I wanted to love this stroller because it folded flat & was easy to fly with but within 3 hours of use, the wheels started squeaking loudly (we were in Disney and people were turning and looking - over the crowd volume) If you are buying to use & throw away within a week of use, I would recommend...if you are looking for something to last a few months....avoid. We left with the housekeeping staff at the resort & I even felt bad giving it to her for free to use for her granddaughter.",2,0,negative
en_0436150,"Link broke

I attached the watchband (looked great), went to put it on and the O link on the band connecting to the chain broke off. Sent back.",1,0,negative
en_0301283,"Had to return

The bag is a lot smaller than expected. It did not fit a dr brown baby bottle in any compartment. I returned it.",1,0,negative
en_0645243,"Not worth the price

Not what I expected. Dosent uncoil well and definetly dose not get 50ft. Once stretched out never goes back to originally coil again. Seems to have less pressure then new hose i use. Not worth over 50 bucks. Wouldn’t recommend unless you only need it for small stuff and plan to leave it outside.",2,0,negative
en_0252355,"Oh Canada

Although I found the plot compelling - I struggled to finish this book. Maybe I'm simply not deep enough to read this author.",2,0,negative
en_0644664,"Absolutely Revolting

Truly disgusting, would only consider eating if on a desert island",1,0,negative
en_0929635,"Horrible quality, pay a little extra to get a ...

The bristles are warped and pull my hair out. Horrible quality, pay a little extra to get a nice paddle brush",2,0,negative
en_0358414,"A great product

A great product I love this pump it is better than the ones that I used to use will be buying a back up soon.",5,2,positive
en_0576172,"it has been good.

Gave this as a Christmas present. None of the hardware was in the box. Instead of the hassle of returning the product, my son-in-law went to hardware store and found pieces to fit it. Other than that, it has been good.",3,1,neutral
en_0039823,"which is great. It would be 100% better if it had ...

It is slim, which is great. It would be 100% better if it had a strap, though.",3,1,neutral
en_0307049,"Was not a good fit for me

Couldn’t even get them to fit in my ears comfortably. Very sad, I need to return",2,0,negative
en_0997128,"No Quality Control - threads had machining burrs - no return policy

Please see the pictures above. The burrs on the fluid post were there, right out of the bag. If the Weekend Brewer had a QC department, this post wouldn't have been shipped. But you get what you pay for? Maybe? I should have know? The other post, springs and seals were all fine.",2,0,negative
en_0592992,"Four Stars

Good quality, let's hope it last.",4,2,positive
en_0145599,"Do not buy this it's not the product that's shown

I was extremely disappointed with this product because I did not get the plastic image shown. Instead I received a felt brain which in unable to be cleaned and will be covered in germs after one day. I am very unhappy and I wish I could give no stars because it's that bad.",1,0,negative
en_0257721,"Fit the hood of my 2006 Mazda 3 great. Only shame was that I actually meant to ...

Fit the hood of my 2006 Mazda 3 great. Only shame was that I actually meant to order the rear emblem!",5,2,positive
en_0518553,"Great, but can't get the pen end pieces to ...

Great, but can't get the pen end pieces to stay in while we pull the cap off. She just uses it without that end and loves all the different sounds and the extension and light.",4,2,positive
en_0431081,"not for regular use

My father used this for years, it will numbed his throat to the point where he could not swallow properly. He used it every night. maybe even more. I would not recommend this product for every day use. drink water to wet your mouth.",1,0,negative
en_0181516,"One Star

Axles were aluminum or a non magnetic metal. Illegal for pinewood derby. Should not be marketed to Scouts.",1,0,negative
en_0745329,"Watch what you buy on Amazon and don't buy this piece of expensive trash

After less than two of months using this kettle every day I have had now twice where the machine started boiling water on its own and had to be unplugged to stop. Had I not been home there is zero doubt it would have continued until it exploded and what, catch fire? I just contacted Amazon customer service and was put through some ridiculous ""reset"" which would have accomplished nothing to fix the problem then was informed I would need to contact the manufacturer as the return window has closed. REALLY? Amazon refuses to, on their own, take care of this very evident fire and safety issue where they certainly would have born some responsibility had my house burned down and is forcing me to ""fix"" the problem on my own. Had I purchased this from target or another store I simply would have returned it for a new one, which is exactly what Amazon should be doing right now. The agent clearly did NOT understand what the real issue is and has caused me to rethink every purchase I make through them. I strongly suggest any reader seeing this to do the same. They could care less when they clearly are selling defective merchandise, they take zero responsibility and the consumer is on their own. Buyer beware, your house could easily burn down and they don't care! **UPDATE** I just posted this the day before yesterday and got no help from Amazon at all, and now the kettle won't shut off at all. You have to unplug it to get it to immediately start boiling water, it WILL NOT stop boiling until you unplug this extreme fire hazard. I'm handicapped and had this put on my bedside table as I do nothing except drink tea all day, so I have watched this piece of garbage go from working well to a complete disaster in less than six weeks. Don't buy this product, Amazon will not stand behind what they sell.",1,0,negative
en_0206590,"Good cotton panties

Really comfortable panties, well fitted, i wish we had more color options than just the basics",5,2,positive
en_0892890,"They are attractive, durability yet to be seen.

They look fine, but don’t know how well they will perform in warmth or durability yet.",3,1,neutral
en_0481119,"Works for a while. 🤷‍♂️

I bought 2 of these and they both melted at the contacts. The plastic melts to easy. I like the flexibility of using my old dewalt tools but the quality is needs improving.",2,0,negative
en_0883177,"Cracked after a year

It was an ok brush, but spontaneously cracked after a year of use (I didn't drop it or use it for anything other than brushing my body). Would not recommend buying.",1,0,negative
en_0769007,"Came with dent

Came with dent in mirror - distorts image so defeats purpose a bit",4,2,positive
en_0738789,"Still dont have the correct item....

I ordered the carousel 4-5 weeks ago. They sent me a much cheaper and broken item as shown in the picture. I contacted them with the error and they sent the same incorrect cheaper case several days later...this one also broken. I notified them yet again with an extremely rude customer service correspondence. Two weeks have passed since they stated they would send me the correct poker carousel poker case...still dont have the it. I contacted them yet again today for an update with no response noted 8+ hours later. Avoid.",1,0,negative
en_0736075,"Repair air tank

Fit my portable tank, appears to be an all metal valve and works great.",5,2,positive
en_0587134,"Not a horrible product for the price

Not a horrible product for the price, just didn't stay stuck on..... kept coming off if it was in my hand longer than a couple mins",2,0,negative
en_0877411,"Moringa tea is the greatest

Just awesome! Exactly what I needed! Lasts me 2 months!!!",5,2,positive
en_0842796,"Five Stars

Well made and fits great, true to size!",5,2,positive
en_0359399,"Four Stars

The stories were cute and kept your interest",4,2,positive
en_0573680,"Heating is excellent

I gave it 4 stars cause mine game with a screw loose and missing from the back but thankfully I found it in the box and was able to put it back in its place. The Microwave heats really well and we are very happy with our purchase. Easy clean up when you have a child make a mess with heating up spaghetti.",4,2,positive
en_0199983,"Four Stars

My daughter loves it",4,2,positive
en_0426628,"Extremely happy with my purchase

Beautiful stretchy jacket. Nice color and so far snaps and buttons are durable. If you are between large an XL like me you should order a large. Wrangler Is a very old American company so their clothes are made true to size, and I like that.",4,2,positive
en_0745081,"Name Brands are name brands

These have worked well for several years. I was to lazy to go to the store so I ordered from amazon. I expect they will continue to work as they have for several years.",4,2,positive
en_0644023,"Best Quinoa Available and Best Price!

The quinoa was wonderful. Very delicious, great price and didn't even have any little stones. I am going to order this again and again.",5,2,positive
en_0005687,"Does not stick

Was terrible to put up and it barely sticks to the wall. Would not recommend.",1,0,negative
en_0364142,"Not genuine

Not genuine apple product as advertised",2,0,negative
en_0789978,"This cable did not work. I was using it ...

This cable did not work. I was using it to go from my MacBook Pro to the monitor and for some reason when this cable was plugged in, it interfered with the internet access. Unplugged the cable and hooked the monitor directly into the MacBook, and was able to get on internet, no problem. Could see the monitor okay, so I guess it works as long as you don't need to use the internet. Returned it and will try a different brand.",1,0,negative
en_0387706,"Great at first, Velcro wore out.

Started out loving this, 8 months later and the Velcro is wore out and doesn’t stay shut. Maybe a snap or a loop and hook would work better. Already looking for another brand to try out!",3,1,neutral
en_0376890,"Color bleeds!!!

The color fades for a long time. It even turned my dryer a purple color. Its cheap soooo",2,0,negative
en_0057884,"The packaging should be more accurate.

The last shipment was very badly packaged and most of the soup containers were terribly damaged. Please let the seller know that this is not acceptable and I expect any next shipment will be more carefully done.",2,0,negative
en_0708372,"Not very durable

Not very durable for kids, maybe would be better for an adult. My 6 year old broke them within a week.",3,1,neutral
en_0583231,"Doesn't even work!!!

I'm humiliated that I even ordered this. I obviously didn't read the reviews or the fine print! I've just opened the package, and it doesn't work. I actually see adhesive from the packaging stuck to it. To add insult to injury, THEY DON'T ACCEPT RETURNS!!! No wonder - everyone would be sending it back and they'd out of business.",1,0,negative
en_0891436,"Stiff mask

The mask is pretty stiff, and therefore uncomfortable on my face. The main issue was the mask under the nose - it was so big and stiff it really dug into my lip. Decided to return before I tested it in the water.",3,1,neutral
en_0363738,"Okay conditions

The book was nice and clean but the paper cover was a little bent on the top and bottom",3,1,neutral
en_0948943,"Four Stars

Good lining, protects, but it is a very bulky",4,2,positive
en_0611958,"Missing parts.

Not happy with this purchase at all. This zapper did not include the needed AC adapter for charging and the manufacturer's contact information listed on Amazon was incorrect. I was told that they could not help because this was not a Honeywell product.",1,0,negative
en_0468588,"You get what you pay for is cheaper and it's not an OtterBox

It works okay but it's not an OtterBox",3,1,neutral
en_0360622,"No sealing around cup

The product was high enough to fit over the drains but it has not strong sealing around the edges to keep the water in your tub or sink. It's a good idea but needs to be improved for its sealing ability. Also maybe the circumference made a little smaller.",1,0,negative
en_0484422,"Uncomfortable

I really wanted to love these but they are not very comfortable.",3,1,neutral
en_0917409,"Pretty tough

My dog tears things up so easily and even Kong cannot keep up with her. However, these last at least a week or two depending on her moods when she is playing.",4,2,positive
en_0081090,"requires assembly

mine came in a flimsy box that fell apart immediately- unbeknownst to me it requires assembly and it is missing a lot of the necessary hardware to assemble it - also rather bulky. so hopefully amazon can give me my money back",1,0,negative
en_0024071,"These flosses are likely to break, even with moderate tension.

These were okay, but they did break more often than cheaper ones. I will not pay that much for ""pretty"" again.",3,1,neutral
en_0520998,"Collar great, Cuffs not so much

I only used the collar bow tie part for my Playboy Bunny costume. The cuffs were flimsy and had felt circles instead of real plastic buttons, so I purchased a separate pair of cuffs from another retailer. The collar was perfect and fit fine.",3,1,neutral
en_0331703,"Trendy and stylish

This is sooo good Love the Color and looks trendy and stylish Got many appreciation Goes well with all dresses.loving it",5,2,positive
en_0989481,"Not that bright

This light may be unique but it's not what I expected. Even at the brightest setting, it's not that bright compared to a corded light. One button controls it all which is unacceptable. You'll get tired of pressing the button over and over again to get to the setting you want. There should be multiple controls and an on off switch. It's not a matter of money, as I would have gladly paid two to three times as much for a well engineered product. There is not much to choose from in this product category so I give it three stars, but I feel like giving it one. However, it is twice as good as what I have now so I'll keep it.",3,1,neutral
en_0522227,"I love this toothpaste

I love this toothpaste! I have been using it for two weeks already. It's not abrasive, great minty taste and does a good job cleaning my teeth. I have dry mouth and it's a great alternative to pricey dry mouth toothpastes out there. Will continue to use it!",5,2,positive
en_0801219,"Pleased with the product but I use a high grade ...

Pleased with the product but I use a high grade detergent so I don't know why the color faded as bad as it did not pleased with that at all",2,0,negative
en_0398846,"Great product at a great price

Great product at a great price. Definitely added to the birthday glam. The decoration balls were great, and fold up for easy storage for reuse.",5,2,positive
en_0140857,"Nope

It looked like it was made for a child and very see through. I had to return it",2,0,negative
en_0008286,"Not good for

returned it. Not good for rabbits",2,0,negative
en_0920393,"Review

I love the fit an the material, but the color is not as expected. I ordered the skirt in black but it came an it's a dark brown. I mean I don't mind an I'll still wear it I'm just disappointed in the color.",3,1,neutral
en_0229441,"Good enough for a costume

As others have said the hat is made to fit a round head. I do not have a round head. It is soft enough to make it fit. I did not try wetting it to re-shape but if I use it again I will.",3,1,neutral
en_0934612,"Ok

It will keep your head warm but breathing through the mask is extremely difficult.",3,1,neutral
en_0461830,"Strong magnet

Just as advertised..",3,1,neutral
en_0856508,"I don’t think it works.

Been using this for a few months now, have not noticed any difference in new hair growth, or less hair falling out. It is a nice shampoo though I notice a little bit more volume at my roots when it’s dry. I also don’t use it every day so I dunno if it would work better used every day.",3,1,neutral
en_0774274,"Crazy small, not getting very much for the price

As with other reviews her, these potatoes are crazy small and I expected more for the price. I at least expected to be able to make a pot roast with these, but now I will have to go to another store to buy potatoes.",2,0,negative
en_0068347,"Disappointing

It’s a nice size. The led lights are not bright enough to actually see my face well to put on makeup, and they actually cast shadows rather than illuminate it evenly. I am very disappointed.",2,0,negative
en_0807080,"Switch is in the middle of the cord, more toward the usb end.

The light is bright and easy to install. I've got one big flaw that I hate and its how the switch is in the middle of the cord. Its just weird that its not next to the light or attached to it. Id give this 5/5 if it was but the switch being where it is makes it so if this one breaks I won't be buying it again and probably won't even shop for this brand.",3,1,neutral
en_0541573,"Missing parts

I only received a backpack and a water bottle. I need the other items ASAP. This pack is a gift!",3,1,neutral
en_0577515,"Not too original

Basically a near rip of an earlier work and TV series - Wish me Luck.",3,1,neutral
en_0590020,"Have small elements

I really recommend this toy! My kids really enjoyed it 😍 good quality and details",5,2,positive
en_0602957,"Great, fun addition to the bedroom

Great, fun addition to the bedroom. My only concern is that once on they are difficult to stay in place and/or tighten to assist with that. So, at times, they fall off but are easy to replace.",4,2,positive
en_0984807,"A poorly conceived, poorly made product

My 6 year old son bought this car with his birthday money, because an RC car has been on his want list for some time. Right from the start, we had problems putting the batteries in because the screw to the battery bay is apparently manufactured from butter, stripping even with a lightweight, handheld screw driver. When we finally managed to get batteries into the thing, my son played with it for about 4 minutes before, out of frustration, he just put it aside. My older sons tried to have fun with it and teach him how to properly drive it, but they, too, gave up. When I tried to use it myself, I found the controls very non-intuitive, especially if you've ever used an RC car before. The two thumbsticks operate more like a tank or a zero-radius riding lawn mower, except unlike RC tanks I've driven in the past, to turn, you have to remember to leave the opposite stick absolutely neutral, or the car does this jerky, motor-stepping spasm. On top of that, the tires, quite thin-walled and flimsy, keep coming off the rims. Meanwhile, the battery panel on the controller falls off frequently. We haven't even bothered to make the thing flip yet, as we can't even have fun just driving it around normally! Overall, a bad enough experience that I felt compelled to warn others to stay away. There's a reason this product is so inexpensive. It's poorly conceived, and poorly made. You'll be much better off dropping 10-20 bucks more on an RC car your kid will actually get some enjoyment out of.",1,0,negative
en_0590474,"Not Worth The Trouble

Too complicated to set up. Have to download app on iPhone first. Just want cable free apps to use on tv with Amazon FireTV",3,1,neutral
en_0037907,"Some petri dishes damaged ""prior"" to shipping

I order three packages of petri dishes. Each package of 20 petri damages came in its own box, which were contained in a single large box. The large box was not damaged whatsoever, but inside, one of the three smaller box was damaged, which means it was damaged prior to shipping. I wrote the seller explaining this fact and hoped they'd respond by offering to sent me another package free of charge; I never received a reply from them.",3,1,neutral
en_0052539,"Unfortunately one fin never worked

The shark itself was awesome but the fun never held air.. It still gets used but I didn’t intend on purchasing a product that had a defect.",2,0,negative
en_0008423,"Wore out far to quickly. After about 6 months everything sticks.

Wore out far to quickly. After about 6 months everything sticks. Went back to buying pans from restaurant supply store.",2,0,negative
en_0007942,"Won't buy again

Could not get lids to fit",1,0,negative
en_0530634,"Breaks easy

The part the holds the phone in the case broke after 2 1/2 month I will look for better one don't buy this one",2,0,negative
en_0394183,"misleading information

I ordered this print to save money and purchase the frame myself. However, the print did not come flat. It came rolled in a cardboard tube. I did not see any information the print would be shipped rolled in a container. It is hard to lay flat and put in a frame. Shipping took 10 days. Hope this helps other buyers.",3,1,neutral
en_0167292,"Great but too long

Just a little big but super cute something great she can wear next year",4,2,positive
en_0590884,"Good for one wear.

The earrings are cute but the hooks discolored with one wear.",2,0,negative
en_0749056,"Take a good look at it... ;)

Looks odd. ;) It works.",3,1,neutral
en_0780649,"One Star

Wrong item. Ordered for large dog! Received for small dog",1,0,negative
en_0263537,"If you can figure out how to work it -- you get a medal.

This comes with a one sentence instruction to plug it in, and it works. Of course -- no software, no instructions, and no way to figure out how the heck to operate it. The Silicon Power website is not much help. They have downloads - not of anything you need -- and no documentation of what to do, or how to do it. I'm sure somebody figured this thing out -- but I have no idea what to do, and consider it worthless -- because of that. Returning it immediately.",1,0,negative
en_0926068,"Only came with 48 cards not 50

These we’re really nice to add to my baby shower invitations, and very good quality. I’m not sure if I just got a bad batch but they only came with 48 cards not 50.",3,1,neutral
en_0380888,"Not what i ordered

Unit was soft but didnt last a week!",1,0,negative
en_0228576,"but it still looks good and I’ll have a skirt on over this

Kinda wish I went with a size small instead of a medium, it’s baggy on the crotch, but it still looks good and I’ll have a skirt on over this.",4,2,positive
en_0142184,"Cute but what’s with the smell?!

My son adored the minifigures Heads on the balloons but when I opened the package in the house it reeked and I had to immediately get a ziploc to close off the smell. Luckily our party was outdoors and we had a few filled with helium before the party but if the party was indoors I definitely would not have used them and wouldn’t put my lips on them to blow up either.",2,0,negative
en_0352177,"Perfect bag!

I purchased these bags following my sister's advice to be greener, and they exceed my expectation. They can hold a lot of grocery and goods at once and are very sturdy. I would not be able to hold that much grocery using plastic bags. Buying watermelon used to be a pain, but this bag make it a breeze. My family love it so much that we end up splitting the 15 bags among ourselves!",5,2,positive
en_0031066,"Encounter fraudulent sellers

The package received was empty",1,0,negative
en_0916854,"Wasnt rubber coated

The water bottle is made of thin cheap plastic. Mine came dented and when I tried to pop out the dent the water bottle cracked. Would not recommend.",1,0,negative
en_0203048,"How do I know this process really kills the germs?

Too big Plus if you leave it plugged in it continues to clean on and off. Once it’s clean it shouldn’t keep cycling on for cleaning when charging. As charging takes a lot longer than the cleaning",2,0,negative
en_0017090,"Battery does not last long at all.

Good for beginners, only downfall is the battery does not last long. I bought this for my daughter for Christmas.",4,2,positive
en_0725101,"Not a Good Buy

I purchased these to cover my Libre Patch and pit it on after a couple of hours it started to look a mess when the ends started to curl up taking it off took off the patch also had to use a new one so I fee like this was a waste of money thanks",3,1,neutral
en_0596424,"They came on time

Haven't blowed up yet, they need a string to hang on but look nice",3,1,neutral
en_0631955,"Short and sweet

Although Matilda and Owen's story was short and sweet, I would love to have read more about them after the fact.",4,2,positive
en_0634600,"Kind of

Fair Value But the stand is kind of cheesy and. The metal ripe bent And I had to repair it the first Time I even used the stand. I wouldn’t buy it again or recommend it.",2,0,negative
en_0986392,"Comfortable and Cute

T-shirt feel, but comfortable and light. Perfect when it is humid and looking for soft and breathable comfort.",3,1,neutral
en_0667554,"Super Comfort

This shoes looks great design and quality, size fits perfectly. It is very Lightweight and super comfortable and insole is very soft also rubber outsole provides better traction. It comes with nice pair of socks, extra additional shoes lace.",5,2,positive
en_0161703,"When I first got these I loved them. They changed colors

When I first got these I loved them. They changed colors , my kids felt better (we just moved into a big house and they were nervous). On day 2 one of the lights completely stopped working so now it’s back to square one !!! Grrrr",3,1,neutral
en_0634650,"Comfortable and good looking

I like the comfort. They are not ""boxy"" or overly heavy. They seem to be rather water resistant. These are much better than my previous safety shoes.",4,2,positive
en_0513560,"Easy to use

Good product. Easy to use and sometimes the back slides slightly open but only when I'm handling it.",3,1,neutral
en_0746419,"Great price for the money

Very cute, easy to put together but the instructions were not great... but I managed to figure it out. The frame seems pretty flimsy but once you put the canvas over the frame and tie it definitely makes it more stable. My daughter loves it! She loves the lights! I’d definitely buy it again... great product for what you pay.",5,2,positive
en_0013176,"Three Stars

One port stopped working after 2 months",3,1,neutral
en_0140829,"I like the use and speed of thermometers.

I like the use and speed of thermometers. It's also helpful to have forehead and ear functions. Easy to use. Keep comfortable. That is to say, I am satisfied with this product.",5,2,positive
en_0455439,"Caution

The first one failed to transfer back to shore power. The replacement had Shore Power and Generator wires reversed. Default should be shore power. Had to redo my wiring. So far so good as have gone thru several power outages.",3,1,neutral
en_0656674,"Breaking on first use.

I've had these less than a week and already 2 broke. They each broke the first time I used them. I've had these before and they were good, something isn't right with this order though.",2,0,negative
en_0875741,"It's ok

They're a nice size but I thought they’d be sturdier.",3,1,neutral
en_0993502,"Kind of works

Not enough friction on the slide. Moves on its own when opening and closing washer.",3,1,neutral
en_0896156,"Bass is top notch, Highs suck, leaves ears red after a few hours

They are nice but the excessive bass got on my nerves. The highs suck I will say that and over long periods of wear would give me headaches. Also the padding gets hot and bothers the ears leaving them red after a few hours. Ended up using apple headphones again lol. I would suggest you go to bestbuy or an audiophile store to try them all out yourself. Don't be like me get something with balanced Highs and Bass.",3,1,neutral
en_0441347,"Five Stars

This bible is great.",5,2,positive
en_0143587,"It’s not for everyone, my wife hates it and thought it was way to expensive for what it does

Works as advertised, works with my iPhone 7 Plus have since switched to the Android platform the transition was seamless. The only complaint is the volume could be a little louder.",4,2,positive
en_0646375,"Three Stars

My family and I like it very much. Thank you very much.",3,1,neutral
en_0371156,"They are cheap rings. If you have the extra ...

They are cheap rings. If you have the extra money get wood ones. These get really slippery. Plus they just don't feel right compared to the wood.",3,1,neutral
en_0512934,"Heavy material

They are really really thick. high-quality Just too heavy for me in the summer",3,1,neutral
en_0452244,"Runs small through the lower robe.

It’s an xxl and the shoulders fit but it was way too small across the knees and down! People need to close the robe. Not walk around with everything hangin out.",2,0,negative
en_0761738,"One Star

these were small small small good bluegill lure",1,0,negative
en_0540090,"Not as firm as hoped

The ""firm"" material is not as stiff as I had expected. The heel cup material is all foam. the Green SuperFeet are much firmer and personally better fit for my needs",3,1,neutral
en_0283221,"Works with the devices it states it works with

It cuts off for some reason you have to unplug it amd plug it back in for it to work a few minutes but other than that its the first thing that i have found actually works for my galaxy s9 plus",3,1,neutral
en_0720186,"Growing grass

To promote grass in shade area",5,2,positive
en_0904331,"Great smell

Smells good just a few squirts but on me didn’t last all day",4,2,positive
en_0956521,"Doesn't fly as described.

Doesn't fly as well as described. Tends to just go in circles.",3,1,neutral
en_0235229,"Good product a bit expensive but overall i like it.

I've been using the product for about six months, love the fragrances lathers well. I recommend you try it at least once.",4,2,positive
en_0006187,"Nothing like the photo...too light

Not impress with the color. Far different from the photo...its to light...bundles full.",3,1,neutral
en_0720441,"Great birthday gift

Cute ice cream set for my daughter. The pieces are made very well. There is a magnet on the cone to he the scoops of ice cream on. I would have given it 5 starts if they made the container large enough to store all of the pieces!",4,2,positive
en_0709181,"Bluetooth connectivity is really bad

Bluetooth connectivity is really bad",1,0,negative
en_0650023,"Great as cheap hot tub towels

Definitely not for regular use. Good for kids and hot tub only.",3,1,neutral
en_0008939,"Five Stars

Seem just fine, good pens as part of it.",5,2,positive
en_0203643,"Product disappoints. Good will bound

Sucks after wash, cold water low heat",1,0,negative
en_0797516,"As usual good read

Love Dallas and Roarke ! I love the death series of books in fact on my second time read through and pre ordered the newest one.",4,2,positive
en_0037677,"Caution

Bristles falling out of a brand new brush... the brand label on the handle looked like a different font and all. Didn't feel like a Diane brush.",1,0,negative
en_0508679,"Incorrectly advertised

I only received one bottle. Why would I pay $37 for one bottle? Returning item.",1,0,negative
en_0765524,"Battery life is terrible on this collar.

Updated review. The battery life is awful on this thing. When I need it most because the dog is outside being annoying, it doesn’t work one bit. Ugh!",3,1,neutral
en_0182700,"Almost purrrrfect system

Almost purrrrfect system Really great concept. Well designed product. Took several months to train my kitty but he is completely toilet trained. My main complaint is that he needed another step between standing on the ring and the actual seat. The ring is too low down and my cat liked to rest his back paws on there so he never really transitioned to the seat rim. I had to gerry rig all these weird things to elevate his feet and finally get his back paws on the seat. I would recommend that the designers make one last ring that fits over the last that comes flush with the seat so the cat moves on the ring. I love having a toilet trained cat.",4,2,positive
en_0175304,"Came with many holes, & it was super long

The dress had little holes in multiple places, unable to return it, didn’t notice until I wore it and others pointed out the holes! I guess when you buy cheap clothes you get cheap quality!",1,0,negative
en_0608878,"Cant rerurn

We bought this and it didn't fit, so did our Amazon return....they shipped it back to contact seller, who wants us to ship it back at cost to us. So this thing will now be shipped FOUR times!",2,0,negative
en_0502774,"I like the way this case locks but I am not ...

One of the plastic pieces broke off just after I got it so I'm not able to use one of the compartments. I like the way this case locks but I am not impressed with the breaking off of one the lids.",3,1,neutral
en_0361606,"Smaller than I thought!

I have to say I was expecting more! Because it does not have sides they main focus is the light bulb. I may be sending it back since I paid more than I really wanted to.",3,1,neutral
en_0420498,"So far so good....

Have only used it twice so far. Lights fine, although I still don't understand the lighting mechanism. It's a little top heavy if you use the one pound propane containers. I'm going to try the tall thinner ones once this first container runs out. Also don't like that there is no adjustment to the heat. It's either on or off. No high or low available.",4,2,positive
en_0219806,"Bright

I used these on my GMC Sierra. Cops can definitely not say they can't see your license plate with these. They light it up real good.",5,2,positive
en_0576162,"Best curly hair

This wig is by far the best wig ive gotten that was curly ... The hair is pretty an very soft ... Doesnt tangle or mat up very little shedding no smell to nothing .... The issue I had was they did send a 16inch like I requested. They sent me a 10 inch curly maybe 12 inch ... It took to bleach and coloring very well OVER all the wig is a great wig if you like THAT curly hair .... I would buy this hair again",4,2,positive
en_0992937,"My autistic son loved it. The sounds calmed him

My autistic son loved it. The sounds calmed him. However, after less than 6 months using it every night it stopped working, and he is having a hard time adjusting. Anyone who is a parent of a kiddo like mine knows this is a big deal",3,1,neutral
en_0452769,"Good build quality, a bit unwieldy

The material and construction of it is top notch, just a bit large and awkward to grasp and use for a man with fairly short hair to use.",4,2,positive
en_0789535,"Looks nice

It’s a case that looks good but doesn’t offer great protection.",3,1,neutral
en_0708618,"To soon to tell

Havent washed these yet. But so far so good",4,2,positive
en_0326570,"Exactly what I needed

I give this 5 stars because it's exactly what I wanted. The material isn't anything luxurious, but it's quality enough. I was packing for a long trip with lots of gifts. I definitely will buy again and recommend to friends and family.",5,2,positive
en_0873021,"would recommend

Just what I wanted,shipped fast ,would recommend it",5,2,positive
en_0760651,"Needs longer play time for the money

I don't mind buying play money for slots but I would like to have some play time with the game. And all the commercials between games are very annoying.",3,1,neutral
en_0075744,"Seems to be fine. Gives me leg cramps and seems to dehydrate ...

Seems to be fine. Gives me leg cramps and seems to dehydrate my body fast. It does not seem to stop cravings",2,0,negative
en_0460387,"will not work in a car

does not work for toyota camry. plus the grip is too tight, will not work in a one handed operation to release or place the phone. shakes way too much while driving.",1,0,negative
en_0650558,"the price is ok, but its not holding the ...

the price is ok, but its not holding the right temp. have to play what it in order to get right temp.",2,0,negative
en_0382165,"Decent mount if not using a case

The mount is nice but the magnet is not as strong as I'd hoped. It works well if placing the metal adhesive disc directly on your phone, but with a thin case, it did not provide enough grip. Overall okay but not great.",3,1,neutral
en_0246069,"Looks real

Looks pretty close to real. Ordered this as my travel ring. It’s looks just like my real diamond. My only issue that it’s a little too big. I haven’t worn it yet so not sure how it will hold up.",4,2,positive
en_0121813,"Four Stars

Love the thick texture. Will be buying again!",4,2,positive
en_0946611,"Four Stars

Nice to have multiple, the quality feels very light weight chintzy like they won’t last long.",4,2,positive
en_0227405,"Skipping right out of the package

This seems like it would be a great workout but I cant use the warm up on phase 1 due to the disk skipping terribly not sure if it happens on any other selections or just this one but I'm pretty bummed about spending money and not being able to utilize the whole disk.",2,0,negative
en_0431477,"Great Gloves

They are very comfortable and do actually keep my hands warm without being too thick.",4,2,positive
en_0279930,"Not powerful enough for me.

Its a nice feeling messager however for pleasure not powerful enough.",3,1,neutral
en_0875889,"High quality

I was shocked on how good these are made. For the price they are actually very well made! I gave one as a house warming gift and it was used that night. It was better than the other one that they received. I am very happy with these and highly recommended them! You will not be disappointed with them!",4,2,positive
en_0631377,"good arch support but too tight in the width and short in length for my normal size

These have good arch support which vionic is known for but were too tight in the width and short in length for my normal size. The look is cute especially for summer but had to return these because they just wouldn't go on my foot.",3,1,neutral
en_0256296,"Nice cover

Nice cover for a kid's tablet",4,2,positive
en_0166660,"Does it's job but not great

It does it's job as a phone wallet encasement, but not super great. My case was clearly made of cheap material so it started scratching a few weeks into using the phone. It does get easily scratched. It's been a few months (around 3), and at the corners, most of the gray has rubbed off. I really like the bezel which keeps my phone safe, and I haven't gotten a single scratch, though.",3,1,neutral
en_0878537,"Very fitted silk

Nice fabric. Very thin. No zipper at one end. I think slightly cheap. Would rather pay more for a better fitted quality so pillow case.",3,1,neutral
en_0252084,"A really nice keep your attention book

I can’t wait to read book 2 in this series. Has paranormal, romance, friendships, reconciliation and just downright fun. I can’t say I can recommend this to my preteen advanced readers as it does have sexual situations in it, and a few curse words. But for an adult reading this it’s really good",4,2,positive
en_0925543,"Comfy

Fits true to size. More on the casual side as it is a soft material that is lighter weight. Very comfy but not super business-y. It works well with dresses and short sleeve blouses but due to the tighter arm fit, not so well with long sleeve tops.",4,2,positive
en_0181476,"I love this book

I love this book. I've given 5 copies already to my nieces and nephew and even my mother. Why didn't I know about this 20 years ago? I'm now loving the podcast. I highly recommend this book.",5,2,positive
en_0599324,"Too cute

These charms are very cute. Love them. I am using on making my own pet collars.",5,2,positive
en_0910839,"This stuff is great! Doesn’t sling all over the vehicle after applying ...

Bought this stuff because my dad is OCD about car detailing and swore by it. This stuff is great! Doesn’t sling all over the vehicle after applying it! I also use it on the plastic tire fender wall and outside plastic and helps keep it from fading in this Florida weather. Definitely would recommend this 10 stars if possible!",5,2,positive
en_0808086,"This is literally the thinnest most flimsy tape Ive ever ...

This is literally the thinnest most flimsy tape Ive ever worked with. When it got stuck on my taping gun and I would try to pull it off it would peel into tiny pieces every time. This should not be called PACKING tape. This is thinner than scotch tape.",1,0,negative
en_0375594,"Two Stars

Not fond of the writing style. It was hard to get into.",2,0,negative
en_0978035,"Three Stars

I love the style its great but for a bigger bust; its not enough support",3,1,neutral
en_0031110,"good book

This is very interesting and I can't wait to get started on my way to being healthier and losing fat & weight.This is a great starter book for anyone interested in learning about the intermittent fasting lifestyle.I like the information given and I find it simple to follow.It is easy to understand as well.",4,2,positive
en_0185452,"hoping bells would be a bit louder

Have a 12 week old Labrador puppy who disappears and gets underfoot and without bells I can't find he nor I trip over her when she appears! Had to use all three bells attached to her collar and at that they make such a soft noise that it only helps little. I was hoping the bells would be a bit louder. Not too loud to disturb but these are really quiet.",3,1,neutral
en_0827281,"Not worth the price - quickly rusted inside

I've purchased many OXO products and loved every one of them. This one is not good. I had an OXO tea kettle just like it (except it didn't have the brushed finish) for many years, and it was great. I was expecting the same of this one. Unfortunately, this one developed rust spots inside within the first few weeks of owning it. OXO was very receptive to my complaint and quickly sent me a new one, however I'm concerned that the same thing will happen with this replacement. Also the new ones just aren't as sturdy and well made as the older one.",2,0,negative
en_0311453,"Zoo story during WWII

Okay film. Glad I did no to movie theatre to see it",3,1,neutral
en_0663860,"Cute hat, it is not as distressed as the ...

Cute hat, it is not as distressed as the picture makes it look. More of a muted black casual ball cap.",4,2,positive
en_0106297,"Not What I Expected

I am so disappointed with this canopy. The color is definitely not beige, more like a pale rust color and does not go at all with the pillows and cushions on my patio furniture. It also does not hang as nicely as other canopies I've had and is slightly smaller. I needed it so I did put it up, thinking I'd get used to it, but no. I've chosen to live with it because of the cost and effort it would take to replace it, but it just makes me unhappy to look at it.",2,0,negative
en_0334517,"Received broken

Cons: Came broken Odd placement of name Quality of wood seems cheaper than what it was worth in my opinion. Pros: Came early Can fix it with some wood glue It will still make a good gift ! Wouldn’t recommend because of price- if it was like 20-25 it would be worth it !",2,0,negative
en_0998723,"Decent massager! Needs better packaging

Seemed used and returned without proper packaging for wires. Decent massage but for people over 5'6""",4,2,positive
en_0793423,"Not very well made. A piece of crap!!!

Started out working very well. After 2 months it stop charging and it wouldn’t come on",3,1,neutral
en_0647397,"Love the look

Love the look! They definitely do not look like real tile but they are cute for what I was doing with them. 4 stars because they were a pain to install! Finished product turn out good!",4,2,positive
en_0576340,"Don't really like the style in person.

It just didn't match the color I thought it was.",3,1,neutral
en_0528434,"Flimsy material but priced accordingly

Haven't installed it yet, material seems a little flimsy but for the price, it's great.",4,2,positive
en_0173073,"This is a great feature.

I tested with items that I have weights for, and the scale was right each time. I did have to play around a bit to zero out after placing a bowl on the scale. This is a great feature..",5,2,positive
en_0090945,"Mostly powder

I have this item on auto-subscribe and use it as a treat I can bring with me on walks. Normally, the treats are nice bite size cubes. This latest batch was mostly shards and powder and impossible to use except as a food topper. Not sure whether I will continue buying",2,0,negative
en_0533849,"If you care about water usage get one..

Reliable and worth it..",4,2,positive
en_0775723,"love these products

I love the Zagg products as they have never let me down, both with quality and the look",5,2,positive
en_0455160,"Three Stars

The Phone charge was broken , it is doesn't work properly.",3,1,neutral
en_0834392,"Small handle

This is well made and I like the color on the handle as Its easier to see but the loop in the handle is too small. When wearing gloves my husband can't get his hand into the loop and he will be wearing gloves for dog walking a lot!",3,1,neutral
en_0719816,"Shop elsewhere

Although a cute color, this cannister came with a leak that renders it completely useless.",1,0,negative
en_0501051,"Poor Packaging

My shampoo and conditioner arrived but I’m very poor shape. It wasn’t packaged properly. Shampoo spilled in the envelope as well as the plastic it was wrapped in. The plastic and the envelope did not protect the items. I’m so disappointed because this shampoo and conditioner is not cheap. I’m very disappointed.",2,0,negative
en_0172661,"Too Small

Cute! But way too small. I bought a 9-12 month and it is the same length as Carters 6-9 except wider. Just size up especially if your child is average or larger than average size.",3,1,neutral
en_0026368,"Works well

As described, I'm happy",3,1,neutral
en_0909264,"The two brushes work great on the furniture and clothing

The two brushes work great on the furniture and clothing, but my cat hates the glove. All together it was a good purchase. I would strongly consider purchasing again, but without the glove.",4,2,positive
en_0277011,"Sounds is perfect

Sound quality is amazing you don’t even have to turn up the volume all the way up to hear the bass!",5,2,positive
en_0849251,"Three Stars

too heavy for a baby",3,1,neutral
en_0411857,"Great beginners choice

Very pleased with purchase great value and very good beginners choice",5,2,positive
en_0190276,"Satisfied customer.

I have owned a copy of, The greatest story ever told. And recently bought one off Amazon for my friend as a gift. Very happy with the product.",5,2,positive
en_0045669,"Gopher activity worse now that these were installed a month ago!

We have installed four of these closely following the instructions and were hopeful they would work well for us. Activity increased and we waited since the instructions state, ""Mole & Gopher Sonic Spike must be used continuously for 7-14 days before ground rodents start to move away from the area."" These spikes have been in place over a month now. That was a mistake for us, since now it's too late for us to return them. The spikes are still out there beeping away and this morning the damage is worse with too much to get into the photographs. The cost of these four spikes plus the time to carefully install them correctly and now more yard, lawn, and garden damage! We do not recommend these Mole & Gopher Sonic Spikes.",1,0,negative
en_0245925,"Three Stars

Like the look. Do not like how heavy it is. Do not like the plastic cover on the keyboard.",3,1,neutral
en_0622096,"Right part for the job.

Exact replacement. Everyone's right, the bond material is quite runny. Make certain that you use a brush to cover the entire surface before installing it or you'll have leaks, as I discovered :(.",5,2,positive
en_0437880,"disappointed! Your head out of your a$$

Company sent me a nissan bed cover,I own a Dodge Ram! Nobody is willing to send the correct one. I'm very disapointed!",1,0,negative
en_0749824,"These are good for replacement or quick emergency goggles but not for ...

These are good for replacement or quick emergency goggles but not for everyday riding. The frame foam is hard and not very comfortable to wear day in day out. The fit is okay but not a good solid eye seal.",3,1,neutral
en_0325897,"build quality is not that great..

Decent one.. build quality is not that great..",3,1,neutral
en_0573294,"Well I really enjoyed this watch until last weekend in Moab

Well I really enjoyed this watch until last weekend in Moab. While sitting in the relaxing hot tub my watch screen went blank and the watch started to vibrate. I have tried multiple remedies. I believe it is no longer good.",2,0,negative
en_0601918,"Bad bad bad :(

This is the biggest P.O.S. screen protector I have ever come into contact with. First of all the directions are difficult to follow. Secondly, the screen protector doesn't even fit the screen, it doesn't stick to the curved part. It just lays flat on the screen the sides sticking out, like how a piece of cardboard would sit on top of a pillow. I bought the two pack for twice the frustration. The first screen protector ripped during installation, I was almost done installing it and was removing the last sticker, the film was only serrated where it should have been cut, so when it should have cleanly seperated from the film it ripped it instead. My second attempt didn't even get as far as the first. When I layed the film down on the screen there were so many bubbles I was unable to save it. This is just a terrible design overall. Don't buy it.",1,0,negative
en_0905886,"Supermarket Mania

Great game ... 2 thumbs up",4,2,positive
en_0705940,"Smells good!

Loved that it was cheaper than Walmart and delivered to me!",5,2,positive
en_0830336,"A difficult time

That was certainly a time of everyone having to watch out for themselves. It seemed that each person had another handful of people who were trying to kill them. Mary certainly ruled in a way that once she was deposed, she didn’t have many friends.",3,1,neutral
en_0954360,"Coating bad on pan

Definitely disappointed in the spring form pan the coating came off after first use. The rest is good",2,0,negative
en_0129619,"OEM is worth it

I had the original band for my watch that I wore every single day, for about 10 years (not an exaggeration), before it finally broke. This one lasted less than a year with limited use since I now only wear it for field work. It caught once on some metal I beams and it tore right off. Also installing this thing was ridiculous, it took about 30 minutes fumbling with the pins.",2,0,negative
en_0287698,"Easily applied and superior protection, touch response excellent

Unlike some who complained about the application, I had no problem getting it on cleanly and strait the first time. And I have a couple of spares now if they become necessary (so far not needed). I've been using the phone for months now and its working great. No scratches even. i'd buy again if necessary, but doesn't seem to be needed as I'm still using the first protector!",5,2,positive
en_0510731,"Terrible ending

Great book until the ending. The ending was terrible. I don’t often get irritated at books but this was one of them.",3,1,neutral
en_0505549,"After only having this product for 2 months my daughter ...

After only having this product for 2 months my daughter is not able to select items, as if it were frozen. We have turned it on and off and gave it a break but nothing. She has not dropped it and no water damage. I was excited for her to have an electronic that would contribute to her learning .",2,0,negative
en_0081457,"Great product. Finally removed the stubborn tarnish from my ...

Great product. Finally removed the stubborn tarnish from my me & ro ankle bracelets. Easy to use and fast. Recommended it to everyone",5,2,positive
en_0853456,"Interesting but misleading. Not much about aviation.

It's okay, well written and fairly interesting. The title is kind of misleading. I was expecting a book about aviation, but it's mostly about the author's life in Africa. It's interesting, but the aviation part is relatively minor. So if you want to read a book about a girl growing up in Africa I would rate it a 5. As an aviation entry it gets a 3.",3,1,neutral
en_0143887,"Convenient Size

I like the overall size of the wallet and the look/feel. I only gave three stars because the plastic card slots have torn out very easily and the zipper has separated several times.",3,1,neutral
en_0627006,"almost like they used sweat pants to make it

its okay. the only thing that saves it is the top. the material looks kind of dingy. almost like they used sweat pants to make it. i would not recommend unless you are shaped like the people they show. If you are too small, like me, i do not recommend.",2,0,negative
en_0263767,"Fits perfectly

I love my hat. It seems to be of great quality and it looks really cute.",5,2,positive
en_0617077,"You don’t get three!

Love the mascara. Hate the fact that I didn’t get what I ordered and paid for. Ordered, and paid for THREE, received ONE!",1,0,negative
en_0706732,"didnt work for me

I had to return this product as the screwdriver supplied was worthless to unscrew the screws on my Fitbit.",3,1,neutral
en_0286166,"Squeaker Wouldn’t recommend

After day one it makes a squeaking noise. I purchased to use at my office, but had to stop as the squeaking noise is distracting and annoying to all of us. If a constant loud squeak wouldn’t bother you, then maybe you can try it out",3,1,neutral
en_0717364,"Straps are way to close

Straps are too short even with extending them. The top of the straps are too close to center so they end up rubbing against your neck. The size and bright red color are great. The plastic is very thick which is good so won't tear easily",3,1,neutral
en_0239283,"Problems with refund

I returned the mirror & they refunded my cost, but I was recharged for it after they stated they did not receive it. I have no way to contact them to discuss my tracking number for the returned item.",1,0,negative
en_0485017,"Good product however...

The product seems well made. But it has to be for small dogs only. It barely covers any space between my back and front seats. (Subaru legacy) it is hardly adequate for any dog from medium up",3,1,neutral
en_0716037,"Works as intended

They are sturdy and worth the price.",4,2,positive
en_0977822,"I only wash this item by hand in cold water ...

I only wash this item by hand in cold water and hang it to dry. The leg straps are starting to seperate .",3,1,neutral
en_0964548,"NOT compatible with iPhoneX

Definitely NOT compatible with iPhoneX. Money wasted! Return process seems deliberately complicated to deter any returns. Seller does not reply to emails.",1,0,negative
en_0234126,"need to use other lighter BB cream to put a thin layer on top of it to look better.

The color is darker that what I expected, need to use other lighter BB cream to put a thin layer on top of it to look better.",3,1,neutral
en_0397179,"Affordable

The headset works well for gaming, has a clear mic, not distorted at all.",5,2,positive
en_0987448,"Don't miss it

One of my all time favorite sci-fi movies. It still holds up pretty well even today.",5,2,positive
en_0896791,"Very cute and love the items that came in this set

Very cute and love the items that came in this set. Only problem is that the suitcase won't stay shut.",3,1,neutral
en_0256647,"Great buy cant be at the price with a stick

Great product easy installation and lights work perfectly. Only issue lights come on randomly by their self",4,2,positive
en_0004251,"Didnt fit.

Didnt fit my 1999 Ford Ranger. Check your existing filter fittings before buying(i didnt!) to make sure that they are the same.",3,1,neutral
en_0042250,"I loved these at first.

These fit me perfectly, I loved how soft they were, and how warm they kept my feet in the winter. I only wore them inside the house, but unfortunately they completely fell apart after 5 months of use. They are unwearable now. After they started to fall apart I could see that the stitching was 1/4 inch apart between stiches and was only held together by 1 thin thread. I'm sad because I really wanted these to last.",2,0,negative
en_0992224,"Not a King-sized Conforter

It’s definitely soft and cozy, but it is not a King comforter. It’s a bit too long and not nearly wide enough to cover a King sized bed. It works better as a duvet insert, but making the bed is cumbersome because it doesn’t fill the width of the duvet. It’s nice that it has loops at the corners to tie it into the duvet cover.",3,1,neutral
en_0152843,"Never received item

Never received the item",1,0,negative
en_0696124,"Not Happy

Just took the paper out of the cylinder it was shipped in and there was a huge dent right in the center of the roll. Looking closer, and I saw that there's also a mark on the cardboard tube it came in, so I'm guessing it happened during shipping. But we've ordered paper from another company and it came in a long box completely undamaged. These definitely need to be shipped in a different kind package marked fragile or something. I took the paper out and unrolled it a few feet and it's seriously damaged at least halfway through. It is VERY noticable and I don't know how I'm supposed to work with that. Very upset I didn't spend the extra on the other company that costed a little bit more.",1,0,negative
en_0965509,"Umbrella

Beautiful umbrella and great product",5,2,positive
en_0479683,"Nice nozzle

The nozzle arrived on time, with extra o-rings, too. Works nicely.",5,2,positive
en_0340179,"read and re-read

it was difficult to understand ths install directions",2,0,negative
en_0007175,"Three Stars

cute but the leather started peeling after about 2 weeks.",3,1,neutral
en_0366513,"No results for me

I haven’t seen any results. Just a moisture goal oil",3,1,neutral
en_0492632,"Nice variety & delicious!

I love that this has a combo of fruit and nuts. It's nicely boxed and the nuts are wrapped separately in the container so they don't spill or get mixed in with the fruits. The fruits themselves are still soft and chewy, enough that my toddler can eat them too. Everything tastes just as it should, subtly sweet. I've never had dried pineapples but they are very sweet and have no tartness, very nice. The pistachios are lightly salted, full of flavor and crack open easily. The almonds are big and flavorful as well. We sat this out for Thanksgiving and it was almost gone by that evening.",5,2,positive
en_0831650,"Very thin

I wasn't really expecting much from this tarp since it was cheap. Its very thin and already had a couple holes in it. We put tape over the holes and still used it as a rain fly over our tent. It still kept us dry so it wasn't a total disappointment.",3,1,neutral
en_0258259,"Nice product but no insulated bag

This has been my second time ordering this probiotic and I am happy with the effects on my digestion. The bottle is dark glass and ""cute"" and all but mine didn't come in an insulated bag either time and I live in desert area so by the time I got it out of the mail box and opened it the bottle was super hot. I hope it doesn't lessen effectiveness like everyone is saying...",3,1,neutral
en_0720302,"Case not as expected

Not what expected. It will be getting returned. Its basically piece of paper glued on back as design. The back part for the camera gets blocked so when you take a photo it's not clear because part of the case is covering that part.",1,0,negative
en_0368697,"Two Stars

Never came with instructions",2,0,negative
en_0575783,"Very poor quality

The first time my grandson used this, the waist strap holder ripped. Now they can't use it at all.",1,0,negative
en_0700315,"Just the color I was looking for.

I would like it to be a little long but that is the stander size. thank you.",4,2,positive
en_0107162,"Low Quality Fabric

Pretty and comfortable top, but the fabric is low quality. I bought this to wear postpartum, and, 3 months after I had my baby, it's pilled all over and looks very used. Disappointing.",3,1,neutral
en_0124528,"Works but very painful. There has to be a better way

Works but very painful. There has to be a better way.",3,1,neutral
en_0647559,"Disappointed

Bought the big box for a game night. Most of us done this before and knew what to expect but to my disappointment seems like you got an old box. Beans were hard and really couldn't tell what flavors we had until we swallowed. They must have been old/stale jelly beans.",2,0,negative
en_0996342,"packaging terrible\. the long box tore tryin to get ...

packaging terrible\. the long box tore tryin to get two inner seasons out of box. All the discs were lose and rattling when it was delivered .I have not tried them all to see if they were damaged. DO NOT BUY THIS",2,0,negative
en_0634098,"They work great, but I wish I can reuse then

They work great, but I wish I can reuse then. They give real hard time lighting it again after one use.",4,2,positive
en_0116375,"The sizing is off.

They are way bigger than the usual large and packaging says ""mens"" which is not even an option when ordering.",3,1,neutral
en_0314481,"just great.

Stitching came apart first wear on the sleeve, just great.",1,0,negative
en_0963347,"Sizes not available.

For some reason there was no 2X size available the next size was too big.",2,0,negative
en_0814540,"not my favorite

They are ok.. not my favorite",3,1,neutral
en_0383100,"Five Stars

Sounds good. I like it!",5,2,positive
en_0678225,"Works for Laptops.

It doesn't work with all computers. Each time its hooked up to a desktop it locks up the whole computer. It only works with my laptops.",2,0,negative
en_0040725,"Sleeves were too big and did not fit as nice. Paid $1 less here

Bought same dress in a different color from a different seller and sent this one back. Sleeves were too big and did not fit as nice. Paid $1 less here. But had to return.",3,1,neutral
en_0644830,"Long wait

I gave this three stars because it literally took six months to come in. Other than the outrageous wait time, they’re good!!",3,1,neutral
en_0444478,"Perfect.

As described! Perfect.",5,2,positive
en_0255076,"Satisfied

Very nice price for the quantity and durability",5,2,positive
en_0823792,"Returned

I ended up returning these. They did not feel like they were good quality and I didn't think they would be very absorbent. Prefer cotton.",3,1,neutral
en_0979015,"Didn't Feel Anything

I use Biofreeze spray a lot, so I decided to give their patch a try. Well, two thumbs down. I didn't feel anything from the patch... nothing! Needless to say, I won't buy again and I don't recommend them.",1,0,negative
en_0246543,"It’s easy to put her on sleep with this music as ...

My little one is playing this music phone all the time. It’s easy to put her on sleep with this music as well.",5,2,positive
en_0215545,"Needs more!!!!

It needs more product fir the price.",3,1,neutral
en_0037721,"Good for outdoor use. Not for wood dining table.

They are plastic and porous. No protection from spills or dampness etc.",2,0,negative
en_0841751,"so just get a size up!

The leggings are super cute, but I usually wear a small and decided to get a medium and that was the thing to do. If the leggings got smaller I think how some people experienced ripping the same would happen here. well the leggings are really comfortable and we will see how they last at the gym today, great buy highly recommend just get a size up and all will be grand.",4,2,positive
en_0816000,"Three Stars

it worked okay I thought it would be a stronger product",3,1,neutral
en_0747255,"Buy one size bigger, runs small

I bought these according to others reviews. I went 2 sizes higher and could have only went 1 size.",4,2,positive
en_0178637,"I love the way they look but have not tried them ...

I love the way they look but have not tried them yet - I take a wide shoe size - so I was grateful not to cramp my feet. I followed directions in how to measure my feet to conform to their sizes. I will follow up when I use them, I am hoping that they do not get stained by salt in the winter.",5,2,positive
en_0580999,"Dead hair feels alive

I don’t normally like hair mask, but I like this one. I’m Not a fan of hair mask because of the way they feel when putting it in your hair but I like this one. It doesn’t feel funny when putting it in the hair and it makes my dead hair feel super soft and silky. I know my hair is still dead but at least it doesn’t feel like it after using this product.",5,2,positive
en_0071418,"Digital copy not valid!

The movie is fun and much like the 5th Element in its imagination. The copy I purchased stated on its picture that it had a digital copy and I tried for it and have been blocked for no apparent reason. So this is a false promise and if this was important to you, beware.",4,2,positive
en_0329312,"Resulting smell of the bag not pleasant

Took away the dog smell, but the resulting smell from the bag is not particularly pleasant. I expected no smell when I used the product.",5,2,positive
en_0208458,"Three Stars

Good beef but didn’t really like the taste. Very odd for my wife and I",3,1,neutral
en_0134852,"A nice broom

This broom is perfect for what I was looking for.... it is soft , as I got it for my hardwood floors.... the dust pan is also good for the floors... overall it is perfect...",5,2,positive
en_0086407,"Doesnt work.

No matter the setting it wont turn on as it should. Even if you simply turn it to the ""on"" position, half the time it wont even do that. New batteries, set up per instructions. I wont ever trust it to do its thing while I am away.",1,0,negative
en_0939469,"Hand set / Speaker

I like the hand set / speaker set so when I am off road and communicating with others in our group I can have the transceiver stationary and set the hand set / speaker nearby without having the transceiver attached to my body",4,2,positive
en_0133786,"Not bad

These only lasted one day at my house. Probably from the kids jumping on them but they worked fine. I will try the old school ones next.",3,1,neutral
en_0812240,"Didn’t hold up!

I am so disappointed in these shears! They have only been used a few times as I have a lot of shears, they are totally dull and useless! My husband tried to sharpen them but they just didn’t sharpen back up, I’m throwing them out!",1,0,negative
en_0983276,"Screen works ok but colors seem a bit muted compared ...

Screen works ok but colors seem a bit muted compared to original. Can't complain much about that for the price point. I can complain about the fact the phillips head screwdriver's point broke off in the first fastener it touched. I was able to reshape the screwdriver with some sandpaper and get it to work but it put up a fight for a bit.",3,1,neutral
en_0587073,"Works great: D Love them

Works great :D Love them!",5,2,positive
en_0747640,"Great case!

I've only had the case for a few days, but so far so good. It works just like it was described, and it seems to give my phone plenty of protection.",5,2,positive
en_0851630,"Too small

Too small plus most was broken even the boxes",2,0,negative
en_0371427,"Not impressed

Got this in August, zipper already broke. Lasted 3 months.",1,0,negative
en_0458877,"Excellent

My beagle weights 26 pounds, has 12 y/o, has one eye and underwent bilateral knee surgery. She can no longer go on long walks. This helps her stay active and still participate on long outings. Thank you!",5,2,positive
en_0848112,"Cute but small

Came quickly, very cute but also quite small. They fit, I can wear them but would be much more attractive if they were larger.",3,1,neutral
en_0069555,"Outer Shell Broken

This case is really cute. Easy to install. Great grip. Unfortunately the outer shell has broken just from removal.",4,2,positive
en_0877130,"Very small

It might have been pretty, but it runs too small.",2,0,negative
en_0557766,"Kind of fell flat

The second film of Halloween by Rob Zombie and it was all right. It's like a fever dream mixed with gore and psychological to boot. The plot moves at an all right pace and Laurie's home life was interesting. Prepare for foul language. Again, an all right film.",3,1,neutral
en_0258603,"Nope. Don't need another sausage casing.

I wanted a concealing cami. I got a bandage shaper. Returned.",3,1,neutral
en_0230832,"Amazing

Have these hung up in my daughters bathroom. So much bigger then I thought which is amazing!",5,2,positive
en_0761550,"Half the air flow

It works but it doesn't blow nearly as hard as the factory blower. Even on high it's about half the air volume of the original.",3,1,neutral
en_0064580,"Damaged and faulty materials

I purchased this storage cube to hold various books and materials in my office. I started to put it together and there were three broken dowels in the supply bag. As I attempted to put the ones together that were not broken, they snapped and are now stuck in the shelf and cannot be pulled out. The backing boards are all damaged as well as the shelf edges. I am disappointed in the quality of these materials.",1,0,negative
en_0144139,"Super comfy.

Little more snug than I expected. They’re comfy as hell though. Just get a half size up if you can. Otherwise, great slippers.",4,2,positive
en_0510113,"Does not fit well

Product was ripped and did not fit well. It is very uncomfortable to grip. Not as described.",1,0,negative
en_0098759,"Looks Great, weak pins.

I bought one of these for my Garmin Vivoactive 3, and found that periodically on the of the pins would pop out of place. and my watch would fall onto the floor. After comparing the pins on this band to the ones that came with the watch, I found that the spring parts are a tiny bit shorter and thinner, and it actually looks like they bent a little over time, making it more likely to fall out. The Vivoactive has a small bevel where the pin locks into to help with alignment so your mileage my vary, but the pins here are definitely thinner than they could be",2,0,negative
en_0098297,"One size does not fit all

The headset is not adjustable, so if you have a larger head or ears, be prepared for squeezing and pinching. I can't speak to any other feature as they were so uncomfortable to wear I never even turned them on.",2,0,negative
en_0646013,"Excellent, but may break quickly

I wasn't doing anything too crazy with this... for the first month it was great, but for no reason I can see the curved portion has stopped working completely.",2,0,negative
en_0114158,"Arrived broken

The owl on the top is broken off.",1,0,negative
en_0306430,"loose jewelry due to weak spring

Spring clip is too weak, jewelry is easily lost. disappointed",1,0,negative
en_0930754,"Hinge wears out after 6 months

I bought this in March 2019. I opened it and closed it an average of twice per day. Six months later, the hinge has worn out and the case will no longer stay closed.",1,0,negative
en_0809181,"Two Stars

It’s oretty but broke the first day I used it",2,0,negative
en_0839892,"Waste of money and dangerous

Waste of money and dangerous. Just go to the gym. I tried the exercises and they were impossible. I feel duped.",1,0,negative
en_0331978,"Poor quality.

The faux leather cracked, on both shoes, at the bend point within a month. My daughter only wore these to school, and always removed them first thing upon returning home.",2,0,negative
en_0741061,"Five stars for looks and quality - it's nice steel, well made

Five stars for looks and quality - it's nice steel, well made, with hooks that don't threaten to drop your clothes when you open a door. That said... it's not very wide (to be fair, the specs are accurate - but it's smaller than most of the competitors), and the mollies/wall anchors are awful (use your own - if you put things into wallboard, you must have a few lying around). But mostly... WHY AREN'T THE HOLES ON 16"" CENTERS? If you're making these for the US/Canada market, the holes need to be 16"" apart so that we can attach these to beams rather than wallboard.",3,1,neutral
en_0431988,"Two Stars

After 2 weeks one light went out already",2,0,negative
en_0137283,"it did not work

The chord either was defective or not compatible with our PC and monitor. There is little help provided from the manufacturer",1,0,negative
en_0978932,"As usual works great.

Just changed out my black ink and put this one in. As usual works great.",5,2,positive
en_0836498,"Returned

Returned. Never arrived",3,1,neutral
en_0824100,"Not great

First of all, the box is designed in such a way that once opened it's practically impossible to close again, as the bits inside block the rear which comes down inside the box. I have to imagine this was noticed, but nobody thought it important enough to address. Second, in about 20 minutes, three of the sandpaper pieces had fallen apart and one of the plastic bits you put the sandpaper on had blown its screw and gone flying across the room. I guess it wasn't very expensive, if I had to say something nice.",3,1,neutral
en_0435203,"Helpful

Nearly all the tips useful and. I consider myself an intermediate to advanced user of OneNote. I would highly recommend.",5,2,positive
en_0221086,"Ok

I've been using this for a few weeks. There was a tear a week in where the Velcro thumb strap wraps around. It's supportive and does what I need it to while wearing it. The large Velcro strap can get stuck to my clothes, which is frustrating.",3,1,neutral
en_0641025,"WOW -- Easy to use and great results!

Cleaned grout in bathroom - amazing results!",5,2,positive
en_0885476,"Don’t last as long as others

So so life, shoulda bought a name brand.",3,1,neutral
en_0966564,"Fast Shipping Great Price

Since I haven't used them yet I can't speak to quality, but the price was excellent.",3,1,neutral
en_0310284,"Extremely thin hair pieces

Extremely thin hair pieces",3,1,neutral
en_0645978,"Copper Plated

These hooks are only copper plated.",3,1,neutral
en_0083886,"Gorgeous dupes

Looks legit . Unfortunately, I can’t say it’s comfortable after wearing for a couple hours..",3,1,neutral
en_0119232,"It’s only one

The only problem was for the money I thought there were a few in the package because of the picture. Should have read more.",3,1,neutral
en_0677804,"On the fence

Heavy system to jog with",3,1,neutral
en_0188945,"Expect to get promise delivery

Product didnt arrive on time",1,0,negative
en_0588653,"Compact and sturdy

Does exactly as it says. I can see. Light convenient and solid case, small size. Good price",5,2,positive
en_0584596,"Great book

Love this story! Can't wait for the next one.",5,2,positive
en_0326102,"Strong magnet hooks.

I have metal shelving units along the wall in my garage. I use these hooks 2 thread clothesline through and then placed shower curtain hooks tarp grommet holes to make a curtain over the open shelves. It worked perfectly. The shelving units look neater, the contents hidden away until needed. Excellent product",5,2,positive
en_0240599,"These are perfect and exactly as described

I LOVE these! They are true to size and are so easy to put in and out. I love that I have such a wide selection of colors to chose from. I have gotten so many compliments on them.",5,2,positive
en_0083744,"Not the right color

Not even close to the color.",2,0,negative
en_0931137,"Small plates / cheaper at Party City

I thought these were big plates. They’re the small ones. I should have just gone to party city as I could not exchange them.",3,1,neutral
en_0023216,"Not even close to being tight enough for compression socks ...

Not even close to being tight enough for compression socks! My husband wore them for a week, then said they weren’t any help!!!",2,0,negative
en_0044667,"Spray unit did not work

Was delivered quickly and on time The spray unit does not work--sprays only water and the fittings leaks badly",3,1,neutral
en_0117083,"Great pot ,keeps coffee hot!

Brews well and keep the coffee hot. As long as you warm up the carafe prior to filling it up with coffee. I owned a previous coffee maker ,same unit different brand name and it lasted 4 years. Considering Im used to getting a year out of a coffee maker . Its worth it.",5,2,positive
en_0684436,"Highly recommend this

I love love love these. Comfortable, and they work better than my $100 headset",5,2,positive
en_0438762,"TWO stars!

NOT enough info! This book just gave the basic Biography of Steve jobs which can be found in Internet and other sources. Moreover, the book is not written in organize way and smoothly. Disappointing!",2,0,negative
en_0715190,"I will repurchase forever!

I needed to boost my immune system and heal my gut. I kept getting sick this year from everything the children and hubby would carry home from school and work. Stay at home mom here. These work so well! I haven't gotten sick since I started taking these pearls. They survive through stomach acid to reach my gut!",5,2,positive
en_0746257,"Really nice lighting

Really nice lighting for the garden.",5,2,positive
en_0170109,"Color (blue) not as vibrant as pic

The blue is NOT as vibrant as the picture shows (and I am using a color-calibrated monitor). I'd probably pass on ordering this again.",3,1,neutral
en_0449778,"It works, but needs physically altering to get the pieces together

There is a piece of plastic sticking out of the plate that prevents the two pieces from fitting together like they are supposed to. After not getting any support from vendor, I used pliers to tear that piece of plastic off. Fits fine now and will probably do just what it is supposed to. But they missed something in the final development of it, there's a little plastic piece that juts out that doesn't need to be there. It's not even listed on the vendors web site, so I am assuming it is a really new product.",3,1,neutral
en_0565650,"keeps me dry over the sink

It's okay over the sink, also washing the dog...",4,2,positive
en_0492755,"Broken after 8 months

I liked this product okay. I used the kind that slides into your air vent. While it wasn't perfect, it did the job. I had to arrange it in such a way that it was blocked from falling by the vent because the grip wasn't good enough to keep straight when my phone was placed in the holder. Regardless, it worked fine. I have had it 8 months now, and yesterday half of the wheel part that holds the popsocket broke off. The plastic itself had broken so it isn't really fixable which is disappointing. While it was cheap, its not something I'm wanting to replace every year so I'll probably go for a different brand next time around.",3,1,neutral
en_0986701,"Good value

Really like this product. Very handy and organized catch all.",5,2,positive
en_0241451,"Make a mistake ,it doesn’t fit the iphone x

Looks great and feels great but It doesn't fit the iphone x, especially on the camera, very unhappy with the mistake,mine tore and I have no idea how it got snagged so easily. Very disappointing because it’s so expensive. I'll be careful next time.",2,0,negative
en_0815727,"I loved this when I first got it

I loved this when I first got it. I have had it for a few months now and already need to replace it. The leather on the band is cracking and the design has faded pretty bad.",3,1,neutral
en_0322794,"It works very well!

It is exact what we want. It works very well. It's super lightweight, takes very little space for being 100ft long! My husband is the one who is in charge of the back yard so I bought him this hose instead of the older one we had. He is very satisfied.",5,2,positive
en_0552649,"Not bad for a small assortment of flies for a fast ...

Not bad for a small assortment of flies for a fast trip, have to make sure there isn't any material protruding outside of the case.",3,1,neutral
en_0917646,"Not received yet?

It has not arrived as of yet?? No tracking?",2,0,negative
en_0091873,"Horrible.

I put this on because I remember waking up early each morning to watch Power Rangers before going to school and figured I'd give it a shot because of my child hood. There is literally nothing good about this movie. It starts off okay and then progressively gets worse. I literally had to turn it off because the story line and parts were so cringey that I couldn't bare it any more. I gave it another shot to try and finish it and immediately remembered why I shut it off the first time.",2,0,negative
en_0181938,"WORKS GREAT EXCEPT BATTERY WAS DEAD I THINK FOR $25

WORKS GREAT EXCEPT BATTERY WAS DEAD I THINK FOR $25.00 THE BATTERY SHOULD NOT HAVE BEEN DEAD. WOULD HAVE BEEN 5 STARS IF NOT DEAD BATTERY.",3,1,neutral
en_0524647,"Wrong design

I ordered it because I liked the model, I received a round regular ashtray",1,0,negative
en_0351771,"Overall great gi. Could use better drawstring to hold pants up.

The drawstring on the pants slips a bit and could use a redesign. Otherwise great gi. Lightweight, fits well, comfortable, great in the gym.",4,2,positive
en_0895274,"My wife like it. I doubt in benefits provided by supplements ...

Neutral review. My wife like it. I doubt in benefits provided by supplements in general. I'm just skeptical cancer researcher believing in hard data not claims.",3,1,neutral
en_0609883,"Rolls up

Great product but it rolls up on my panties within few hours.",3,1,neutral
en_0070605,"Love these!

I love these. I literally wear one every day, and always get comments on how cute they are. I am a mom of 3 little ones, and don’t have much time for my hair. I throw it up in a messy bun and put one of these on and I look put together. My only complaint is that the actual metal (or whatever material is used inside the fabric) is not the same in all the headbands. Most of them are a thin metal that is very flexible and doesn’t hurt my head, but one of them is thick and too tight.",4,2,positive
en_0327478,"Awesome purchase!

Great gift for my daughter.",5,2,positive
en_0728071,"The bottle was empty

I got 12 bottles of polish. All of the colors were great, except for Cast a Spell, which didn’t actually have any polish in it.",3,1,neutral
en_0639494,"Three stars

I bought these to help my hair stay up while straightening it. My hair is very curly and pretty thick. I’d say these are useable BUT not the greatest for my hair. So I wouldn’t recommend for hair types like mine but they are good clips!",3,1,neutral
en_0047468,"Doesn't work at all.

On our annual week-long camping trip in the Adirondacks the flies are always overwhelming so this year I thought I'd try these traps. The warnings about not putting them close to where you sit are a joke. You can put your nose right up to it and it doesn't smell bad at all. After a week we had caught about 16 flies and the other 16 million were laughing at us.",1,0,negative
en_0790015,"Just what I was looking for

I love it! It is made out of a very hefty material and it is heavy, which I like, because that means it won't blow away when windy. I also love that it has elastic corners. That will help keep it in place when windy as well. I haven't seen how it does in the rain yet, but from the looks of it, it seems like it's going to be great.",5,2,positive
en_0268436,"Does Not Work - No Returns

I have a 10 lb dog and purchased to use for anxiety while crated. Followed directions exactly and made multiple attempts to give it a chance. It has no impact whatsoever. Because the contents are flammable, Amazon will not allow returns. This was a waste of money.",1,0,negative
en_0285019,"No QC

Smaller than expected but I guess I should've read the description more thoroughly. I just assumed since it said resume portfolio that it would fit standard legal documents. It'll do for now I guess. What bothers me most is that it came with white stains. Like a waxy residue. Great QC, could've at least caught that and took care of it before shipping but that would require ""maximum effort"" I guess. Then when the package was delivered the notification says it was ""left with resident"" which was a complete lie. It was left in front of my gate in the open instead of behind my gate which the driver could've easily done but again that would require ""maximum effort"".",2,0,negative
en_0718887,"Students love them.

I bought these for a STEM tub for my class. They are used daily during morning work and the kids LOVE them. So far they’ve held up very well. I’ll be buying more soon.",5,2,positive
en_0418176,"Three Stars

WAS NOT IMPRESSED WITH THIS WESTERN.",3,1,neutral
en_0249055,"its a good sun-glass but the side bars are metal and presses ...

its a good sun-glass but the side bars are metal and presses too hard near my ear. Size is smaller then expected. except that good for trying but not recommended.",3,1,neutral
en_0628666,"Three Stars

One of the bands broke today. Have used it maybe 10-12 times",3,1,neutral
en_0949904,"Unsafe design

Simply does not work Comes of without reason or warning Dangerous for those who actually need it falls off unexpectedly",1,0,negative
en_0791949,"younger movie

usually like to see Hardy movies, nothing wrong with Hardy it is a young person movie",2,0,negative
en_0707253,"Numb for too long

You will feel numbness until the end of next day.",2,0,negative
en_0985463,"It's ok

Not very sudsy. Weird consistency",3,1,neutral
en_0055375,"Works but its finicky

Its a bit louder than I would like and it takes a little bit to break in. From there it works as advertised but it is really sensitive to pretty much anything. I feel like I am constantly adjusting it and there really should not be a need for that. The cup is also a bit annoying to take off and on if you are relying on the suction cups for mounting.",3,1,neutral
en_0672758,"The locking bars work fine and the box is lightweight

This box is large enough for both my cats. The locking bars work fine and the box is lightweight. I’m not worried about the handle because I don’t carry the box.",5,2,positive
en_0764457,"Not worth it

Worked fine for 6 months and then just suddenly stopped working for no reason",1,0,negative
en_0344083,"The 10' length

Most cables are 6' in length and these being 10' are great for charging while lounging.",5,2,positive
en_0855995,"Nice flavor but where’s the spice and heat

I have purchased the beef sticks and bars from amazon and directly from mission meats and love them. But was disappointed that this bacon was not spicy at all. Was looking for more heat. Was little pricey for what u get too.",2,0,negative
en_0911423,"Look attractive but do not function as described!

I purchased these water bottles in 25oz green for travelling internationally. Even after my trip, I still use these bottles daily and have been doing so for about 6 months. Although, there is a lot I like about these bottles, there are some things I am disappointed by. Positives -attractive design and color - look expensive even though they are great value -secure cap -great size, can fit an ice cube easily through top opening Negatives - they do not keep liquids hot or cold for as long as claimed in the description (5-6 hours max) - not very durable, one bottle dropped on to a tile floor from 5 feet and dented - they tend to fall out of the side mesh water bottle pocket of my backpack (this could be due to the size of the 25 oz bottles)",3,1,neutral
en_0017082,"Unused.

Gift, she never used it.",3,1,neutral
en_0293022,"Wrong seeds

It’s a good kit with many tools and seeds. However, the seeds and the name it labels are totally different. I try to grow mints and it turns out to be a plant that I can’t recognized. If you are just trying to grow for fun, than it’s a good kit for you. But if you are a person try to grow it and use it, than don’t buy it.",2,0,negative
en_0244043,"Two Stars

Nothing special about these bottles, could have saved money elsewhere, but there are ok. Just a little pricey.",2,0,negative
en_0989149,"Three Stars

Have had over a year. Wears well, but colors fade quickly though.",3,1,neutral
en_0945395,"Bad taste that is impossible to mask, gritty texture.

It tastes pretty bad and is gritty, does not fully dissolve. Whey protein is far superior taste wise and easily dissolves. Will not buy again.",2,0,negative
en_0383660,"Advertising was wrong

I'm dissatisfied with this product it no say an tin this product was in a plastic container the main reason I bought it was because it was suppose to be in a tin box not happy at all",2,0,negative
en_0127298,"Three Stars

Did not look great on me. With my size (14) need a more structured dress.",3,1,neutral
en_0985799,"Great Series

Great TV series. I really enjoyed watching it all again. I definitely recommend it.",4,2,positive
en_0013903,"Beautiful but breaks in the wind

This product is beautiful in the wind. But after one month, one of the spinner blades came off. I reapplied it; one month later, it came off again and the wind took it away. Now it's off-balance and doesn't spin correctly. Too bad the return time has passed. I would highly recommend it except that it didn't last long.",2,0,negative
en_0101077,"Thin and flimsy

Thin and flimsy. The only thing I liked was the color.",2,0,negative
en_0963676,"Three Stars

Smaller than what it looks like, but got power 🔋",3,1,neutral
en_0225765,"Works great

Works good not as sharp as it should be I do like the fact you can take apart to clean",4,2,positive
en_0396484,"90% happy

Ok for trimming not so good for shaving",4,2,positive
en_0718293,"They r junk

2 out of 6 don’t work. 2 months later 2 more quit working on USB ports. Don’t waste money",1,0,negative
en_0734961,"Variable adhesive quality

I have mix feelings about this product. I have purchased different stickers in the last year. Some have worked excellent but some have been terrible. The clown fish, the dolphin and whale stickers have lasted long on my son's bathtub. However, the shark started coming off two weeks after I installed them. Two of the five turtles I installed came off just two days after I installed them. Seems like quality control on the adhesive part is no good at all.",2,0,negative
en_0442592,"Decent

It was a little more wide than long which we didn't care for but other than that it was a good shirt",3,1,neutral
en_0049405,"Solid Quality, Not Completely Leak Proof

I've used these lunch boxes almost everyday for about 2 weeks now for my kids. They are convenient, large, easy to clean, but not completely leak proof. I think over the past 2 weeks, the middle of the lid has started to arch up. Not enough for food to flow between compartments, but enough for very liquidy contents (oil, water, juice) to get through. I'd recommend not putting very liquidy things in; if it's just everyday food, does good enough job keep everything in. Overall, quality is solid (except for the leak-proof claim) and still very useful for lunch.",3,1,neutral
en_0441400,"Good product - bad price increase

I am giving this product 5 stars but taking 2 stars away for the constant increase in price each time I have ordered. I am happy with the product but extremely disappointed that each time ordered the price goes up. I posted questioning why only to have it removed. Very sad. Will have to look elsewhere.",3,1,neutral
en_0665984,"Not glow in the dark, only blacklight.

Not sure why the description says its glow in the dark. As far as I can see, it only glows under a black light. The color is really bright. It has the feel and consistency of medical tape. It's a sticky cloth feel.",4,2,positive
en_0890070,"False advertisement

Product does not work as advertised. Took over 2 hours to thaw hamburger patties.",1,0,negative
en_0453081,"Pretty boring.

I thought these would be colorful when you looked through them, unfortunately they are clear. Not what I expected. Colorful on the outside, not when you look through them. Pretty boring.",3,1,neutral
en_0453999,"Too Large for a power stip.

I live in a home with very limited outlets so have to utilize power strips for chargers and the cube takes up more room than an average plug so it is worthless for me.",2,0,negative
en_0066755,"Cute

Love the curls and very little shedding. Will tangle a bit but that's to be expected with any hair.",4,2,positive
en_0230719,"Shave no more!

So far so good. Just started using this product so the results are still in progress so I'll update more as time progresses. Easy to use, booklet explains how to use and what schedule to go on",4,2,positive
en_0091583,"Thin

All th he fibers are coming off. Really thin.",3,1,neutral
en_0193276,"Two Stars

the fake head and non-removable clothes make the doll uninteresting",2,0,negative
en_0412576,"at the great price I really wanted to like these

Will not order again, they're not terrible- but no comparison to the original nespresso pods. Ugh... at the great price I really wanted to like these!!!!",2,0,negative
en_0572272,"really small, really fragile

These are great party hats for cats or really small people. The paper does tear easily, but you can tape the hats up. Don't miss the little adhesives for the pompoms- they are easily lost.",3,1,neutral
en_0188511,"Four Stars

Cute but very thin material. Well made otherwise.",4,2,positive
en_0249279,"Cute, fun, broken.

Over all this was a good buy but the all broke easily and for a few extra bucks I would recommend the Melissa and Doug brand I own them booth and the M&D is a better quality!",3,1,neutral
en_0501076,"Refund

Have not received parts",1,0,negative
en_0431105,"DVD won’t play

DVD Disc is unplayable",1,0,negative
en_0642120,"Came folded, still has creases in it.

Please ship the mousepad not folded! It’s a great mousepad but it came folded and even after heavy use for couple months the creases are still present. Maybe ship it in a tube?",2,0,negative
en_0232191,"Not for sensitive skin

Would be ok if my skin wasn’t so sensitive",3,1,neutral
en_0268185,"Perfect guide book

Excellent diet book for the beginners. In this book you will get some new and good point about dash diet recipe. This recipe was so useful for our health and its quickly loss our weight. I am so much impressed and i will shear this book with all my friends and family member.",4,2,positive
en_0205433,"The book started off slow. But, it was ...

The book started off slow. But, it was a page turner none the less because I was curious to know what would happen when she went outside. I did not expect the ending that it had!",4,2,positive
en_0551072,"not great quality

I bought this because it was more economical than the same bag in store. In the third shipment I received, I noticed that the kernels were of a different color. Didn't think much of it. But after about 6 months of use, one of my cat developed crystal in his urine (the other just got really, really fat and grumpy). Long story short, over $300 in vet bills later, I switched to another brand. No more problems since.",2,0,negative
en_0146844,"Quick shippment

Very pleased with the quick shippment of the product.",5,2,positive
en_0898415,"Not too bad, wish the binding wires would have been stainless, as well

Not too bad of a product, but my support wires are nicked and rusting. For the price I wish they would have used stainless support wires, too, because these get nicked and scratched when scrubbing the grill....which exposes raw steel, and then the rust forms. Maybe if you stored it inside it would be fine, but mine hangs on my grill, outdoors. If yours is outside like mine, may want to look for one that is all stainless....will be worth the extra money.",3,1,neutral
en_0768264,"Very comfortable and stylish band, but will it last?

Received the band just four days ago and have really been impressed with the look and comfort. However, after just four days I noticed a split starting on one of the holes that the post inserts into. So far so good, but concerned about the possibility of losing my Fitbit.",3,1,neutral
en_0926008,"Would order again!

Everything was as said!",5,2,positive
en_0642526,"Texas Superfood

I really did not notice a difference after taking the product for over 2 weeks. No change in energy, how I felt or appearance. I would mix the powder and drink first thing each morning.",3,1,neutral
en_0466801,"These are terrible. Like

These are terrible. Like... really, really terrible. even if you luck out and get a pair that don't have defective sound, they're exceptionally cheap, ridiculously uncomfortable, and the Bluetooth literally somehow managed to disconnect my wifi every time I switched them on.",1,0,negative
en_0173538,"A little goes a long way

Love it, I have to apply twice daily, since living in Arizona due to the heat! Will definitely by again!",5,2,positive
en_0257959,"I like this product, but you probably need 2 of them to really get much out of it.

You are limited in what you can do with what it comes with, so I would get 2 to make it worth it.",4,2,positive
en_0298472,"Exactly what I needed

Love the color and the field is nice. Really good quality for the price. I would buy again.",4,2,positive
en_0811510,"Decent monitor

Works for what I needed it for. The screen is just not as bright and clear as I like it to be",4,2,positive
en_0946603,"Hard to setup

setup and app are typical Chinese...cumbersome and difficult. This will suck 8 hours of your life.",2,0,negative
en_0166185,"Recommend.

Good product. Good value for the price.",4,2,positive
en_0581023,"This movie cost more than it was at Wal-Mart, ...

This movie cost more than it was at Wal-Mart, and I had to pay shipping, it was not worth it",2,0,negative
en_0945371,"Easy to use

Used for my cordless phone",4,2,positive
en_0999749,"Heel portion of upper too low

I was disappointed to find that although the length was right, the heel portion of the upper was too low, so it slipped. Had to return them.",3,1,neutral
en_0252564,"Does not work at all

I bought a few packs of these battiers. None of the AAA ones work at all in anything. I love the AA although they die quick.",1,0,negative
en_0070227,"good sheets

great sheets... Will definitely purchase again. Wish you had the ones I wanted though",5,2,positive
en_0516584,"They also like to sleep on it

Bought this as a hopeful alternative to my cats scratching the corner of a chair I have in the den. They choose this over the chair about half the time. They also like to sleep on it. As you might expect, some small shreds of cardboard are on the floor after they scratch it for a period of time. It also holds on to cat hair that they shed while they're playing on/around it, but it only takes a moment of my time to wipe it off. Might buy again when/if they ever destroy the one I have to the point where it needs to be replaced.",4,2,positive
en_0851930,"Comfy, cute, and sturdy double handle leash

I love the padded handle and that it came with the poop bag holder. However, I wish it would have also come with bags in the holder.",5,2,positive
en_0929957,"Not for the well-endowed ladies...

Nice quality, but NOT for anybody who is large-breasted. I'm DDD and ordered a XL....the dress fit, but I needed to either have the waist above my ribs or put the waistband at my natural waist and have basically my whole cleavage and then some exposed.",3,1,neutral
en_0356621,"Not what I ordered

I ordered the solid black one and I got one with a design. Seems like a good strap except they decided to send me a random one instead of the one I ordered. Will be returning",1,0,negative
en_0513215,"it's OK

Made in China, standard quality, leather looks more plastic than leather, average fabrication, leather between firm/soft fits large than other brands",3,1,neutral
en_0739406,"Easy to use

Easy and quick to use. Instructions were easy to follow. Replaced an older similar unit that died from old age.",4,2,positive
en_0630419,"Puts the F U N in FUNctional

Not as thick as my previous sun shade and does take a little creative wedging with the Sun Visors to get it to hold in place on my 2008 Prius but appears to be working ok. The photo makes me smile every time I return to my car. hopefully others enjoy the scene as well.",4,2,positive
en_0139586,"I love the way it taste

Delicious!! I wish they sold this in the grocery store!! I love the way it taste. Expensive, but good.",5,2,positive
en_0214208,"Tight fit, heel balling is bad.

First of all, the sizing on these is absolutely insane. I have fairly average sized feet, I wear a 9.5 shoe. These things are a chore to get on they are so tight. Once they're on, the stitching around the toe is very pronounced and goes right across the front of your toes and overlaps on the side, which means you really feel it when your foot touches the sides of your shoe. Secondly, I don't believe the material listing is correct. I bought these as they are listed as being mostly synthetic which should prevent balling on the heel, a problem I've faced with non synthetic socks. One pair that I've worn a whopping 3 times already has significant balling on the heel. I bought these socks at the same time as some synthetic Adidas socks to see which were better, and the Adidas socks show no sign of balling on the heel. Would not buy again.",2,0,negative
en_0859567,"the price

like it very nice to work with it",5,2,positive
en_0418833,"Three Stars

I would not consider this heavy duty. But it does the job.",3,1,neutral
en_0297330,"Nice for money but not great for my needs

Too big & did not work for what I needed",2,0,negative
en_0719225,"Received replacement and one boot is soft suede like and one was harder leather

Ordered size 6 and were too small. Ordered size 7 but the 7s were worn in. Received replacement and one boot is soft suede like and one was harder leather. I really wanted to love these but will be returning.",3,1,neutral
en_0332719,"Loved them

I really love these sneakers. They fit great, look like real converse and are a great price. My only disappointment is a bunch of the eyelets for the laces have come unattached",4,2,positive
en_0587235,"Picture

Started using these on 9/10 and by 9/27 they are already peeling. Super disappointing since they are not cheap!!",1,0,negative
en_0944097,"Springs back into last shape

I was looking for a reliable, FLEXIBLE, charging cable for my iPhone. The 6 foot version of this cable is stiff. It has a memory of the shape it was last in. Stretch it flat, and it springs back into the loops from when it was originally shipped.",3,1,neutral
en_0437897,"Four Stars

Nice, but a bit heavy.",4,2,positive
en_0522816,"Very high quality

I bought 2 different micro fiber cloths on Amazon and this one was so much better than the other. This cloth was nice and thick with a soft touch. You will not be disappointed with this purchase.",5,2,positive
en_0210229,"Time travel romance, very unlikely to fit my 4-5 star list

I found it hard to get into the story. Still haven't finished the entire book, which is extremely unusual.",3,1,neutral
en_0972201,"Zipper is coming apart.

The zipper on your front compartment bag is coming apart. I’m no longer able to use that compartment because of the zipper malfunction. I would like to turn return this item and purchase the same bag with a good zipper.",2,0,negative
en_0098764,"Shoe is okay

Shoe is okay loose fit, somewhat comfortable.",3,1,neutral
en_0185162,"No actual change in behavior

Didnt see any difference in anxiety with my dog wearing this vest",1,0,negative
en_0396640,"Decent but not holy grail.

Came highly recommended by various kbeauty bloggers and Reddit. I thought it was okay but didn’t blow my socks off.",3,1,neutral
en_0514280,"Item Not Delivered

Item never arrived. :(",1,0,negative
en_0064972,"Worst after market product I've ever seen.

Typically, I read reviews before ordering but neglected to do so with this purchase. They wouldn't fit correctly on my 16"" OEM rims.",1,0,negative
en_0280050,"Unusable due to poor binding quality; avoid

I was very excited to get a decently priced copy of this classic, but I was terribly disappointed by the publish quality. My first impression was that the font and paragraph style was extremely odd; certainly not easy on the eyes with a san-serif (maybe Ariel?) font, and uncomfortable line spacing. I opened the book once, and the bindings completely ripped. After 5 pages, I realized it was unusable - each page turn essentially tore the entire page from the binding. One interesting note: it seems the copy shipped is printed and bound AFTER you order. I assume this is to ensure the supply doesn't exceed demand. Clearly the provider has not perfected this rapid print/bind process. Extremely disappointed with binding and print quality; would absolutely suggest buying from a different printer.",1,0,negative
en_0659543,"ok not 100 percent pleased

very sexy but slit in back to long. even when I pulled dress down the slit still showed my ass",3,1,neutral
en_0853190,"Sciatic Rescue Needs to be great again

I preferred the old Sciatic rescue in the pump bottle. Your new stuff does not really do the job as well as the older item. Why don't you stick with a reliable remedy that works well?",3,1,neutral
en_0132352,"Difficult to read

Just a note to others. The LCD background is black so the numbers do not have a strong contrast making this (me) difficult to read day or night at a glance. Otherwise would have given 4 stars overall. I returned mine...thank you Amazon.",3,1,neutral
en_0946252,"Bottom is not flat!

I love my 4 qt. pressure cooker, so I bought a larger one so I can seer larger pieces of meat, or quickly brown stew meat. I also thought I could heat the pan more quickly if could use my larger burner. The design of this pan is not good for either of those things. The pan is 10"" wide at the bottom, which would have been great for a larger burner, but the bottom of the pan has two levels. There's a ""bump"" in the center of the bottom, so the part that touches the stove is only about 7 1/4"". The ""bump"" is on the inside too, so it doesn't have a flat bottom on the inside either. I'm returning it.",2,0,negative
en_0551747,"Its trash, but you get what you pay for.

Spend an extra ten or twenty dollars and get something that will last.",1,0,negative
en_0462240,"strenght training

Works great when using barbell, Kettlebell, or dumbbells. It is also great on pullup bars as well which is great being that at our gym we might use all of these things in one workout.",4,2,positive
en_0126009,"Execelente product

I have this for long time and it's very good",5,2,positive
en_0186076,"sleeves are not as they are pictured

Not quite as the picture depicts.",3,1,neutral
en_0589630,"Good Scissors

They are good all purpose scissors. Good for heavy duty duty as well as light duty.",4,2,positive
en_0798215,"Quality product

Good quality oil. We completely use coconut oil for cooking and we buy in bulk from costco. This time I was looking for smaller bottle to ease to carry during travel and I found this one it’s Same quality as Costco but in smaller version. Cost is high abit but remaining everything good",5,2,positive
en_0244076,"Tee Baller Dream

Great machine. Takes a bit to get it dialed in, but once it’s easily assembled and dialed in. Strike every time.",5,2,positive
en_0698660,"Good product, but arrived damaged with no damage to ...

Good product, but arrived damaged with no damage to the packing, and took quite a long time for the order to be fulfilled. The product is what is offered, but the quality of the company leaves me wanting.",2,0,negative
en_0669241,"Easy to apply

Skin gets white with application. Eventually fades or rubs in, but then does leave skin looking shiny/greasy. My son will not wear it because he says it stinks. Easy to apply, does seem to work.",3,1,neutral
en_0385580,"Doesn’t fit an SG properly

Used this replace the nit on my SG. It is a bit taller and requires some filing. It also is a bit too wide for the fretboard as well. It took some extra work...but it will do.",3,1,neutral
en_0138888,"Dont do it!

Worthless. Bought two of them and the down button on both would not work. Paid extra for motorcraft and pow! It works.",1,0,negative
en_0648469,"Not What I Needed

i didn't use this product because it wasn't what I thought it was for. I am sure the value was good and the cord probably would have worked as intended but it wasn't what I needed for my device",3,1,neutral
en_0416567,"For narrow feet only

Very cute shoe but is for a very narrow foot.",3,1,neutral
en_0644982,"very light weight and nice color

Beautiful color,, perfect design and size . Very light weight and easy to put on wall. Nice color combination.",4,2,positive
en_0834947,"The only complaint I have is that the ""second cover"" ...

The only complaint I have is that the ""second cover"" is really the only cover and does not attach to the ironing board .",4,2,positive
en_0720109,"Awkward

Although it is a very cute dress the fit is awkward. I did return it because there was no fixing the way it bulged feom the armpit area to my breast. The semi petticoat was very itchy as well, but fine with a slip. The fabric however was comfy on the skin and had a small amount of stretch.",3,1,neutral
en_0639122,"USB speaker good quality

Works ok good quality 👍",5,2,positive
en_0854341,"This product smells bad

This product smells musty. It is an almost unbearable stench. It has made my Switch smell. So disappointed...Wouldn't buy this one",3,1,neutral
en_0549170,"Only the cases

ITS ONLY THE CASE. Thats what I get for not ready it better. Make sure you buy pillows to go in them as well.",3,1,neutral
en_0537671,"too small

it's too small, make sure you are aware of the size",3,1,neutral
en_0792805,"Good but deceptive

Good quality, but there are only 3 containers- not 6 as listed in the title of the product.",3,1,neutral
en_0305227,"Delicious

These are amazing! My girlfriend and I are on Keto and these are nice for a quick fix for a sweet tooth!!! This is a food pantry must have!!",5,2,positive
en_0582446,"Five Stars

Great product - just what I expected.",5,2,positive
en_0977162,"Great fan for a woodworking shop because it has a sealed motor. Saw dust will kill fans over time.

I have 2 other Maxxair fans and really like them. That’s why I purchased another one.",4,2,positive
en_0286412,"Sad to say

Sad to say, the metal clasp that holds the mop strands to the plastic handle rusted through in less than 4 months and is now destined for the recycling bin being rendered useless.",2,0,negative
en_0112908,"Be careful of packaging!

I love this product but it did not travel well in this packaging! Just a warning/something to consider",4,2,positive
en_0675070,"The edges are soft and the back is a hard plastic.

I bought the cover for iPhone 11 pro and it fits perfectly! I wanted a clear case and still be able to put a pop socket on the back without it falling off and so far so good! Definitely recommend case! Plus it comes with 2 screen protectors!",5,2,positive
en_0591908,"The stamp on this is nice to use but as soon as I put it ...

The stamp on this is nice to use but as soon as I put it in place, the color bleeds into the surrounding pores. It doesn’t stay the shape it’s supposed to unfortunately. Great concept but definitely need to tweak the formula of the liquid.",2,0,negative
en_0495868,"Good product!

This phone case is very good in quality and uses a liquid silicone case for bending and skin grip. It’s really great.",5,2,positive
en_0056578,"One of three didn’t work at all.

One of these did not function at all. The other two work perfectly. We have been using them for the past month or so and no signs of cracking or anything.",3,1,neutral
en_0275258,"Easy Reading

A nice flowing read with a predictable nature. Likable characters Good for before bed.",3,1,neutral
en_0080315,"Not sure if it did anything

I don’t feel like it made a difference. I will probably just stick to running baking soda in my washing machine once in a while. I saw no difference using this product.",2,0,negative
en_0808358,"Nice look to tight for women

I have small head and did not sit well, I used it because it was for custom and did not have time to change.",3,1,neutral
en_0214257,"Beautiful, But Too Small

I was hoping for something a little bigger that would fit on my 4 yr old granddaughter, but these are just too small. Can use on doll's head for a fun tea party.",3,1,neutral
en_0378794,"Not recommended

Looks good but quit working correctly. I've had it on car a yr but in that time we were swapping the motor. Has MAYBE 4 hrs drive time total.",2,0,negative
en_0877183,"Very soft

Too soft for me and a very small brush ..",1,0,negative
en_0861512,"I love this piece

I love this piece! I needed something that would be attractive in a main living space, but would allow me to organize toys and books without all of the traditional bright colors of toy organizers. This piece will grow with us and we're in love! It's very well made and feels very solid.",5,2,positive
en_0128428,"Perfect bows for young hair!

My youngest daughter is just getting to the point where she can wear bows. I ordered these hoping they'd work for her, and they're AWESOME! The ribbon is really high quality and the alligator clips are perfectly wrapped to both stay in place and not pull her delicate hair. She loves being able to wear bows like her big sister. Each ribbon has two bows so you can wear pigtails! She's so excited and looks adorable in them. I love these bows; if you're on the fence, do it! You won't be sorry!",5,2,positive
en_0288525,"I have not used this product yet. It arrived ...

I have not used this product yet. It arrived quickly. I am excited to use this to replace my many dead watch batteries.",4,2,positive
en_0937997,"DOA

It didn't work upon arrival",2,0,negative
en_0107864,"Comfy but stretches out too quickly

Fit perfectly out of the bag but after just a few wears, it was too loose even on the tightest hooks. Not offered in 32 so I can't get a smaller one. Bummer. Really comfortable.",3,1,neutral
en_0360584,"I like 'em!

Gloves fit well, finger tips work well on my phone and tablet, gloves are also warm enough for my daily defrosting of my car and trip to work.",5,2,positive
en_0730196,"Beautiful designs but on the smaller side

Smaller than I thought this would be.",3,1,neutral
en_0604097,"Doesn’t taste like pumpkin spice

I’m not sure what this stuff tastes like, but not pumpkin pie. It’s kind of strange. Definitely not very much spice to it. It seemed like most people liked this over the pumpkin spice, but I think I should’ve gotten that one. Pretty disappointed.",2,0,negative
en_0990375,"Poor quality.

Poor movie quality when I tried to play it on my TV kept glitching and my nieces lost interest.",2,0,negative
en_0576447,"My Mom liked these so much when I got them for her ...

My Mom liked these so much when I got them for her for Christmas last year I got them again for her! Just wish they came out with new kits!",5,2,positive
en_0692279,"Nonreturnable item

This beautiful Saint Joseph figurine arrived with the head broken off. since it is a non returning item ( I just found out) I am unable to return it.",1,0,negative
en_0009344,"Very happy!

We've been using this for about a week now and are very happy with it. It's solid enough to handle my 200+ lb husband and quiet enough that I can turn on the TV or music while I use it. I had some questions about how to use it and received an extremely timely and helpful email answering my questions.",5,2,positive
en_0776687,"Arch issues

I was so excited about this product!! I was disappointed when the product would not gotten the arch in the table nor on the ground. The plastic pipes begin to bend leaving a crease in the tubing.",2,0,negative
en_0418669,"Not very sturdy material. A heavy pie would have to go ...

Not very sturdy material. A heavy pie would have to go on the bottom, but it gets the job done.",4,2,positive
en_0480280,"Hard to operate

The screen was hard to work. You have to push real hard to operate the keyboard.",2,0,negative
en_0413865,"Taste awful

Don't use very many on your dessert because they taste terrible. Cute but wish they tasted better. Ordered these to use on a bridal shower dessert but opted not to use them because of the taste. I would not purchase again.",2,0,negative
en_0746492,"Five Stars

It is nice to have a natural alternative to all the chemicals most hot spot meds have in them.",5,2,positive
en_0069477,"Nothing Special, Just a Basic Pencil

These are just your basic pencils, no different then the ones you can find at any lottery stand which are available to fill in your ticket. I was looking for a quality pencil with a softer black lead that would write dark and clear. That’s not these.",2,0,negative
en_0909036,"Not for Vlog

Overall I like the camera. I had a few issues though. Just be clear, it's by no means a professional camera. I'd recommend vloggers get a better camera. I was embarrassed of how blurry my videos were if I had any movement at all so alot of my content I made was actually unusable for my channel. It is, however, just a good basic home video camera. It also doesn't create quality photos, so wouldn't plan for it to double as your regular camera. The tripod broke on my first use unfortunately, but love the other accessories.",4,2,positive
en_0659425,"Pieces look like remnants after cutting out the ""good

I have ordered these before and they work great. This last time the pieces were all wierd shaped as if they were just leftover pieces from the nice cutout shaped ones. They were also all stuck together. I will buy them again because it is a good product; just looks like quality control isnt working very hard. I'm hoping it was a glitch and next time they will be better.",3,1,neutral
en_0703691,"Two Stars

The curve does not cover the phone",2,0,negative
en_0330195,"Very good

It was very good. It took a while for me to figure out!",4,2,positive
en_0394267,"Cheaters

2 of them at same price and such a big difference 😮 Why I have 2 of them that’s a different story 🤮 This company shouldn’t be at Amazon at all Merry X-mas",1,0,negative
en_0771654,"Frustrating because the chime did not sync with the time.

Would never sync to the hourly chimes. Extremely frustrating and not worth the exchange.",2,0,negative
en_0409429,"Almost good...

This is super easy to install- the problem comes with maintaining a Bluetooth connection. For a while I was able to unplug and replug to make it work. Now it seems there's a short of some sort because I have to unplug, replug, and wiggle it like crazy to get it to work. Even then, I'm lucky if I get a song or two before starting the process all over again. I'm not sure how the short happened since it's stationary in a small compartment in the glove box. It's not like it's moving or even being touched by anything. Super frustrating!!",3,1,neutral
en_0452866,"beautiful package!

kinda big and long earring, cute and great quality!, loved it!",4,2,positive
en_0012565,"huge supply, but all stamped with ""Made in China""

I was impressed with the number of stickers that came in this pack for the price. However, each and every sticker contains the words ""Made in China"" - disappointing.",3,1,neutral
en_0998809,"Works great

Exactly as advertised. I installed it in my garage on the ceiling. I mostly use it to run a table saw and air compressor during projects. I have had no issues so far. It retracts well and is heavy duty enough that I Know it will handle anything I will be using it for.",5,2,positive
en_0982966,"Just okay.

Just okay. Will keep it.",3,1,neutral
en_0140100,"Easy read with interesting facts

I liked some of the facts I learned. It was an easy read. If this book was about a less scintillating topic, I would have felt it wasn't worth it. It was not a very cohesive read; more a collection of facts and stories. The saving grace is it got me thinking: would I eat human flesh?; what is really wrong with eating human flesh? I.e., What's the difference between eating humans and eating cows, chickens, pigs, sheep, etc? Long story short, it's an interesting read.",3,1,neutral
en_0952050,"Did not finish

I got 10 pages in and had to quit. I don’t like quitting books- but this book was horribly written and had so many run on sentences....I have no idea who allowed this to be published this way. Seemed more like a first draft.",1,0,negative
en_0823981,"Different flavor than Hershey's cocoa, wouldn't recommend

I was excited to try this cocoa powder but was really disappointed with the end result. I make homemade chocolates and had been using Hershey's cocoa powder, but wanted something ""healthier."" As other reviewers have noted, this powder has a less appealing flavor and doesn't taste as good as Hershey's. That said, everyone has a different palate so it might appeal to some, but I have a feeling you'll be disappointed like I was.",3,1,neutral
en_0067070,"Performs as Expected, Just Smaller than Wanted

Well constructed pan, just smaller than I wanted (my own fault). I use this to cook bacon on an outdoor grill that has a side burner. It works well for that but I can only get 6 slices of bacon on this pan. So, hardly worth the effort to use it over the round pan.",3,1,neutral
en_0226487,"Two month life span

The first two months it worked great. I had amazing pelvis and hip relief. But after that it o longer gave me support. No matter how tight I put it on or If i tried it on backward nothing worked. Not only that but around the 3rd month little plastic things started sticking out and would poke me and irritate my skin. Wish it lasted longer because it did help but I ended up having to buy another one.",2,0,negative
en_0202704,"Disappointed

This product was okay but after about 4-months the bar broke in half. I have an LG G Stylo smart phone and had to remove the protective case for the phone to fit in the grips.",3,1,neutral
en_0453158,"Comfortable but rip easily in the first day of use

I lived how they felt and that they didn’t move but after an 8 hour day at work I came home to one of them almost ripped apart and the other ripped by the toe ring. I just got these yesterday. Should have held up a lot longer than this. I would take a refund or something and gladly send these back. Can’t believe it",2,0,negative
en_0166944,"Cheaply made

The green wrap around the knife wasn't very well made I had to bend it and put it back and it just looked kind of cheap and for somebody in the army and serve their country to get something like that was kind of crappy",2,0,negative
en_0229862,"Well Made & Plenty of Storage

This shaving kit is well-made for the price point. It has several compartments for items of various sizes and shapes. I bring the typical toiletries when I travel for work and have no issues fitting everything that I need, including a beard trimmer. I was hoping for a flatter kit for packing. The shape of it is also not great for storage in a bathroom drawer, if that's where you want to keep it. But, there's no issue with the item itself. Material is flexible enough to reshape and fit in between items in a suitcase as needed. Recommended for the occasional to moderate traveler who doesn't need to leave items in the kit at home or store it in the bathroom drawer.",4,2,positive
en_0039865,"Cost

This is far too expensive. I receive bags that are marked $1 per bag and pay over $4. I enjoy them but not for the price.",2,0,negative
en_0517776,"Five Stars

loved it. Reasonable price with quality.",5,2,positive
en_0035142,"Awesome leash

I use this as a hands free leash for my service dog, and I love that I can unclasp it quickly and easily to give him more space as needed. I also love that I can tie him to a park bench or tree at the park when we’re ready to take a break from walking. The only gripe I have is that two connections are on one side of the leash while the third is on the opposite side rather than them all being on the same side of the leash. One of those connectors will be rubbing on your back if you’re using it handsfree like I do, and it can be annoying, but other than that this is the best leash I’ve found by far. It’s well made and sturdy and the connectors can be used to hold poo bags and hand sanitizer easily and they’re still large enough to easily clip the leash clips to.",5,2,positive
en_0728455,"Pretty and bright! But they are only good for light use as the design erases over time

Love, love, love the designs! Very pretty! But.... The more you wear them, the more the design erases :(",3,1,neutral
en_0135051,"Best ever

I started reading and couldn't put it down. I questioned, I wondered,I hated , I laughed, and then I cried. This book has every thing. I just love the way you put everything together. This the first love story I've read that I couldn't even eat until the end when I was so happy I cried.",4,2,positive
en_0944757,"Doesn't last too long

cat's loved it but as usual, didn't last more than two months... why can't they last longer??? I have two cats BTW. oh well they never scratch the furniture as long as I do have one around -",3,1,neutral
en_0191955,"Bolts have fallen off theee of the four chairs. ...

Bolts have fallen off theee of the four chairs. I need replacement bolts. I don’t know where to find them?",3,1,neutral
en_0723177,"If you could help me with that part would be fantastic.

I had to work with a bit before it finally started only recording when someone is talking. I have an issue, when I hooked it up to test it to my computer it would not read it. If you could help me with that part would be fantastic.",3,1,neutral
en_0438105,"keys are nice. Occasionally notice key presses not registering when wireless

Battery life is decent, keys are nice. Occasionally notice key presses not registering when wireless, this is resolved by plugging in keyboard.",4,2,positive
en_0144558,"Inexpensive, moderate quality.

It does what it is supposed to do. The lengths of the individual poles vary slightly such that the pull up bar is slightly uneven when fully assembled. I like that it is easily disassembled. If you can't use a door frame style pull up bar, this is the next best option.",3,1,neutral
en_0260489,"Beware of this seller!!

I’m giving a one star rating based on the fact that the item never came and I have emailed the seller multiple times with no response and the tracking number given doesn’t exist. Beware! Bad seller. Bad communication.",1,0,negative
en_0240022,"Nice if it wasn't scratched and damaged.

Received with scratch on top and both front corners on the top are damaged.",3,1,neutral
en_0590138,"Nice but run very small

These sport bras run very small. I have to send these back and get the medium.",4,2,positive
en_0882356,"Protective but cheap-feeling

I generally prefer Apple cases, but since they haven't seen fit to release any for the XR I decided to give this a shot. It's okay. It fits snugly on all sides and doesn't add too much bulk, but the material has a tacky, oily quality that feels unpleasant in the hand compared to the phone's glass back panel. The way light refracts through the edges of the case gives them a yellowish hue that looks kind of nasty. The inside of the case also creates strange rainbow patterns where it sticks to the phone's glass back, similar to a puddle of oil. There is also a bunch of text visible on the edges of the case that looks weird and unnecessary. Ultimately this case seems like it will do a decent job of keeping my phone safe, but I can't say I find it particularly pleasant to hold compared to a caseless phone or an Apple-made case.",3,1,neutral
en_0132393,"I really like the design of this sunglasses

I really like the design of this sunglasses...it looks very cool when i put it on...the glasses can reflects the pink color which fits girls well...it is comfortable and modern...especially i like the box of this sunglasses which is made of bamboo...very interesting and creative...i love it",5,2,positive
en_0277355,"Cute!

Really cute backpack. My daughter loves it! Good size.",5,2,positive
en_0545001,"Dose the work, but too overpriced

Should have been only couple dollars so... hope it will hold log enough to compensate for the price paid.",3,1,neutral
en_0574450,"Not the best quality toy for the price

Not the best quality toy for the price, but it is hard to find Dinosaur Train Toys. Wish they still made these products.",3,1,neutral
en_0281924,"Have not yet used, but quality product

Have not used yet, but plan to soon",2,0,negative
en_0496737,"Three Stars

Seller mentioned some water damage to pages, but failed to mention highlighting throughout the text book.",3,1,neutral
en_0444133,"very nice

very nice for my phone and my smartphone had suitable for this case.Will buy it again and my wife realy like it!",5,2,positive
en_0188803,"Overall I prefer this to my previously beloved pop socket

I've had this item on my phone for about a month and I have been very happy with it. The adhesive is strong and the elastic has held up great. I like that I can use the kickstand for portrait or landscape mode and that it allows my phone to lay flatter than my previous pop socket. Four stars because it's not quite as comfortable to hold as the pop socket and the elastic band doesn't work well for holding the phone in landscape orientation. Overall, though, I prefer this to my previously beloved pop socket.",4,2,positive
en_0560820,"Hopefully they will be more sturdy.

Products are OK based on price. Problem i that after a few uses the ink used to indicate the pressure wears away. I solved that by using sharpie to mark the normal tire pressure for my car. Next time I think I will try ordering something a bit more expensive. Hopefully they will be more sturdy.",3,1,neutral
en_0956514,"Pretty Tough, Yet Very Light

Very durable, very safe.",5,2,positive
en_0993956,"Ok

Doesn’t work well with big bottles",1,0,negative
en_0719603,"Sent different package

An entirely different set of Justice League briefs was sent.",1,0,negative
en_0550066,"Getting torn to shreds

Been in the house for a while and its getting torn to shreds... cat seems to like it. Good bargain too.",4,2,positive
en_0278769,"Poor Quality

Stopped working after 2 months.",1,0,negative
en_0835692,"Three Stars

don't know how good it is yet. it takes a while to know if it works",3,1,neutral
en_0896671,"Color is not pink

I bought these earrings as I was looking for something pink. These are not pink at all. The flowers are white and yellow. Not pink and yellow. Am disappointed. Earring as such is pretty",3,1,neutral
en_0269834,"Work better as phone stand

Could just be the cars I have put it in but holder is too close to the vent so the phone won't stay on.",4,2,positive
en_0507549,"Great shorts

A little tight in the waist",4,2,positive
en_0765975,"I greatly enjoyed these contemporary uptake on classic fairytales

I greatly enjoyed these contemporary uptake on classic fairytales. the only reason I gave them a lower rating is because I'm always looking for christian books with LOTS of faith, hope & healing. books that really keep my eyes on God & the christian life.",3,1,neutral
en_0387147,"11 months later

Initially this was a 5 star review. After 11 months of daily use, this coverlet is starting to suffer. We do have a cat who sleeps on the bed, and the top material of this coverlet catches easily on her claws and pulls as shown in the photo. We have not had this issue with other bedding (with the same cat). On the positive side, I can say both the color and size has held true through repeated washings. The cat ""claw catch"" areas have not disturbed the reverse side of the coverlet, so I can probably squeak another year of use out of this by using the flip side until it too suffers the same fate. I just wish it was a little sturdier. ******************** Color is as advertised, great for the price.",3,1,neutral
en_0029565,"Not light pink, more orange/pink

Its fine as a dispencer but is not even close to the shade of pink pictured. Even the photos on other reviews show the box as being a much prettier and lighter pink.",3,1,neutral
en_0011651,"Nice and light, both in color and flavor

Nice and light, both in color and flavor. The only thing that I wasn't thrilled with was a very, very, very slight metallic aftertaste. I also buy ""The Tao of Tea"" genmaicha and that has no unusual lingering flavors. But this is still tasty.",4,2,positive
en_0384543,"Well made and what I was looking for.

Well made and exactly what I wanted at a good price.",4,2,positive
en_0029431,"Blows away easily

The stakes don't work in sand.",1,0,negative
en_0314138,"To short

The Frame was barely long enough to sit inside the box. The plastic did not seem to have a wax coat.",3,1,neutral
en_0682173,"Print on glass doesn't last

Gave as a gift to husband, loved it but print washed off glass in first month of use. Not much point of a bar set that can't be used as a bar set.",1,0,negative
en_0880000,"Works Great

Does what I wanted it to do. Happy, Happy Joy Joy",4,2,positive
en_0265436,"quality

Great product., delivered in good time and condition. Just what I wanted.",5,2,positive
en_0610110,"not the best but they work

A little tricky installing but got it done one works great one is iffy.",3,1,neutral
en_0056975,"Just okay.

Not a lot of compression, but it does say medium support.",3,1,neutral
en_0878814,"Needs some weight

Mainly plastic, but it is very effective in what it does. Unfortunately, it's light, so it's easy to topple over",5,2,positive
en_0178390,"Need more information

First, this heat tape is designed for metal pipe. Even though it says plastic pipe, I am a little worried about plastic pipe. My worry? If the thermostat fails in the ""on"" position, the factory could not tell me how hot the heat tape would get. I am concerned that it may get hot enough to melt the plastic pipe. So, major concern. In talking to the factory, they have self-regulating tape, but it gets too hot and its twice as much. I am just looking for a heat tape that will get to about 80 degree and is 15 feet long and NOT pay a fortune for it.",3,1,neutral
en_0857804,"Perfect for patterns!

I purchased this to trace my sewing patterns and it's perfect. The weight of paper isn't too light or too heavy. It's really an awesome product for sewing.",4,2,positive
en_0600822,"NICE LOOKING BUT LOUD

I'm slowly replacing the builder grade floor registers in our home with these beautiful registers. I'll give 5 stars for the aesthetic, but 4 for the noise of air blowing. Even with the baffle open completely you can hear when the heat or air kicks on. It's not super annoying but I'm trying to get used to it in the bedroom. If you like ""white noise"" you might prefer it. Otherwise, these fit perfectly and look so much nicer.",4,2,positive
en_0653149,"the microphone is not very good. You have to hold the mic close to ...

Sound quality is adequate. However, the microphone is not very good. You have to hold the mic close to your mouth. If you let it hang naturally the person you are speaking to cannot hear you. As a bluetooth headset for listening to podcasts it is very good.",3,1,neutral
en_0581429,"Blame

They could never get me the right one. They told me it’s because lows dose not keep track of what items are sold and the replacements for them",1,0,negative
en_0625695,"Great everyday watch with some glam

Love the watch, but was disappointed it arrived with a dead battery. Just bought a new battery - too much bother to return it.",3,1,neutral
en_0071796,"PERFECT

I love it, I didnt want to spend 1.5 k on a ring and this is perfect",5,2,positive
en_0122570,"Great to add taste to smoothies and other dishes

Very pleasant taste. Great to add taste to smoothies and other dishes.",4,2,positive
en_0965041,"Great Smell - Not so great spray

I love this product but one of the bottles we received does not spray correctly and we had to throw it out. Otherwise, the smell is awesome and great for making smells disappear quickly.",3,1,neutral
en_0950251,"Adorable but tight

Full skirt. So fun! Too tight in bust, fabric does not stretch.",3,1,neutral
en_0589163,"re the bags

I like that the bags are pretty and well insulated. I do not like that the bags do not keep cracker type foods crisp. They get soggy within the day.",2,0,negative
en_0882264,"Comfortable

Very comfortable, great to wear to work and out and about!",5,2,positive
en_0085402,"Great product

Caused me to break out a bit whenever I would take this. Great product though",4,2,positive
en_0774037,"I love the style of the bag

I love the style of the bag, however I dislike the material. It seems to be a cheap (not durable) material.",2,0,negative
en_0879588,"Two Stars

The ladder gets wonky as the latches fall apart easily.",2,0,negative
en_0469564,"Purple is much better in person than pictured

I'm very happy with this bag. I was hesitant to purchase because the purple in the product picture is very saturated, but I gave it a shot based on the review photos. The purple is perfect, much better in person. The bag is small but it holds the cases for my .40 and 380, plus plenty of boxes of ammo. There's a divider in the middle compartment that keeps the ammo boxes in place. There are 4 pockets around the outside that are spacious, and there's plenty of room in one pocket to hide my extra necessities. The bag is well made and I'd highly recommend it to any person looking for color instead of a basic black bag.",5,2,positive
en_0163948,"Sound quality was great on my end but the headset picked up a ...

Sound quality was great on my end but the headset picked up a lot of background noise for anyone on the other end of the call.",2,0,negative
en_0550283,"Falling Cover Plates

Lights installed in my new addition and working great with the dimmer switch, Now I see a different light cover on the floor, will need to add a tab of clear silicon to each cover to keep it in place",3,1,neutral
en_0807679,"Out of the box defect

Bought this unit and didn't get it out of the box for 14 months. Hurricane Dorian got me nervous, so let's get it running. Start up went smoothly, followed the instructions carefully. After 10 minutes, it quit and would not stay running again. Called customer service, had me check oil level, then disconnect the oil level sensor. Ran well after that, and they are sending me a replacement part. The unit has only run an hour, and seems to provide OK power so far. I will revisit this review after replacing the part, and actually using the generator for a while.",3,1,neutral
en_0747223,"Three Stars

With use is losing is transparency :(",3,1,neutral
en_0191572,"Smashed

Item came broken and smashed.",1,0,negative
en_0439709,"Fall apart too quickly

Fall apart too quickly",1,0,negative
en_0349668,"Very Pretty!!!

A very pretty/ sturdy case at a great price!!!",5,2,positive
en_0979742,"Great!

Really great! So much better than the ones at Walmart! Will definitely buy again.",5,2,positive
en_0052211,"Recent iOS update have rendered these cables unusable

These cables were fine for several months after my initial purchase. They were high quality, well-made charging cables. But a recent iOS update from Apple several weeks ago have rendered these cables useless. Regardless of charging source, the phone will start reacting with repeated tone/vibrations signaling that it doesn't like the charge being fed to it. When I switch from a non-Smallelectric cable, the errors stop. I've tried two different Smallelectric cables with two different chargers -- same results.",2,0,negative
en_0254436,"much smaller,than portrayed......

for the money, expected bigger!!",2,0,negative
en_0278849,"I never received!

I didn't receive my order. !",1,0,negative
en_0999627,"Flimsy and coming apart

This wasn’t going to work for what I needed. Part of the weaving was even coming undone. Didn’t even open the second one. Both returned with shipping deductions. Would not order again.",2,0,negative
en_0059345,"All the pieces being there

Pieces are missing? An absolute night mare.",1,0,negative
en_0437148,"Something most of us could use . . . .

I got this for my high school grandson. He plays ball and is often at practice or away with the team. Within two days of getting it, he had accidentally let his phone battery almost die. He attached this charger and he says it worked as advertised.",5,2,positive
en_0311340,"Good watch

I bought this for my kid and it's an amazing watch for the price. Fun for them to take pictures on and has a little calculator on it. However I wish it had its own internal storage, because you have to have an sd card to take any photos.",4,2,positive
en_0922554,"Not the color advertised

The curtain I received is a rose color, not bone, which should be white...not pink. Otherwise it's a shower curtain and works like it should.",3,1,neutral
en_0444517,"Magnification on this is perfect. Compact enough to travel with yet big enough ...

Magnification on this is perfect. Compact enough to travel with yet big enough to see what I need. Also conveniently sticks to the mirror for easy handling.",5,2,positive
en_0710947,"I love this flavor, and is so hard to find in stores

I love how easy it was to order and pick the same flavor- the price is amazing IF it would have actually came in a pack of 12, however, I only got 6 packages of 6. The only reason I didn't give it 5 starts was because I got half the order for the price of the full order.",3,1,neutral
en_0058985,"Great earbuds

They fit well.. sound is good..",4,2,positive
en_0752127,"Half size smaller than labelled

These are labeled 8.5 They are at least a half size too small. I cannot wear them.",2,0,negative
en_0809709,"One Star

Kept rolled up and when opened did not work.",1,0,negative
en_0724181,"Cheap made expensive bought China wipers

Wore out pretty quick like a month",3,1,neutral
en_0034812,"Doesn't work at all.

I assume these few ""single review"" people are fake because this doesn't work. I have an 2018 11"" ipad pro. It wouldn't draw or write at all and if you tap the ipad with the pen, the ipad may react about 25% of the time. The tip also seemed too harsh for the screen, I can imagine damage over time.",1,0,negative
en_0541882,"good hold

easy to work with and mold. good lasting hold and a great smell",4,2,positive
en_0754038,"The thing I like best about this is the length

The thing I like best about this is the length. I can easily reach my phone from my bed versus a regular 3 foot cord. I tried charging on 2 different devices with this and also an apple cord. the first device was a 32gb ipod and the second is a 256gb iphone 7. I completely drained both 2 times and used the same charge box and plug, closing all apps, so I would get more accurate results. When I charged the ipod using the apple cord it took 1h 41 min to fully charge. With this cord it took 1h 24 min. So this cord was 17 minutes less. But with the phone was a big difference. This is why I gave it 3 stars instead of 4. I guess I would say 3.5, lol. When I charged my phone, the apple cord took 1 hour 19 minutes. This cord took 2 hours and 14 minutes. So it took 56 minutes longer with this cord than the apple cord. That is a really long time when you want to get a charge in. But I might buy again just because of the length.",3,1,neutral
en_0002488,"Not as advertised

There were only 3 packets of Mike and Ike's, and they were all different flavors. Lots of individually wrapped candy, but not in a snack size packaging. For example, there are several individual starbursts as opposed to being in a dual pack. Very disappointed.",2,0,negative
en_0849283,"Dead after a month

don’t buy these...poorly made, my cables were dead one after the other. and i only had them for a month...not worth it! buy the apple ones or another brand that will actually last",1,0,negative
en_0060833,"Ehh not so good

I had to eat 3 or 4 a day just for them to work. Tastes good though.",3,1,neutral
en_0459367,"With such great reviews, I was hopeful

With such great reviews, I was hopeful, but this is not a good quality DVD player. The screen looks terribly washed out, even after trying to darken and adjust contrast; the volume doesn’t go very loud, so it’s hard to hear in the kitchen (where so usually use my portable player when I’m baking); and it doesn’t save you place on the disc when it powers off, so you have to fast forward to get to your spot. Overall, this is very meh. Returning it to find something better.",2,0,negative
en_0312055,"Stability and this does not provide that. I wish I can return for a better one

Poor quality. My phone falls off as grip is poor and base is narrow",2,0,negative
en_0428912,"Three Stars

not as good as my prior computer but will do. instructions for windows update was less than sufficient",3,1,neutral
en_0125783,"Cheap made thin wheel don’t last.

Thin cheap wheels. Did not last.",1,0,negative
en_0968430,"Filter Failure

Product failure causing low rail pressure, this should not be happening with a fuel filter.",1,0,negative
en_0558361,"Received mine and used a drill to make life 1000 ...

Received mine and used a drill to make life 1000 percent easier. Took off because one of the table legs was missing and I needed to set for a particular event :-(",3,1,neutral
en_0780439,"Breaks too easily!!

If you buy one of these, be sure and get the one with the shatter proof insert. I got one with the glass insert which developed a crack after not more than a dozen uses!",1,0,negative
en_0770195,"Cheaply made

We have been using Keurig machines for years, in fact we have one that is about 6 years old. We bought one last year and it broke in a year so we needed a new one. Well this one is cheaply made, pieces literally come apart in your hands and I figure it won't make a year. I guess unless you buy top of the line you will end up with the new generation of garbage. Very disappointed in Keurig",2,0,negative
en_0233451,"Worth a read

The book has a lot of good information in it. However, it lacking information. I personally was hoping for more.",3,1,neutral
en_0349123,"I planted my sunflower seeds about 2 months ago and ...

I planted my sunflower seeds about 2 months ago and they still haven't flourished. I've been watering them daily. Nothing. False advertising!",2,0,negative
en_0928865,"Never thought a device would re-ignite my love of reading by its comfort of use.

Love this kindle! Originally I thought this would be too small to use daily but in the last 10 days I have hardly put it down and as a result I am tearing through my kindle library. Thank goodness for Amazon Prime Kindle Unlimited. This is light weight and easy on the eyes in sunshine or low light.",5,2,positive
en_0580240,"Ok product

Ok product but it move out of place way to easy needs some kind of pad strip to stop it from moving",3,1,neutral
en_0858862,"Five Stars

Nice shirt, great price!",5,2,positive
en_0793139,"Good in Theory, Okay in practice.

In theory this thing is a great idea. In practice its blinding and disorienting when trying to shoot and the glare catches your eye. Mine is mounted as high as it can go on a Mega Slam 72. I may try playing with the lights by adding a diffuser or possibly different wattage bulbs.",3,1,neutral
en_0650577,"Good probiotic

Probably a good probiotic but did not affect mood.",3,1,neutral
en_0719243,"Five Stars

Happy so far. And each mold having its own little tray is great",5,2,positive
en_0616955,"Great value for the price!

loose on my small 250cc honda rebel. but the included buckle straps are a HUGE plus to make sure it doesn't get blown off the bike in the wind! I used to need to wrap a large bungee cord around the bike in a couple spots to keep my covers from being blown off the bike, specially in storms, this one has held strong for a couple weeks now without any current signs of breaking. this is a CHEAP cover however, don't hold high expectations for longevity of the cover. it's not super thick and will break if continued to be used as I am currently using it!",4,2,positive
en_0606993,"Good!

The top is removable which i dislike but all together a great piece !",4,2,positive
en_0491754,"Worth it.

The print is amazing but when I went to hang it up the fabric tore just a little bit, not noticeable. Worth it.",3,1,neutral
en_0218114,"good quality dog food

This food is high quality and agrees with our dog.",5,2,positive
en_0452338,"Can't use fingerprint scanner with this case

I like the case with one exception...I can't use my fingerprint scanner to sign into apps with this case on my phone.",3,1,neutral
en_0888698,"Seems the 5% spandex makes a big difference.

I had been purchasing 34"" x 30"" wrangler jeans. I was finding them recently fitting snug around the waist. So I opted for a 35"" waist to give me a little extra room. I didn't think the 5% spandex in the jean would make that much difference. I was wrong. Now I find it hard to keep these jeans up. I never wore belts before, but I guess I will have to purchase one now. Otherwise I find these jeans to be quite nice.",3,1,neutral
en_0639739,"Poor quality, very warm sheets

Started fraying after a few washes. They might be cotton but found them way too hot for anything but winter due to the way they cling to your body. Not percale-style so I do not advise for warm climates.",3,1,neutral
en_0014142,"Labels are such a hassle!

I think this organizer will be very useful for me but it's going to take me a long time to peel off the labels and remove glue residue. The picture shows the item with no labels that's the way it should come or at least the label should be easily peelable, this one is not.... what a waste of time to have to be doing this when you need it right away.",3,1,neutral
en_0893699,"Disc zone is not compatible for Europe.

I know the video is superb and would like to give it a five star rating, but I live in Norway, and the disc is locked for the US - hence the 1 star for the ""wrong"" disc. Kinda big problem really. Would wish for a refund, or perhaps (and even better), a disc that is set for Europe. But I know I am way too late for this. I torn my ACL the day before I recieved the disc and therefor didn't open it until today. Sadly. What a dissapointment.",1,0,negative
en_0336454,"Works for every Boss pedal I have

Works on my Boss pedals",5,2,positive
en_0338271,"Three Stars

It fit my baby a bit large because they are wide",3,1,neutral
en_0003894,"Damaged Box

Puzzle came in envelope and was smashed. I will love the puzzle but the box is damaged. Amazon should send boxed cardboard items in sturdier packaging",1,0,negative
en_0885884,"airbrush cleaning kit

Good quality cleaning kit for airbrushes. Has everything needed to effectively clean airbrushes.",5,2,positive
en_0752663,"Not really good enough, even for the price.

These things work, Kind of. They really don’t meet the standard for call quality, sound quality, range, or ease of set up. They re comfortable, but don’t operate to the typical users satisfaction. If given a 2nd chance, I would choose differently.",3,1,neutral
en_0298089,"It works.

It works. It's a soldering iron. It solders, that's what you want it to do.",4,2,positive
en_0458848,"READ

The time it saves you, you have to spend bending the metal back into place",2,0,negative
en_0318550,"bubbled after application

What a let down, lasted one day.",1,0,negative
en_0550509,"Surprisingly good

This is our first Vacuum and we are very happy with it’s overall quality. My wife and I are the kind of people obssessed with cleanliness and keep thing hygienic, this machine can is able to do a great job that we are very satisfied! We don’t have to use a mop anymore. I like the headlight it’s very useful when reaching out to a corner place. The only downside is that the vacuum is a little loud, not sure how this is compared to other brand since it’s our first one.",5,2,positive
en_0245631,"Super comfortable

Took it on vacation--held my wallet, sunglasses, jacket, snacks, and water.",5,2,positive
en_0515494,"Great book

I am happy to buy this book. The writer well clarification and ingenious data share in this book. I discovered this book bunches of instruments and how it use. I supposes this is a best reasonable manual for Wicca.",4,2,positive
en_0019148,"Don't bother buying

This is the third attempt at growing this and the plant comes up to about an inch and a half and dies. it is watered carefully so it doesn't wash it away. I am not sure what is wrong, it appears that the growing medium is too loose to hold the plants.",2,0,negative
en_0957130,"Never received this item

Never received this item",1,0,negative
en_0370855,"Nice fan pull. Pinecone design really cute!

I like the look of this fan pull. I had to add another beaded extension because I needed to reach it easier. It's a nice design.",5,2,positive
en_0236525,"Great shampoo; packaged for shipment poorly

I like this shampoo, but gave it only 3 stars because the shampoo arrived with a loose top and product leaking into the box. The shampoo was not wrapped in plastic like most other liquid products are from Amazon.",3,1,neutral
en_0925495,"Fit is Fantastic

I need to wear these stockings after a surgery. The pair I received in the hospital were so uncomfortable at the top of the thigh. This design is amazingly comfortable and you can see that the insert/panel (the seam at the top to allow for the panel insert) is the difference between the 'regular' type and this comfortable type. I ordered two more pair the minute I put these on.",5,2,positive
en_0469748,"Saves using multiple chords when you are charging different devises!

This is a good product for charging electronics, but when I went to plug my phone in, the plug would reach the receptacle of the phone! I have a phone cover(protector) and the crimp holder on the plug is so big it won't allow the plug to reach th receptacle. It works fine if I take my cover off, (which is a pain!) and leave my phone unprotected. It's not flat but round and prevents the plug from extending into the phone. Other than that, it does a great job and cuts down on using multiple chords for charging.",3,1,neutral
en_0251264,"But I like the design

It was bigger than the size indicates. But I like the design.",4,2,positive
en_0628972,"Four Stars

The colors are so pretty! Love it!",4,2,positive
en_0929750,"Better size options would be gr8

My hair is about two feet long and I have a pretty big head. A couple of the reviews on here sounded promising that the towel would be able to hold all my hair. Unfortunately, it does not. About 6 inches still hangs out (and even then that's not covering the roots of my hair very well). HOWEVER, it dries my hair REALLY well. Like so well, that the hair that doesn't fit in the towel doesn't bother me once I take all my hair out of the towel. I've only used it twice now, so I can't yet comment on if it is keeping my hair strong, but so far my hair doesn't feel worse. If they ever sell a normal size of this towel I'll definitely buy it.",4,2,positive
en_0580121,"It's ok, however the battery dies after about 4 ...

It's ok, however the battery dies after about 4 hours of wear. I should have figured that a ""refurbished"" model would have issues, but next time I'll just buy new.",2,0,negative
en_0580791,"BLK/yellow tie-dye odd pants

Eh, these are odd. Very, very long and very high waist. I wear them to bed and around the house, they were too cheap to return.",3,1,neutral
en_0055927,"Works just as described. We use a string of ...

Works just as described. We use a string of lights across our bed's headboard at nighttime and it was always a pain having to plug/unplug them everyday. Randomly got an idea in my head to look for something that provided and on/off switch and came across this product.",5,2,positive
en_0364707,"Awesome protein powder

Tastes great and blends well",5,2,positive
en_0092790,"Four Stars

Not quite as sturdy as I hoped, but other features are nice",4,2,positive
en_0892064,"A lot of information

The first 80 pages or so of the book were trying to convince an organization to HAVE a security plan (although anyone buying this book already sees the need). The second half of the book really had some helpful ideas in how to disarm a threat bare-handed, etc.",3,1,neutral
en_0301790,"Over priced fluff

Thin, paltry and a huge let down. Should have cost about $15.",1,0,negative
en_0781956,"Blades are soft foam. This does not throw as ...

Blades are soft foam. This does not throw as much air as similarly sized ones with hard plastic blades. Also take note it is ""assorted colors"" not the image shown, we ended up with 2 orders and received hot pink both times.",3,1,neutral
en_0104530,"A little short for my liking

I ordered this in navy, and the color is as pretty as I expected. It is made of a lightweight, stretchy material, so it fits a little snuggly around the chest and arms. I like the way it flares out without looking like a maternity dress. However, it is a little too short for my liking. It is just at my fingertips when my arms are down at my sides. I almost sent it back for this reason, but decided to just wear it with thicker leggings. It will look nice with a scarf or a long pendant necklace.",3,1,neutral
en_0117021,"Just ok

Where is the adhesive on these sliders??. We used them but think they could have been made better.",3,1,neutral
en_0409792,"These were really a waste of money

These were really a waste of money...they don't stay put or they get buried way deep between the cusion and the back or arm.",2,0,negative
en_0625882,"Meh...

Bought it when I purchased my steamer. Scent was very minimal. Won't purchase again. Changed to distilled water. It's a lot cheaper & goes a lot farther.",3,1,neutral
en_0600575,"AWESOME CUTTING BOARD AND QUALITY!!!!

This cutting board is better than expected. It is the perfect size for all my needs and definitely of great quality. It is a hard wood and easy to clean.I love it and would definitely recommend to anyone in the market of purchasing cutting boards.",5,2,positive
en_0571207,"They cause skin burns.

Stay away from these. Within two minutes of putting them my upper cheek began to burn, there was no way I could leave it on for 15 minutes. 24 hours later and my skin is still red, raw and bumpy. I can’t even put on my field moisturizer bc it burns. The skin right under my eye is very sore to the touch right now. Will not be using these ever again.",1,0,negative
en_0846972,"The,Teacher's Bride

A.nice collection of stories. All.of the women were desperate to leave their current unpleasant circumstances and start over in a bare,place. None expected to find love with their new,husbands. Luckily all the men were not only kind but readily forgave the,mail order brides for not being completely honest in the beginning. I would give it 4 stars as the end results were so predictable.",4,2,positive
en_0229671,"Not what I ordered.

I ordered a Tech 21 clear case for my phone and received some sort of tempered glass piece.",1,0,negative
en_0909855,"Too sweet

I knew this would take some getting used to but instead of tasting more like mint, this just tastes like sweetener. The tablets do not foam up at all so it’s like brushing your teeth with sugar water.",2,0,negative
en_0242056,"Not for beginners or ANYONE else

Too thick and sticky. Slip solution doesn’t work to mold gel. Product is messy and just overall not worth the hassle",1,0,negative
en_0875290,"Not well made.

The idea behind this apparatus is good and the design is ok. However, the execution is poor. It leaked right away. Gaskets are too large to be effective, the internal pipe nipple is not properly threaded and is too long. I made a trip to the hardware store store and upgraded the parts thus making it leak free and functional. Installing requires beating the shaft into the ground resulting in the destruction of the plastic insert in the top of that shaft. I would not recommend this product in it’s current form.",2,0,negative
en_0208678,"Cheaply made !!!

Kind of disappointed !!",2,0,negative
en_0977094,"Does it’s job.

My only complaints are the tops are hard to open most of the time. I’ve broken numerous nails. Also,it’s pretty large and bulky looking. Kind of an eye sore to have on a nightstand or on counter.",2,0,negative
en_0984474,"Order extra

Came in a set of 2 decals. Looks to be good quality but there is small red scratching bleeding through on one of the 2 decals.",2,0,negative
en_0504428,"Great accessories

Came with a whole set of mounts for different activities!",4,2,positive
en_0757094,"stinky

Extremely strong chemical (insecticide?) smell upon arrival. Made the whole house smell. Washed it and hung it on line to dry and I could smell it 30 feet away. Have washed it two more times and while the smell is decreased, I still can't stand the smell. Contacted seller and they are going to send me a detergent to try. They also offered to take it back. While the price seemed good, it won't be if it has ruined my washing machine as others mentioned. I wanted it for my cat to sleep on but may have to send it back. My guess is any blanket like this made in India will have been treated with insecticide to allow it to be imported to USA.",3,1,neutral
en_0293543,"Excellent first teether

Excellent first teether! Very easy to grip and the top part is just the right size for a small mouth.",5,2,positive
en_0675804,"Disappointing

Unfortunately, it arrived damaged. It was to be used on a camping trip this weekend. Now I have to drive over an hour one way to a UPS store to return it. Hopefully when the replacement arrives I can provide a good review. So disappointed.",1,0,negative
en_0065577,"Great quality

Much better than original housing!",5,2,positive
en_0865098,"Need to go higher grade

Got this one thinking it would grab carpet with the pointed tips underneath but nope! Need higher quality, darn it.",3,1,neutral
en_0031140,"Inaccurate range

Definitely does not have a 150 miles range. Maybe 50 miles at best.",3,1,neutral
en_0904968,"I would not buy

Not happy with the tubing or the pieces. I went with an off brand and it was a much higher quality.",1,0,negative
en_0593694,"Waste of money

Definitely not what I thought I was getting. It does not cover as much as the pictures show (and I have a short torso), it rolls down, and didn't smooth or flatten anything. Instead it made me look round and pregnant. I ordered a 3X and you can tell they are made for smaller people, not truly for bigger girls that have a little more to smooth out. Very disappointed.",1,0,negative
en_0526081,"Not what I expected

I ordered these with the outlook that they did not have a hole and thought they wouldn’t hold water. My daughters other bath toys that spray water have in time not always been emptied after each bath, and started to seem internally discolored so I decided to find something that may not eventually have that problem. They are really cute toys but after one bath they already have a lot of water in them and are very hard to empty or remove the water. The suctioning on the bag doesn’t hold up well for me and I’ve tried it on different surfaces. May look for some other clips.",2,0,negative
en_0158105,"Traps mildew

I was really excited about this bottle since it doesn’t contain any plastic. It works to hold water and seals well, however, the main problem for me is that it traps mildew very easily and makes it smell bad. I’ve had several other Kleen Kanteen bottles that don’t do this. I really wanted to like this bottle but due to the mildew smell (and I wash it regularly) it makes me not want to use it.",3,1,neutral
en_0269286,"Broken

Broken but would be cool",3,1,neutral
en_0413901,"Good remote sleeve

I initially bought this sleeve to keep the back on my Firestick remote. After being dropped a couple of times, the little tab that keeps the back locked in place, snapped off, so the back cover would occasionally slip off. This sleeve not only solved that problem, but also provided a little more protection from future falls. It’s a little tricky getting it on, but I found that if you put it on from the bottom, through the opening in the front, then carefully stretch the top part over the top of the remote, it goes on easily.",4,2,positive
en_0335311,"Too many pieces and it is cumbersome.

This product has a lot of pieces to try to figure out how they go and I found I preferred using my smaller one for this. It is well-made but would not buy it again.",3,1,neutral
en_0314058,"I just....can't

These are often recommended for those on the keto diet. I was doing lower carb, but not necessarily keto, and these bars were recommended to me. The flavor is fairly accurate for maple donut, but I find the texture to be unappetizing. They are dry, chewy and everything I hate about nutrition bars. The sweetener doesn't bother me as much as others, but the texture makes it very unappetizing. Not for me, but if you do enjoy these, they are great for keto/low carb dieters.",3,1,neutral
en_0730930,"Small in diameter

Pretty but I couldn't get the center bracket installed and the rod sags. Wish I had paid more attention to the diameter of the rod.",3,1,neutral
en_0370116,"Great series, wrong style of paperback...

It was all 14 of the books, but they were the mass market paperbacks and not the 6x9 paperbacks that were pictured. I was disappointed in that but it is what it is.",3,1,neutral
en_0170821,"Terrible

My cats usually love this product when bought from chewy. They would not eat this product. I had to throw it out. Awful",1,0,negative
en_0549458,"Three Stars

I have to use it sparingly or it made my face break out if i used it every day",3,1,neutral
en_0025343,"Cool & groovy!

Very cool. Glows in dark as long in bright light for 4-6 hours. Glow lasts a few hours. Since it’s plastic, tone is ok. Great for beach & camping. Bridge a bit high, making it a bit difficult to depress strings. Not sure if it can be altered as other saddles can be.",4,2,positive
en_0800705,"One Star

charged it and it would not work",1,0,negative
en_0138688,"Three Stars

Really good but price too high",3,1,neutral
en_0074078,"Quality

I like keeping up on the news",4,2,positive
en_0634167,"Very flimsy

My dog managed to rip a hole in the mesh in less than 8 hours after installing it. It's pretty flimsy but looked nice enough.",1,0,negative
en_0105139,"Read the description!!!!!!

It's soft and very comfortable. I didn't read the description well enough to see there is glitter on the shirt and it's a printed graphic not actual lace.",4,2,positive
en_0848384,"Size

Much smaller than I expected",2,0,negative
en_0092995,"Really wanted to like this

But the top offers no coverage and the cups in it, even when adjusted, look just damn weird. No support whatsoever. Bottoms are great, kept the suit hoping to pair the bottoms with something else (haven’t found anything yet, as the color is quite different and bold) Figure I could wear the top as a tank top with a bra. Disappointing",2,0,negative
en_0262716,"Never got the product

It said it was one-day delivery with amazon prime, showed as delivered but never got the product, very disappointed :(",1,0,negative
en_0520747,"It's alright

The area right off the waste band when worn makes it look puffy.",3,1,neutral
en_0940084,"No battery in shipping. Please fix ASAP.

I’m sure this is a good item, but given it was shipped WITHOUT A BATTERY, I cannot use it. Paid almost $200 in shipping fees to Hong Kong. No mention of the item not including a battery. First time bad experience with Amazon. Can a battery please be shipped to me ASAP otherwise I will need to return the item.",1,0,negative
en_0360323,"Fun game but.....

Really enjoy playing, but game cuts out constantly. Because of that, I would never consider buying or spending any money on it, free version only",3,1,neutral
en_0493636,"Just so so

Don't want to stay lit.",2,0,negative
en_0119396,"DO NOT BUY! I bought it and could not ...

DO NOT BUY! I bought it and could not get it to work properly. Attempted to return within 1 day of receiving it and find this is a non-return/non-refundable item. NON-Refundable items should very clearly marked!!!!!!!!!!",1,0,negative
en_0293714,"Affordable with a catch

The hair feels soft, it feels natural, but it falls off and it doesn't part, it's limited to the part created on the wig.",3,1,neutral
en_0947753,"I wouldn't know, I never got it

This was never delivered to me. I have re-ordered",3,1,neutral
en_0520370,"great energy boosters that don't make you crash

These one a days are good so far. I can tell a difference in my energy and memory already!",4,2,positive
en_0664092,"1/2 Good

Have yet gotten to use it... it comes in a pack of two. One of the tempered glass was already cracked when I opened the package",2,0,negative
en_0017177,"Simply cool/great conversation starter!

A MUST if you are invested into crypto. Clean design! Many people ask me about it when they see it in my office. If you want to get more people into crypto currency this is the perfect way to do it!",5,2,positive
en_0582291,"Would recommend!

I love these bags. The fact they lay flat is nice for larger storage. I'm stocking up for when I go back to work so I'll take several and put them in gallon freezer bags for extra protection.",4,2,positive
en_0436302,"Just didn't work for my animals

It just didn't work for my dogs and cat. They just. The product did exactly what it was supposed to. The return process was very easy as well. I wouldn't buy this product again but I would buy from this seller.",2,0,negative
en_0394709,"Quality

I always support small business. Good product. Keep it up.",5,2,positive
en_0868074,"Amateur Hour

The clue should have been in the authors bio...romance writer. Beyond simplistic story and dialogue. Just skip this. Trust me.",2,0,negative
en_0450842,"Better than most Hollywood remakes

Not as good as the original (I’m an 80s kid) however it does give it a modern twist. Bought it for the nostalgia factor and it didn’t disappoint.",3,1,neutral
en_0518051,"Immediate help to heal quad strain

Sizing chart made sure I got the proper fit Relief was instantaneous and greatly helped the healing process",5,2,positive
en_0690361,"Magnet doesn't stick to phone

Didn't even try this I got to gym put the piece on the back of my phone and pressed soon as I put the bigger magnet on phone to attach to gym bar the slim magnet came off and has 0 stickiness even with 2 this was a fail... gonna have to buy better or glue to fix this",2,0,negative
en_0736244,"Nice quality, but WAY smaller than expected

This would be a 5 star review if the XL that I ordered didn't fit like an undersized Large. That's even BEFORE washing.",3,1,neutral
en_0027405,"Sandals

I liked the cushion sole",5,2,positive
en_0327821,"Stylish & comfortable.

Wife loved it. Nice muted colors and it seemed well constructed.",4,2,positive
en_0301633,"Fits awkward. Only buy if you're short and petite.

The top was a bit tight and I'm a 36 B. I got a medium. I prob would still wear top but underboob is inevitable since the straps are not adjustable. Otherwise the top was cute. Bottoms fit weird and where the strappy parts are on each side the inner lining (tan/white material) showed no matter what and looked super odd. Not cute at all. Maybe I am just too wide for them. I have a 26"" waist. Def for SHORT PETITE people.",2,0,negative
en_0189993,"disappointed

This LED is great just like their old ones except for a VERY slimy move they decided to pull on all their new LEDS. If you want to actually have more control over the newer lights compared to the old ones for example changing how long you want daylight to run compared to ramp up etc. You have to buy a VERY overpriced bluetooth controller to open up functions that were included in all their older light models. This honestly to me is a VERY slimy move and makes sure I will never buy another led from them again.",1,0,negative
en_0067528,"I bought this for my MacBook Pro. I used ...

I bought this for my MacBook Pro. I used a lot flash drive from PC to Mac. This one helps me to transfer data. I leave it with my MacBook Pro. It looks very stable there",5,2,positive
en_0601575,"Best slippers I have ever had

Durable, warm and comfortable. The only slippers we use in our family.",5,2,positive
en_0735826,"breaks before first use

Junk. The device came apart the first time I disconnected it from the USB cable. It is beyond repair. DO NOT BUY.",1,0,negative
en_0638055,"Would not recommend!!!

We haven’t been able to get it to work since the moment we unboxed it. We tried different batteries, closing it in a dark closet, it wouldn’t cut on. My mother in law finally found the box that it came in but now The return window has closed. I will also add that the product is misleading. It says that it’s waterproof but when reading the instructions, it says not to let water get to it. What’s the point in an outdoor light that can’t withstand the weather? Im now stuck with a product that doesn’t work and $20 down the toilet",1,0,negative
en_0977131,"Cute, but not practical

This is the cutest bird feeder I own. However, I'm not sure what it is good for. Most sunflower seeds slip right through the mesh, so most fall on the ground. I suppose you could rig up something that would hang under it so that what spills out would be caught. Of course, there are many birds that will find the spillage on the ground and consume it, so all is not lost. It seems to be well made and since I love ladybug beetles, I find it charming. You can spot it across the yard.",3,1,neutral
en_0135207,"Good Robust Flavor

Excellent flavor -- definitely NOT the watery tasting stuff of most decaffeinated coffee. Also -- per ounce, the cost is very reasonable.",4,2,positive
en_0339732,"Two Stars

Looked cheap, had a hard time using side buttons. Returned it.",2,0,negative
en_0891732,"great for a child

Too small... great for a child though",1,0,negative
en_0017418,"Nice backpack!

Nice backpack!!! Picture is deceiving though, i thought i came with a hydration water bladder as shown in the picture but it didnt. Just a water bottle. This backpack would be perfect of it did come with a water bladder.",3,1,neutral
en_0060824,"Super thick and Super Versatile

This wig comes nicely packaged with a wig cap and is super thick; which is crazy considering the price. Such a great deal since it can easily be styled for just about any Harley look.",5,2,positive
en_0939503,"I had a unexplainable problem with this product

I have been making beeswax wraps for a couple of years now. I ordered this beeswax awhile ago, but it was too hot to make the wraps. Finally we got to making them this morning. It did not work! No matter what we tried it will not cling, it never happened with other beeswax of a couple of different brands that I had. We checked the formula, adjusted the temperature and nothing worked. We came to the conclusion that it must be the beeswax that is a problem, I have 4 unopened bags left land I would like to return them. I ordered my regular brand, too bad we lost so much time I have to fill the orders due Monday. Too bad :(",1,0,negative
en_0177708,"I think it's ok.

I think it's ok. unfortunately I had check engine up again. but I did replace sensor and valve both times",3,1,neutral
en_0904131,"Great. Cheap. Efficient.

It's a plain and simple baseball. Works well with my 31"" bat for any newbies out there. Great for practice. However, the ball gets dirty easily with any terrain that's not a baseball field. Should be fine for any type of player.",4,2,positive
en_0575205,"Good value but the brand is essential. the oils aren’t probably essential oils

I don’t think these are essential oils. Some of them smell good and others smell like bathroom spray. The lotus and peony smells really good.",3,1,neutral
en_0947777,"?

Can't remember why I bought this item but I never sent it back so I must have used it",5,2,positive
en_0382643,"Four Stars

It works pretty well but is not as comfortable to use as I thought it would be.",4,2,positive
en_0603565,"Looks old and scratched.

It does the job it is suppose to do, however it did not arrive looking new and decent.",1,0,negative
en_0221239,"As expected.

Typical of such products and good price.",5,2,positive
en_0094843,"Good price but stopped working after a month

Great price for all that you get. Had an issue with my order but the company replaced it very quickly. Works good. UPDATE the replacement has now stopped working , the replacement worked great for the first month or so then completely stopped working too. i went to use the car charger and it didn't work at all . i would not buy from this company again",1,0,negative
en_0284868,"Awesome quality

Took it to the beach and it did very well in protecting my phone. I will be buying in other colors.",5,2,positive
en_0779938,"It's an awesome bed

Looks just like his picture this bed is awesome it took me about an hour to put together",4,2,positive
en_0227180,"Does NOT include state tax option in this deluxe version.

Was expecting it to have State Taxes included since all the other ""deluxe"" versions have state taxes included. I'd have selected a different version if I had realized because to purchase the state form option from within the program cost $39.95 - which, when combined with the cost of this program, would be a lot cheaper to buy as the deluxe version that already includes state. If you don't have to file state returns, your fine purchasing this version. If you need a state form too - don't buy this program and look for another version that includes the state return option.",3,1,neutral
en_0425052,"my wife loved hers.

When I was tighten mine it broke, my wife loved hers.",2,0,negative
en_0291592,"Not Recommended

The straps loosened after a single walk and did not stay secure. The product is poorly made. I had to return the product.",1,0,negative
en_0118098,"Not always cool

Cools you down, but then heats you up. Wish there was a way it was softer and didn’t have to put under the sheet so I could just throw it away once I’ve cooled down.",1,0,negative
en_0860368,"Exactly as shown

I wish the card slots opened on opposing ends of the wallet, once it's full of the extra leather and stitching builds up and the wallet becomes lopsided. This is a minor issue though.",4,2,positive
en_0190227,"... a lot and than take a average not the best

need to use a lot and than take a average not the best",3,1,neutral
en_0419373,"Too flimsy

While this stand has many attractive & useful features, it is too flimsy to hold any substantial or heavy music folder or book. I am 5'6"" & I stand when I practice. Fully extended, it is too short for me.",2,0,negative
en_0462628,"Already broken. Buy a different product!

Both of these are already off the two phones we bought them for. These are terrible! I would not spend the money on this product again.We ended up buying a different product that works a lot better!",1,0,negative
en_0737255,"Five Stars

Quality product. I use it to store my Kindle Fire. Bought one for my husband too!",5,2,positive
en_0248467,"One Star

I never received my item !!!",1,0,negative
en_0364524,"Does not hold well if put under pressure

The hold is honestly not that strong at all. It is flexible but does not hold very well, especially if put over 30 degree pressure",2,0,negative
en_0109006,"Meh

It's pretty narrow, good for cherry shrimps I guess. An Amano shrimp would not fit.",2,0,negative
en_0104773,"Awesome.

I like it. Thank you.",5,2,positive
en_0493527,"I’m happy with the other two

The longest one came somewhat damaged seems loose at the end. I’m happy with the other two",3,1,neutral
en_0033281,"Good fit, Good Feel.

So far so good, the pad really is very silky to touch and smooth enough that it doesn't hang up the mouse, and is the right size for the desk.",5,2,positive
en_0758923,"Four Stars

AS EXPECTED. THANK YOU",4,2,positive
en_0748460,"Space to Closet

This hanging organiser is nice and sturdy. It adds so much space and accessibility to my closet! I can see everything and this is so much easier than having drawers to store my clothes.",4,2,positive
en_0643547,"Pretty good.

Worked well for my athletes foot. Kind of messy. I think it would be better if it was a spray or a cream.",4,2,positive
en_0013893,"Perfect fairy play date

Gift for 4 year old... she loves them and wears them every day!",5,2,positive
en_0617989,"Not stable

Too wide and long for my desk. Not comfortable. Constantly moving.",1,0,negative
en_0977835,"RETURNED

MY WIFE RETURNED THIS ITEM BECAUSE IT WAS TOO BIG AND UNCOMFORTABLE ON HER ARM.",3,1,neutral
en_0662359,"Very high content. Could be harmful to some.

Very high content. Could be harmful to some.",2,0,negative
en_0508058,"Travel size clippers a waste, but the main clippers are great

THe travel clippers don’t do much... there isn’t enough power. But the main clippers are great",4,2,positive
en_0987499,"Good price for a decent piece of equipment.

FIt as it should have and makes the window go up and down. However it is a bit slower than the OEM.",4,2,positive
en_0062202,"These work great to clean the inside of bombillas para mate.

Brushes work as depicted and advertised by the seller.",5,2,positive
en_0825581,"Not Impressed

I have gotten 3 shipments so far and I'm not impressed at all. My grandson is 3 and I have the 3-4 year old subscription. He is extremely bright, but the toys I am being sent are way too advanced for his age or so utterly boring they aren't worth it at all. I'll give it a month or two longer, but if the items I am sent do not improved I'll cancel it for sure.",3,1,neutral
en_0468315,"What

A lot small, maybe fit a woman or a teenager, not a grown man",3,1,neutral
en_0362196,"Do not go for used option

Tool was abused and broken, not ""used""",1,0,negative
en_0531639,"Material is great and looks super cute

Material is great and looks super cute. If you have large breasts, they will fall out just a lil bit.",4,2,positive
en_0473736,"cool idea though

The back doesn't stay stuck to the device, cool idea though...",3,1,neutral
en_0406948,"Mixed Feelings... like it, but I don't...

I LOVED the height and that there were already lights and that it was narrow. It fit great in my small living room, but fluffing it was a huge struggle because the built-in lights were on green wires that seemed to be all tangled in the branches. It comes apart in 3 big pieces, which is way better than having to remove every branch. We're just keeping it set up in our storage room in the off-season. Reviews and photos made it appear much fuller than it actually ended up being. Maybe next year I'll wrap some pine garland or picks through it or something... Also the light options are fun - white OR color OR both, etc... then several transition/flicker options (had to hide that from the toddler). Putting a vintage looking star on the top made of lightweight metal stuff was a struggle because the top little pine branch was flimsy and you basically have to put it onto the main pipe that runs up the center... which was larger than the opening for my star (bummer) - I forced it on, but it was generally crooked). So all in all I have mixed feelings, but I'm gonna make it work cuz of the height and how narrow and lovely the lights are when on (VERY BRIGHT!)",3,1,neutral
en_0321375,"Broke after 6 weeks

The mount did not line up with the holes in my rack, so with the undo stress on the mount it split horizontally and the light went bouncing down the road (fortunately it survived). Obviously, the mounting hole patterns are not standardized. I ride 100+ miles a week, and have been in single digit temperatures, so that didn't help it either. I ordered another one, and will shave down the mounting post that doesn't fit in the hole of my rack. The light clips to the mount perfectly, as you would expect. Hope this helps.",3,1,neutral
en_0020019,"Great to keep you cool

Vacation must have if going to a warm location and you will be out walking in the heat!",5,2,positive
en_0552098,"Make sure u pay attention to colors

I hate it bc I thought it said brown/black and it's just brown and I HATE IT",1,0,negative
en_0927475,"You don't need it

A nice little gadget, but the divice comes with a protective cover. You can save yourself the expense of buying this cover.",2,0,negative
en_0696649,"Very hard to remove the key

Very hard to remove the key",2,0,negative
en_0545985,"Did not melt the wax

These bulbs were not able to melt the wax in my wax warmer.",2,0,negative
en_0076473,"Great product for gardening!

Would have been a better neck knife but for gardening super!",4,2,positive
en_0121603,"A dependable quick start flame source!!

Appears to have a nice long flame & starts easily with a constant-on feature!!!!! Has many additional uses --i.e. lighting candles,torches,minor welding,fire starting or anywhere a dependable & hot flame are needed.",4,2,positive
en_0210538,"My cats are picky and these didn’t tempt them

They are what they said it was, but my cats didn’t take to them.",3,1,neutral
en_0118799,"Fast moving fun

This is a blast! Something to do other than going out to eat",5,2,positive
en_0899436,"Two Stars

Poorly packaged box crushed on arrival",2,0,negative
en_0229919,"Simple, Good Little Heater

Nothing special. No heat control. There is a safety feature (turns off when it's knocked over). However, beware that the screen does get very hot to the touch. I keep this under my desk at work and it works just fine. Not overly warm, but does the trick. This is definitely a one-person heater. Don't expect this to warm up a room.",3,1,neutral
en_0587511,"Doesn't fit to screen on the lg v35 thinq

Dislike The Fact That This Screen Protector Doesn't Cover The Full Screen Of My Lg V35 Thinq.",2,0,negative
en_0458285,"Skip it

Gross little bladder bags. The kids refused to use them and I felt a bit embarrassed using it on our cruise.",1,0,negative
en_0239897,"Just the right amount of sound in my opinion.

I think for the budget conscious buyer this product is perfect. It gives my Jeep just enough growl and it isn't over the top loud. It doesn't drone at speed and it's not obnoxiously loud on the high RPMs. The install was very easy. Follow the instructions and it's no problem. Its 3 clamps and 2 hangers. If it's an older Jeep it may be a little hard but I have a fairly new one and it come off pretty easy. Spray some lubricant let set for a few and I had no trouble.",5,2,positive
en_0633685,"Five Stars

It was exactly what they said it would be!",5,2,positive
en_0312662,"It's not gonna be waterproof this one. But it will serve the purpose of protection

It seemed alittle cheaply made but it worked. Like it wouldn't close all the way into the phone so no way it would withstand water but it was a good product for the most part.",3,1,neutral
en_0872030,"Isn’t working for me so far.

I’ve been applying this gel to a small keloid scar for about 3 weeks and do not see a difference so far, but perhaps it takes a long time.",1,0,negative
en_0404122,"Mystery comes to a small town.

Frank Harper is at the end of his career in law enforcement. He just wants to make peace with his daughter and meet his grandchild. But when two small girls are kidnapped Frank struggles to stay out of the investigation. Interesting characters and plot twists and turns. Could have been a bit shorter as some repetitive descriptions and information. Would read another in the series.",4,2,positive
en_0043955,"Two Stars

Only buy if you like your food to stick",2,0,negative
en_0272215,"Don't spill anything on it.

Works, but it shrunk after I washed it. So now, it's a few inches too short and is clearly stretched. If I wasn't supposed to wash it, I didn't know, but I had to as the material had a strong smell.",3,1,neutral
en_0055966,"Great value in the long run

I highly recommend these for my Arlo cameras. They work much better than the rechargeable batteries. Save your money on the rechargeable ones and buy the brand name ones. You actually save money in the long run.",5,2,positive
en_0329032,"Simple, low profile and inexpensive. Holds more knives ...

Simple, low profile and inexpensive. Holds more knives than you’d expect. Only thing I’d say is since it’s made of plastic. Use screws with larger heads than the ones provided. Otherwise it seems flimsy on the wall",4,2,positive
en_0278206,"This test was AWESOME! Easy to use

This test was AWESOME! Easy to use, Definitely worth the money. It was so cool to see them moving and a peace of mind to know my husband has a 6 million+ count. Will definitely recommend!",5,2,positive
en_0729154,"Great product

Does what it is supposed to do very happy with this product great price will be buying two more another one for the other side of stove and one for my work shop stove thanks for a great product",5,2,positive
en_0000112,"Two Stars

Gets moldy and discolored within 6 months.",2,0,negative
en_0459475,"Three Stars

Not what I was expecting. Missing the experiment sheet.",3,1,neutral
en_0939825,"I like the style However after I washed it it was ...

I like the style However after I washed it it was very washed out looking and lost 30 % of its color. It is very comfortable and free fitting though",3,1,neutral
en_0796895,"Not apparently durable

Very comfortable, but I've barely had them a month and already one of them has a hole in it.",2,0,negative
en_0981323,"LOVE this hose EXCEPT it splits

This is my second same hose. The first one developed a split but I thought I had accidentally put a kink in the hose. So I was careful with this one not to do the same. I turned my faucet on yesterday and the hose started leaking EXACTLY the same way as the first one. It was hanging properly in a loose coil. It didn't leak the last time I used it. And no one else used it either. To say I am unhappy is an understatement. I don't even know if tape would solve the problem. It is a very light weight hose. Fits standard taps and sprayers. But a split developing in a hose that is only a few months old!!!!",2,0,negative
en_0372537,"just ok

I have these stubborn dark circles that I am constantly trying to vanquish, and nothing seems to work. I had hoped that since this is specially formulated for undereye circles it would be more effective than other concealers, but alas, it is not. It's an improvement over nothing but I certainly would not say my dark circles are ""erased.""",3,1,neutral
en_0710315,"Not fond of this product at all

I ordered this item and 1 of the lights didn't work so I returned the item and Amazon sent me a replacement immediately but the second item had been previously installed so I didn't try to hook them up.",1,0,negative
en_0230156,"Ok

Great idea. Did not execute as expected. The ""swinging"" door keeps falling off.",3,1,neutral
en_0969319,"Don't order from Tora foods

Do not order from Tora foods. This is the best tea, but I never received it. Need this for daily living. Not happy.",1,0,negative
en_0578094,"I think it works.

I take it to help with my cholesterol levels. Seems to be helping.",4,2,positive
en_0845930,"Five Stars

Great size and they work great.",5,2,positive
en_0689743,"Didn't work for me

Purchased four. One had no charge at all. Didn't use as they were too small to hold up my chest top. There may have been a description that described how large a top these could support, but I didn't see it.",3,1,neutral
en_0830329,"Really Disappointing

UPDATE - Messaged the seller, and they sent a replacement immediately. Offered a refund, but I chose the replacement. This one works, but no time to test it yet. AFTER TESTING - Body is plastic, probably won't take much abuse. 720p is the limit. Top storage limit is 32gb. Acts like an older model cell phone camera. No smooth zoom, for instance, it occurs in steps. You won't take this on vacation, but it makes an OK end-table camera to grab for those times when the dog and cat are playing chess. As far as longevity -- who knows? Was investigating cheap alternatives to surveillance cameras. Trouble is -- this thing won't charge. Kept it plugged in for 2 days. Will not turn on. Won't operate off of plugged-in charger, either. My return window closed. Only hope is to fly to China with it, spend months looking for the right factory, plead for a refund until argument becomes volatile, spend years in a Chinese prison, die destitute. So, here goes....",3,1,neutral
en_0530907,"Two Stars

My granddaughter loves this and a case from Amazon is cheaper than the singles from the grocery store.",2,0,negative
en_0720085,"Item was written on.

Damaged... marked on. Writing can not come off",2,0,negative
en_0207964,"Missing brushes

I order 10 brushes but received only 8. Please can the seller arrange shipping of the rest? Thanks.",1,0,negative
en_0589485,"Meh

These break very easily.",2,0,negative
en_0879547,"Good quality

Good beginners book, it's a lot thicker than it looks not as in-depth as I thought it would be but good for the price.",4,2,positive
en_0795488,"Great concept, poor execution

Great concept, poor execution. The kids rated it 1* because they couldn’t navigate the CD w/o an adult to help figure out which track to use. I rated it 3* because I find the songs catchy, I love the concept of learning through song, and I could look on YouTube to learn the melodies & skip the CD. The songs are easy enough to master if you learn the melodies elsewhere then come back & learn the words. There’s no easy way to navigate the CD using the book, as solid correlation between the two is only sporadic. Six kids btwn the ages of 3 and 7 tested this product — none of the kids was able to use it without adult help locating the correct songs on the CD. On the CD, its much easier to understand the kids than it is to understand the lady teaching. The book is simply a sing-along companion, and (as stated above) is of little help in locating song tracks on the CD.",3,1,neutral
en_0851474,"Might be good for some, but I regret buying this

I know other people love this phone, so keep in mind my experience could have been a fluke. I've had this phone since July, and today after a software update, the touch screen completely stopped working. Absolutely nothing helped, and now I have to buy a new phone. Also, I have issues with Samsung support for this phone. It seems like it's one of the few models they never list when emailing their support.",3,1,neutral
en_0685803,"Damaged Fire pit and missing parts

I really like the look of this product and the price but unfortunately I have not had a chance to use it yet. The box came with damaged parts and missing screws. I reached out to the company and they responded very quickly and I'm now waiting for the new parts. We were really looking forward to using this before it got too cold, I guess that will not happen. Once I receive everything and the fire pit is working I will update my review.",3,1,neutral
en_0678581,"Lasted 6 months

Ripped on the front after month #4 (taking it off/on). Once it tears it doesn't stop. Month #6 we had a wind rain storm. I had been leaving the tail gate down (super tight), but the water drained. First time I left it up the water collected in the bed area and ripped the back really bad. Now it's trash.",2,0,negative
en_0644436,"Burned up in a week!

This cord is cool, but burned up in a week of use!! Thank God my daughter uses a surge protector because it would of started a fire!! We are sending it back! It fried her cube too!",1,0,negative
en_0374959,"Not good quality

After having this case for only a few weeks, the corners started to crack. I am not hard on my laptop, so I am unsure how or why they cracked. They were so bad that the case would not stay on by itself anymore. Very disappointing.",2,0,negative
en_0764636,"one-time usable

Will unravel with first machine washing, 100%. Comes with no special washing instructions.",1,0,negative
en_0191744,"Not worth it

Really bad quality, had to return them :(",3,1,neutral
en_0587258,"Camomile seeds

Planted them none of them came up",3,1,neutral
en_0134771,"Never got the product.

I never got the product.",1,0,negative
en_0393414,"Itchy tag

These were ok and they shrunk a lot in the dryer but my biggest complaint is that these have a very stiff tag that could annoy little ones.",3,1,neutral
en_0426349,"Replace broken cord.

Repaired a chair. Cord was okay and easy to apply. Cord gauge not a large as I would have liked, so far, so good.",4,2,positive
en_0985474,"Three Stars

Small but still cute.",3,1,neutral
en_0846441,"Beautiful story, poorly executed.

This is a very beautiful story, based on a real experience, of a man redeeming himself for his mistakes while on his death bed. We really need more movies like this. Our last moments on earth are an important time of reflection and truth, but we rarely ever see it on film. This said, I give it 3 stars only for having a good purpose. It's a two star production with amateur acting, directing, and writing. There were times I wanted to throw something at the screen because the lines the actors said were not what any logical person would say! It's like a rough first draft that could be remade into something to be proud of. If you're a trooper for poor quality films about faith and love, go for it.",3,1,neutral
en_0902196,"Only use half, but the half works great!

The “hard” side it pretty useless when it comes to brushing my cats (maybe it’s meant more for long haired cats) but they LOVE the soft side. I use the soft side and another cat brush to brush my cats. It’s nice to have a brush with a handle to put some distance between them and my hand in case they get annoyed and decide to bite. It’s makes me brave enough to try and brush their stomachs 😂😂😂",4,2,positive
en_0317061,"Film that needs to be peeled back prior to installation does not have a tab as it should!

The film that must be peeled off prior to installation doesn't have a tab. A sticker to peel it back is provided but it does not easily peel the film back and in fact I had to use my fingernail to peel it back because the sticker wasn't working. They easily crack and break. I actually broke one trying to get the film peeled back.",3,1,neutral
en_0780787,"Good to go but would be 5 stars if earbud tips worked better

So far they’ve taken my sweaty punishment which is a big punishment. No problems yet as of now it’s been 6 weeks of use of close to daily use. One downfall for me are the earbud replacements. They tend to cause suction in my ear canal and not stay put. They also cause an itchy or ticklish feeling. I use my old X3 noise canceling foam tips and they work perfectly.",4,2,positive
en_0541623,"Might be good for a dog with a different chest size than my dog

This harness seemed good overall, but I returned it because the plastic adjusting clip thing ended up in the armpit of my 90 pound Rottweiler, and I was afraid it would be uncomfortable and rub for her.",3,1,neutral
en_0070129,"Three Stars

Chair is really nice, bit small but still good also pretty comfortable . Con: Sits really low",3,1,neutral
en_0136489,"Disappointed

These plants were disappointing, dried out and brown. I'm still working to rejuvenate them, but not having much luck.",3,1,neutral
en_0196384,"Five Stars

I receive my dvd's today an as always on time an thanks again",5,2,positive
en_0923532,"Paper and cover are nice quality, but the way the binding is attached ...

Paper and cover are nice quality, but the way the binding is attached to the cover is horrible. The first page and last page are essentially a small amount of glue being held together by one piece of paper, the whole cover fell off from the pages within 9 pages of mild usage.",2,0,negative
en_0840764,"Good for price

works good sound is off by a second or so sometimes on headset.",3,1,neutral
en_0114231,"One Star

worked for a week and then just stopped",1,0,negative
en_0034852,"Replacing the CO2 cartridges has been an expensive adventure in waste - the gasket in the cap was slightly mis-aligned ...

My initial enthusiasm for the product has been tempered by the realization that the quality of the construction is just not there. The plastic cap is cheap and will certainly not last. Replacing the CO2 cartridges has been an expensive adventure in waste - the gasket in the cap was slightly mis-aligned which allowed the gas to vent rapidly as soon as the cartridge was tapped. I burned through a couple before I figured out exactly what the problem was. Since this is a relatively new company, it will be interesting to see if they can learn from these early mistakes and improve on the design. If they can't do it soon though, I'm betting a competitor with a better design and superior materials will bury them. It's a great idea, especially if you live in a city like mine, with a lot of craft brewers whose beers are not available in stores. The demand is definitely there.",3,1,neutral
en_0274553,"Great tech Gift for musicians

I bought this as a present for my boyfriend. He absolutely loves it. It has a ton of settings for different instruments that you can save for each instrument you have. It tunes the guitar in less than 30 seconds. It's really accurate and also pretty cool. It doesn't tune as well if there's any other music or sound around, so you need to be in a quieter area.",4,2,positive
en_0152748,"It's a tad small, but fine for how I use it

If you don't want a snug fit, consider getting the size bigger.",4,2,positive
en_0866039,"Five Stars

ALL MY FRIENDS ARE NOW READING THIS AUTHOR",5,2,positive
en_0362604,"Too Salty

As I am familiar with this brand, from growing up in Nebraska ( where it is made), I was really excited that my husband ordered it. The cheese flavor is great, but sadly, that’s not enough to save it from being way too salty 🙁.",2,0,negative
en_0330342,"Design scratching off after a month

I love this case. However, there are a few irritating things that I did not anticipate. First, the rubber sides catch on the material in the pocket of my purse, making it too difficult to put my phone away. It also catches on the pocket of my pants and sticks out too far. Next, I was very upset when I noticed that the design was scratching off in several places. I realize that this is most likely from shoving the phone roughly into pockets, but it is still upsetting and shows how cheap the design material is. I bought this for the butterfly design and the rubber corner protectors, and both have been the source of frustration from the beginning.",3,1,neutral
en_0695712,"Corners crack and break, not sturdy

This case is very weak at the corners holding the kindle. I've had this case for a couple of months, and three of the four corners have cracked and chipped, leaving rough/sharp edges which catch on clothes, etc. The kindle is still secure, but I am replacing this case with a more sturdy one.",2,0,negative
en_0828815,"Not worth it

the Picture is very deceptive They are red orange yellow and purple dark something and what used to be white but the red bleed into it so they are not as depicted They are soo loosely wrapped I had to reroll every single one .",2,0,negative
en_0555457,"This movie was boring. Didnt like any part of it

Not gonna lie, This movie was boring. Didnt like any part of it. The actor didnt feel right in this movie. I dont badger on Actors, but i thought it was supposed to be a funny movie, but it was literally boring. Why did i even bother buying it. Dont recommend anyone to watch it. Sorry Ms. Schumer, but this movie was a bad movie overall.",2,0,negative
en_0829965,"I'd like to see them one gauge thicker

These are decent overall, but they do warp a little bit. Not badly enough that they can't be used, though. I'd like to see them one gauge thicker.",3,1,neutral
en_0923839,"It's changed, not for the better.

Social Tea has changed over the years. It's too hard now and that nice creamy taste is gone.",3,1,neutral
en_0106644,"Product

The product was broken",1,0,negative
en_0745490,"Handy and Cute over-the-door Storage

This pink over-the-door organizer was for my daughter, who has limited storage in her room. She was excited to put it to use! It was a little smaller than expected but still useful.",5,2,positive
en_0272960,"Added style

Add style to our family of crocs (shoes) we love them",5,2,positive
en_0242136,"Bought this for a last minute back up battery for ...

Bought this for a last minute back up battery for a 5 day camping trip. I charged it before going on the trip, which when I used all the charge (it charged my phone an equivalent of about 2 times), it did not really recharge via the solar charge at all for all the times I had it out in the sun. The power button really didn't work. In order to turn it on, I had to push the button really hard, but when I would want to turn it off, it did not turn off. Overall it did an ok job for a last minute purchase, but I will definitely look for a different one for my next trip.",3,1,neutral
en_0950746,"Returning

The shirt is cute but it runs small. Also the material is a spandex-y type and just sort of clings instead of flowing like in the photos.",3,1,neutral
en_0495803,"Just okay

As much as I love caseology I did not love this case. Yeah it protects but it feels a bit loose. I was able to shake my phone from side to side and I could feel it move just a tiny but.",3,1,neutral
en_0393168,"Not what I order

These deserve no star they are not pure Hazel and I want my money back",1,0,negative
en_0080574,"Looks beautiful! Just don’t try to put a bagel in ...

Looks beautiful! Just don’t try to put a bagel in there. Also, you have to repeatedly press the lever until it stays down.",2,0,negative
en_0582213,"Expect an email.

I would have preferred to have something mailed to me for proof of coverage.",4,2,positive
en_0247707,"Nice but a bit small

Looks really nice but it is smaller than the indented area for the emblem. A few mm around the edges. Would be great if it fit flush for being 45$",3,1,neutral
en_0305021,"Soft and clean

Been using this product for a little over 3 years and it's the only beard wash I will use. The smell may not be that of an old barber shop, but it does smell good and clean. I tried washing my beard with regular shampoo, but that left it dry. Since using this product, I have noticed a significant difference in softness. I'd recommend it to anyone.",5,2,positive
en_0899081,"Five Stars

Still learning about background to the Bible. It sheds valuable new light on some difficult passages.",5,2,positive
en_0133832,"""GREAT SHOES BUT TOE BOX IS A BIT NARROW""

Buy this for mi sister, she like it, well made, looks very nice, but toe box is a bit NARROW,",5,2,positive
en_0438076,"Stones are not well fixed in the piece

I got one of these and one of the stones fell out and was lost the second time I wore it. I sent it back and got a new one. I didn't wear it for a bit, but when I did, first time out same thing happened, a stone fell out and was lost. Once could be just bad luck. Twice with the same problem suggests a more fundamental issue. Very lovely piece, but poorly constructed.",2,0,negative
en_0934851,"It's a nice tote but it came in with a broken wheel ...

It's a nice tote but it came in with a broken wheel and there is no option that I can find to get a replacement part. The only option appears to ship the whole thing back. What a pain in the neck. Now I've spent $500 on it and have to go buy a new wheel. Otherwise it's a nice piece. My issue is more with contacting the seller than the product.",2,0,negative
en_0741021,"Slid Off All Night Long

Cute leggings but slid off my bottom all night long. I’m 5’2” 130lbs and ordered a small for NYE. These leggings made the evening a little uncomfortable. They seemed to fit well, except when dancing. I would have to tug on them afterwards to keep from exposing my bottom. Not sure if I can even wear them again.",2,0,negative
en_0117497,"Very nice

This is such a deal for 12 bucks. Much more practical (and dorky) than holding a flash light. Light is sufficiently bright and you can adjust the angle accordingly.",5,2,positive
en_0027324,"Seams rip easily.

I use this for my daughter’s clothes. She’s 3, so her clothes aren’t big or heavy. We live in CA, so no heavy winter gear or jackets, just short sleeve regular t shirts and shorts, but somehow one of the seams of the boxes ripped. Look at other reviews, this is a common problem.",2,0,negative
en_0639189,"Waste of Money

The rod has rust spotted from one end to the other. It started to rust after about 2 months and just got worse. It's rusted over enough that it's really obvious and ugly. We bought a better bar from hopefully a better manufacturer. This was a waste of money and metal, sad to see it going to the landfill so trying to find something else to use it for.",1,0,negative
en_0531665,"Can use for several different things

Put it in my side by side. Works great",4,2,positive
en_0547001,"Big feet are needed

They were easy to assemble. You need very big feet in order for them to fit properly. I had my husband use them. They worked good.",3,1,neutral
en_0125818,"Inexpensive, good value

We really only needed this as a prop for one day. It did the job. It looked great, was easy to use, and was as advertised. I don't think this item is meant for long-term use, but it was an excellent value.",4,2,positive
en_0219419,"Scented (not as advertised)

Functional, but product description said unscented. They are definitely scented.",3,1,neutral
en_0795391,"Beautiful doll

We bought this for my 5 year old for Christmas and she is so in love!!!! The baby doll is so realistic. However, the stitching in her arm has already torn. I had to touch it up. And her hands around the fingers look dirty, but it is not dirt. I don’t know if the finish or coloring is just coming off. I am a bit disappointed with it.",3,1,neutral
en_0001255,"Damaged but still useable

2 out of 6 bath bombs were broken. The box it was delivered in and the box that holds them are not damaged. One of the bath bombs is nothing but loose powder. One is half sold and the rest loose powder. They smell great and I'm sure they will have the same effect. Im still going to use them just hope in the future they all stay intact.",3,1,neutral
en_0574376,"You get what you pay for

Ripped at the top seam after a few weeks.",2,0,negative
en_0787399,"There are alternatives...

Cash slot it too small and the folded bills get in the way. I wish i could return it. I purchased another one with a larger insert.",1,0,negative
en_0430582,"The need to know on this phone!

I bought it. Too many things caused me to reconsider and I returned it. If you need a Dual Sim phone and are going to use it in a Latin American country then this would probably be a great buy. The model number of the phone says it is for Latin America according to Motorola. It comes with literature and manuals printed in Spanish. I gave the item a 3 star rating and that is really just for the phone. It's a great phone with better options then the version being sold here in the United States. It was very tempting to get an item better equipped and cheaper then what is sold for the US market. The item should probably not be sold to customers that are planning on using it here exclusively in the United States. The listing should state that. It is for GSM service only in those countries. I did call AT&T on this phone and gave them the specific numbers they needed to check compatibility. They advised me that it would work on their system. It appears even though it may work on GSM , it may not have the ability to connect to all bands that they use here in the United States. I felt the risk of dropped calls and no service was too great so I was compelled to return the phone and buy a US version.",3,1,neutral
en_0706054,"Bottle leaked.

Bottle leaked. Threads would not seal fully.",1,0,negative
en_0492473,"Quality and Fit!!

Good quality. Fit well!",5,2,positive
en_0443694,"I like my French coffee press cups

I like my French coffee press cups..it works pretty good..it could be pretty messy..but for the price i can't complain.",3,1,neutral
en_0182626,"Perfect for travel

The regular lids are fine but these are perfect for car rides or any type of travel. I wouldn’t recommend holding this upside or anything crazy as it may dribble a little of you do so. But not a bad lid.",3,1,neutral
en_0538832,"Too big for normal sized heads.

I love the look of these, but they are too loose/too big on the arms(?). I put bread ties around the hinges to make them fit better. If you have an unusually large head these are perfect. Unless this pair is just defective.",3,1,neutral
en_0516412,"Works absolutely for what I wanted them for

They fit in my filing system and are terrific for storing important things like warranties, directions and extra parts: washers for a hose nozzle which otherwise I would lose. I put in started letters, notes to take with me ie: to the doctor ect., a pen, + any information I receive. I can see what is in there or write with a permanent marker what's in it. I'm sure I'll think of other things to use them for perhaps small quilt squares I am sewing. So far no problem with the zippers and they're not going to fall apart.",5,2,positive
en_0733962,"Four Stars

Pickle-nuts will like this crunchy treat. Not a Brit but I wish the US had these.",4,2,positive
en_0438768,"Great massager

Love this tool so much! It’s lightweight to easy to self massage. I particularly love massaging my face and head.",5,2,positive
en_0665280,"Not best for oral medicine by inverting the bottle

These work for flushing a luer end catheter for my son, but are too small for the oral medicine top.",3,1,neutral
en_0384963,"Good value

Works pretty good but they tend to get little balls all over them as you use them. Nobody really sees your socks anyway so it’s not a big deal",3,1,neutral
en_0678072,"Works OK, but not perfect.

Slides back too far which leaves an opening for stuff to fall through.",3,1,neutral
en_0509329,"Really falls nice with comfy material.

Well, this just feels good and looks good. So simple, but so nice. My sister loved it so much I ordered another one for her!",5,2,positive
en_0354415,"wonderful and soft!

REALLY INCREDIBLY soft and shiny!! so pretty!",5,2,positive
en_0436999,"It's ok..nothing special.

Although this item does hold in what it needs to it is not an actual waist trainer. It stretches over time making it fit loose so please don't think your abdomen is getting smaller..Lol.",3,1,neutral
en_0439849,"Returning the product

Mostly XL fits my size but this size smaller then XL",3,1,neutral
en_0352415,"I have disappointed with the description given on the product

I have taken it for strengthening my legs and to get my hip moment right while playing tennis, I find the ball really helpful. But, I have disappointed with the description given on the product, I expected the ball to bounce on the Synthetic courts Apparently, it is not.",3,1,neutral
en_0335711,"Scam

Glue came undone on one of the earbuds. These are 4 dollar buds sold for 16 bucks. Shady company.",1,0,negative
en_0151803,"Two Stars

Cheap quality. Wasnt impressed.",2,0,negative
en_0293820,"Two Stars

The concept of side by side screens is great, but the resolution left much to be desired.",2,0,negative
en_0428797,"NOT A VR GAME!!!

VR ""mode included"" strikes again! The trailer you might've watched for this game? Yeah... you can't play that game in VR. For VR you get about a half hour tutorial which, once you pass, will unlock a free paint mode. You're mostly painting 2D on walls but there is one level that you can paint in 3D. I don't know the relationship between the non-VR main story and this painting mode and I'm not going to play it to find out. I feel cheated! At best the description of this game is misleading. From the description on the product page you can't really tell what you'll get. I hope this review helps to deter anyone buying this game to only play in VR. Maybe this game is great in 2D but that's not what I was looking for. So, this game is more like Ace Combat 7 VR ""mode included"" where you play a few VR levels but not the actual game, and not at all like Resident Evil Biohazard VR ""mode included"", where you play the entire game in VR but have to watch a few cutscenes in 2D. I think Sony needs to come up with a third tier of branding for VR games like this...maybe say ""VR Content Included"", which would signify that you can't play the game in VR but you can do extra stuff that you'll need a VR headset/camera for. I just think the way they pitch this game, including in the PlayStation Store, isn't really accurate.",1,0,negative
en_0591903,"Four Stars

Use the pump several times. Works as designed.",4,2,positive
en_0983583,"Three Stars

One of the 2 sensors were defective and could not pair to thermostat.Return for replacement. Hope replacement works properly.",3,1,neutral
en_0764875,"DIY lover must have!

If you like to do it yourself, then you should have this tool. It is amazingly useful. It will save your energy and time.",4,2,positive
en_0973332,"Sharp and easy to use

Bought these two shears for my kids to use for cutting the bushes beside the swimming pool. Both of them work great and they are easy to hold for smaller hands. Great for kids to help on backyard work. Happy with this purchase.",5,2,positive
en_0717968,"Seems to work

I see improvement with my Great Pyrenees but it’s hard to get him to eat these. Update - he won't eat these anymore. What can you do.",3,1,neutral
en_0113823,"Pretty Small

I know it's my fault for not looking at the dimensions closely enough but this is very small. It does look exactly like the picture, just smaller. It seems to be good quality. I currently have a puppy and am buying small bags of puppy food which fit in this container so it is working okay. Any bigger bags would not fit though. I am a little annoyed as this is the second time I have bought something from amazon that turned out to be small.",3,1,neutral
en_0807829,"Smooth

Very smooth, great tracking. A great mouse pad and the XXL version is the ideal size for low sens gaming. If it had a stitched edge then it would be perfect.",4,2,positive
en_0321977,"The chair you want to love but hate

I am 5.9 tall, weight 159 pounds, work IT, and sit about 12 hours a day. I have long legs, wear shorts most of the time, and move a lot, so the need for having a flexible chair is a must to have. This chair you need patience, patience, and a good back before you decide to put it together. There are so many small parts and somewhat complicated instructions that lack details. The tools kit that comes with the chair is useless. The wrench slips a lot, so expect to bump your fingers around the chair inners(not a pleasant experience). Once you managed to put it together, adjusting the chair is another headache on its own! This is where I am debating on returning or keeping this chair. There are six knee positions you can adjust this chair, and that is great, but the problem with is that you need to remove a long bolt holding the chair against a wall to stop it from collapsing flat on the growing-risking snapping your fingers-. There's another adjuster that it's designed to adjust the height, you have to get off the chair eyeball it to what you might like, sit and if that does not work, get back off and readjust again. You can't adjust it while sitting unless you have a strong grip, and I lift. In all, this is my first week using the chair, and already feel the benefit of having a knee chair. It helps balance the weight on my lower back. It's very comfortable, feels great moving around my workstation. I will def use it and if I decide to keep it will have to remove bolts to it from scratching me. Notes to the manufactures: 1. adjusters should be improved or made to where anyone can adjust while sitting. 2. the screws and bolt design should be revised. 3. the sitting is too steep, it would be nice that it can also be adjustable.",3,1,neutral
en_0986833,"I enjoyed the first book (1000 White Women) much more

I enjoyed the first book (1000 White Women) much more. I thought this was a bit flat compared to that. However, it was a decent read.",3,1,neutral
en_0002307,"Three Stars

scent is light, however is ok.",3,1,neutral
en_0770883,"The galaxy spanning sci-fi series continues to intrigue.

This second book in the Assimilation series juggles a lot of plot lines but manages to keep them all moving forward in a compelling way and will keep you wanting more. Good read.",4,2,positive
en_0660944,"Not worth the money

Didn’t like the product quality",2,0,negative
en_0850544,"These things are pretty useless. It'll tell you if it's in your ...

These things are pretty useless. It'll tell you if it's in your home, but nothing more specific than that. Duh. I drove home. I know my keys are here somewhere. It'll let you sound a chime on the device, but it's so quiet that it's hard to hear. If the keys are between the couch cushions, forget it.",1,0,negative
en_0660148,"LOVE

This is my favorite sweater! Wish I could wear it everyday!",5,2,positive
en_0630020,"Fell apart right away

Bow was adorable but my daughter only wore it 2 times and it came apart. Looks like it is not sewn or really secured together at all. Wanted to return and see if another one held up better but the return window closed .",2,0,negative
en_0027495,"Not for buttercream!

I have used these for royal icing and they seem fine, albeit super thin, but I used them for buttercream and the green logo began to come off onto my hand! It must be something to do with the fat in the buttercream that dissolves the green ink, but beware, if this had gotten onto my iced cake it would have been a disaster. Will not purchase again.",2,0,negative
en_0280358,"Perfect for machinists

Hammer arrived in perfect condition, handle is very comfortable with nice texturing on the grip. I was happily surprised to find the brass side is a machined solid piece rather than a cap. Works well for both delicate and hard work. Would definitely buy again. The only problem i had was some sharp flashing from the casting on the face but that was easy to remove.",4,2,positive
en_0752382,"Color is not as pictured

The accent pillow covers are not the color as pictured. I ordered yellow but they are more an orange color. I would return but it would cost more.",1,0,negative
en_0512147,"Not worth money

Bought this and returned it. My baby didn’t like any of the swing options he prefers the basic forward and back which this does not offer. I’d say it’s too expensive. I think it has too many options that are not ever used.",1,0,negative
en_0979640,"Half decent

We're popping as they were filling and they didn't just fall off like there suppose too.Aslo the rubber band doesn't really hold the water I. The balloons were deflating the moment they came off the straw",2,0,negative
en_0234394,"Four Stars

My 5 year old Granddaughter loved the comb, but not the brush.",4,2,positive
en_0975052,"Driving recorder

I was very happy to receive the goods. It was very good on the grade. It was especially suitable after installation. The picture was clear, the operation was simple and easy to understand. I didn’t let me down. The last one was not clear. There is no problem with this. Very good, cost-effective is still very high, recommended to buy, all praise service is very thoughtful.",5,2,positive
en_0751587,"Smells delightful!

These arrived beautifully packaged and I cannot wait to use them in my next bath! Each and every one smells so good and underneath the colorful paper they are wrapped in another layer of plastic. They would be a great gift for someone or even yourself.",5,2,positive
en_0904177,"Look elsewhere for hashtag beads

I specifically bought this item for the # hashtag beads. Out of all the beads in the packages, I only received one (1) hashtag. Unfortunately, I know this because I painstakingly sorted all the beads by letters. If you",1,0,negative
en_0634822,"3 stars

Was told this is the best mushroom field guide out there and I'll beg to differ. Hilarious pictures inside. Not the greatest ID guide however.",3,1,neutral
en_0296169,"Dogs love them

My dogs love them and feel like Im giving them a healthier treat.",5,2,positive
en_0718592,"It’s a great vest

I do enjoy when I put it on her it’s very easy to but she slipped out of it the other day",3,1,neutral
en_0157057,"receipt of this order made me realize that Amazon legit just sells a bunch of crap on their website

I guess i'm giving these 1 star since there's no negative star option. Needless to say, receipt of this order made me realize that Amazon legit just sells a bunch of crap on their website. This is my second set of charges that i have bought from here and am returning. Also, these crappy chargers are NOT Apple compatible at all whatsoever.",1,0,negative
en_0557099,"Works great!

Works great on dad's razor that he has had for years! He said he replaces this part maybe once a year.",5,2,positive
en_0375423,"it does not keep the fleas of to long after the bath may 3-6 days only

it does not keep the fleas of to long after the bath may 3-6 days only",3,1,neutral
en_0286391,"OK, but not as good fitting as before -- quality has slipped some

I had bought several of these cargo pants nearly a year ago -- quality had been above average and fit was quite good. Something has now changed ---- even though label indicates ""relaxed"" fit, they are now a bit on the tight side in the thighs, and pants now ""hang"" a bit below the waist area instead of at the natural waist area. Also, material used is now thinner than it used to be. While still satisfactory, quality seems to have slipped.",3,1,neutral
en_0687206,"Supplier service was unprofessional.

This item was purchased as a gift and a request was made to please not attach the invoice for said reason. The supplier acknowledged my request and confirmed that an invoice will not be attached. However the detailed invoice was received with the gift.",2,0,negative
en_0543195,"Amazing iPad case

Really like the iPad case",4,2,positive
en_0803997,"Four Stars

Works but not as nice to turn and use to tighten.",4,2,positive
en_0542377,"I got three pins...

I love these pins. I bought three more after I recieved my first two (which were each different), but when I got the three new pins, they were all the same one. Luckily I have two friends who like this game so I can share the pins with them, but it was kind of a bummer. :(",3,1,neutral
en_0703311,"One Star

amazons heading said 4 pack I only received one pack",1,0,negative
en_0606349,"Durable and great Qaulity

I absolutely love this! I got it for my young nephew and I got to say, I was pleasantly surprised at how great the quality is and how it really works! the water base makes it sturdy enough to take in all the punches and the fact that its inflatable makes it super easy to storage! my nephew loves it, he gets to give off his energy in a safe fun manner!",5,2,positive
en_0075730,"Battery Installation

This product was handsomely packaged with good quality tools and new screen protector. Instructions/ illustrations where not a clear as they could be. Would update the steps of removing and applying stick strips of double sided tape. Illustrating: gently pulling both right and left tape strip and what side of the new stick strips are placed down in the case and which end faces the bottom of the phone. Also include steps to remove and replace screen protector.",4,2,positive
en_0049315,"Good Product and Customer Support

Nice size shears, but came apart after the first use when the tension screw popped off and red cap and tension spring went along for the ride too. Vendor's customer service replaced them quickly and i am very pleased how well these work to cut back our decorative vines in our flower bed.",4,2,positive
en_0903949,"The beads are not 8 mm they are more like 6 mm

It arrived on time. The beads are not 8 mm they are more like 6 mm.",2,0,negative
en_0782206,"Tighty.

They run small and have a weird fit.",3,1,neutral
en_0645060,"Three Stars

The battery is not strong",3,1,neutral
en_0683680,"Very satisfactory once shopping

I like the look and color.There is often food residue in the teeth.I used this.It's very clean.Brush your teeth after each use and feel very comfortable.Very clean.It's also quieter.Lightweight.Feel comfortable.Logistics is fast.Customer service is good.The service attitude is also very good.A reliable product.",5,2,positive
en_0791946,"Great quality not exactly as pictured

Didnt have the blue colored bands :/ the one sent to us only had blue dots.",3,1,neutral
en_0981214,"Terrible zipper!

I wanted to love this but the quality of the zipper was just too bad! The zipper sticks really bad and it’s difficult to open/close it so I returned it. Also, if you are on the thin side you will need to tighten it all the way and you will have excess strap hanging down.",2,0,negative
en_0130618,"I got this thing, plugged it into my iphone8 ...

I got this thing, plugged it into my iphone8, put in 4 diff SD cards and nothing. It just does nothing at all.",1,0,negative
en_0064245,"Do not buy it

After only 2 weeks the volume control went crazy it would change songs and lower volume on its own and there's a static noise in one of the earbuds pretty upset with these earbuds I do not recommend these earbuds",1,0,negative
en_0152662,"Okay

Case is nice but touch screen doesn't work great with this case",3,1,neutral
en_0851561,"They don't rotate

These are fine for the price. I'm just spoiled by a better roasting stick I've had for years that rotates, and I really like that feature. It means you don't have to rotate your whole arm to turn the marshmallow - you can just use your thumb to rotate it. Oh well, I bought these to take on a group camping trip with a bunch of people who were flying in and needed to pack lightly, so I figured I'd provide the sticks for everyone. They worked fine - they're just not top-of-the-line.",3,1,neutral
en_0466709,"Not what expected

The top part of the product that holds the phone does not stay on and will fall off if it is easily bumped. I am thinking I will superglue to top so it will stay in place.",1,0,negative
en_0085893,"The screen does not come in direct contact with the ...

The screen does not come in direct contact with the phone screen making it difficult to use phone. Not worth it.",1,0,negative
en_0845618,"Terrible quality and DIRTY

Product came covered in mold! Not just the bag that contains the sleeves but inside the packaging in the individual sleeves! The few that were not disgusting were of thin terrible quality. Would not recommend",1,0,negative
en_0993904,"Flimsy piece of garbage

Too flimsy. Connecters broke of within couple days do not buy",1,0,negative
en_0121954,"Little too small

Looks great, just a little too small for my head",3,1,neutral
en_0768284,"Stick with your regular size

Super cute dress for a great price (lightening deal)! Unfortunately it’s going back. I followed the size chart for the floral designs and sized up to a large. I should have stuck with a medium. 140 lbs, 5’3”",4,2,positive
en_0437334,"War ot out 1 short football season

Started to rip after 1 pop warner season. Short season.but they held the cup in place well.",2,0,negative
en_0710982,"A gift for my daughter she will love this she always uses these little cross body bags ...

A gift for my daughter she will love this she always uses these little cross body bags when she’s out and about and Black goes with anything",4,2,positive
en_0324471,"Cute, but don't get wet

This band is super cute and got a lot of complements! However, of it ever gets wet the inside leather starts to get soft. Drying it out did not help, but the fabric part holds up fine. I wanted to get more use out of the band for the price.",2,0,negative
en_0541782,"Three Stars

Cannon customer service is lousy",3,1,neutral
en_0999067,"Ruins when you use with your watch in the water

It's NOT waterproof and will start to ruin the moment you use your watch in the water. If you plan on swimming or bathing with your watch one, I do not recommend this protector. Find one of those glass tempered ones",1,0,negative
en_0146121,"Great value for money.

Meets all my needs from a phone. Fast processing speed, clear pictures, nice size, light weight and sleek. Fingerprint is a great add on bonus.",4,2,positive
en_0021686,"No customer service

No customer service. Absolute letting them know about a problem they returned an email just stating we got your email that was it did it again and again. No advice, know how to use, no help no return call.",2,0,negative
en_0591121,"Not Suitable

Rubbery and Difficult to use",3,1,neutral
en_0564894,"comfort

I like these slippers ,had a few pairs before. But this time they are not as comfy,due to not being made right ,the soles were not sewed on right I can feel the sole inside the slipper on my feet!! not a happy camper this time.",3,1,neutral
en_0243301,"Beautiful design, cheap tissues

The outside is attractive and has a beautiful design. The tissues are very cheap and thin.",3,1,neutral
en_0191868,"... ghost paint from the stenciling but the sign is sturdy. Also the color in the photo makes it ...

There was a bit of ghost paint from the stenciling but the sign is sturdy. Also the color in the photo makes it look blue, but it is green.",4,2,positive
en_0385959,"Great publication

Full of information about the Grand Canyon",5,2,positive
en_0342689,"the outdoor clock I want

It has a huge face and time is accurate.I think the thermometer is used for decoration, I don't really care about its function. It is the outdoor clock I want.",5,2,positive
en_0181141,"Cute but hard to close

Super cute but need plyers to close them more. Out of the batch I am able to wear two pairs nicely",3,1,neutral
en_0701168,"Great!

Used it as soon as I got home. No problem so far. Love seeing it clean my apt while I work or watch tv",4,2,positive
en_0642470,"These are well made socks and fit as expected. ...

These are well made socks and fit as expected. I only wish that the band at the top was a little wider for more comfort.",4,2,positive
en_0512550,"Not as fast out of the box.

Without implementing QoS services and other functions it is hard to get as much out of this router as my modem is pumping out. Good for speeds under 100MBps.",3,1,neutral
en_0193161,"Not the best quality

It was ok to install. After I had it installed and plug it in, one section of the lights dont work! UGH! REMOTE is junky.",1,0,negative
en_0618961,"Great read.

I wished it was longer. I really liked it. I can't wait to read the others so I can find out how their lives progress.",4,2,positive
en_0437722,"Register free with Phillips

Manufacturer gives you a 2.5 year warranty so this is a waste of money",1,0,negative
en_0541402,"Came without book

The kit was supposed to come with a guide book but didn’t. There are a few styling tools I have no idea how to use.",2,0,negative
en_0500591,"I like it

I like it except for the lil bubbles do bother me sometimes but it has great support/",4,2,positive
en_0880223,"Fits small

This dress is super cute, but I had to rate it as a 3 because it didn’t fit. I ordered up a size to the Large and it still wasn’t a good fit, when typically I am a medium. I did however just go ahead and return it and ordered an XL. Overall, this is a cute dress but expect to have to order 1-2 sizes up from your regular size.",3,1,neutral
en_0665141,"Disappointed in this accessory

Product does not work well with ring camera alarm system. It blocks the camera view constantly. I would not recommend buying this!",1,0,negative
en_0775170,"Just look at the pictures

Beat up, flaking, burnt metal right out the of box. Two small little metal pins that stick out from welding points. But why read when there are pictures",1,0,negative
en_0659068,"qty were 2 and 5 packs, only got one

Description quantity showed 2 and 5 packs available. Only received 1.",3,1,neutral
en_0231137,"Surprised that it has holes in top cover

I bought this to use in an open 14' boat with a 25HP Honda outboard. The two areas where the cables can go in when the top is tightly fastened with the strap should provide adequate ventilation, but there are two dime-sized grids that are directly open to the rain and/or spray from boating, which eventually would fill and flood the battery box. Not sure why this is designed thus, will just have to check it frequently.",3,1,neutral
en_0977989,"So far, so good.

Like the lock feature on the nozzle. Orchids are thriving. Would order again.",5,2,positive
en_0985505,"slightly too small but works good

the film was a bit small but covers enough and has a good thick protection",4,2,positive
en_0151926,"They grow dim after several hours of use .

I liked the product but after leaving them on for a while they became dimmer. I added another set could see the difference . I have no idea how long they will last .",3,1,neutral
en_0677796,"Good

Good product and comparable to pricing.",3,1,neutral
en_0043612,"Adorable

The socks are adorable-the only thing is the glitter on the bottom was not as bright as the picture. The glitter writing was dull.",4,2,positive
en_0780402,"Return. Size is Misleading

Size I ordered was for large American women but it came in extra small size for a Chinese woman. I need to return.",1,0,negative
en_0656747,"Clear Photos

So far I am impressed with the quality of the photos. Detail is great.",4,2,positive
en_0363673,"works great

Plastic housing is of poor finish, for a pricy machine.",3,1,neutral
en_0865901,"Three Stars

It was good for the small amount of time it lasted...",3,1,neutral
en_0691023,"These sound good, but are a pain to use

These sound good, I will give them that. But, they keep shutting off even when plugged into a laptop constantly.Nothing like the sound going off in the middle of watching something.You have to press the button on the battery 2, sometimes 3 long presses to get the sound back on. That is frustrating. It happens many times. Not just a one time on from off. I would not buy these again just because of the frustration of losing audio many times while watching a movie.",2,0,negative
en_0105448,"SUPER cute, however

SUPER cute, however, I do have a shorter abdomen so I should have ordered a size smaller but still it fits really good and is very pretty and a nice material.",4,2,positive
en_0498052,"Good

They are okay..runs a lot on my ankles but thicker socks helped.",4,2,positive
en_0693641,"Good towel!

The towels arrived within a couple days and I was pleased with the quality, esspecially for the price. Fairly thick and they have held up well after several washings. Bought them in a nice gray color which hasn’t faded after the washings.",4,2,positive
en_0435954,"Four Stars

It fits the sofa pretty good",4,2,positive
en_0193433,"First try for Celery juice

Just trying out. It was sort of weird.",3,1,neutral
en_0971591,"The T-Rex was very cute but I hated that it was 5 days later than what it ...

The T-Rex was very cute but I hated that it was 5 days later than what it was supposed to be here",4,2,positive
en_0010702,"Won’t work with free styles sensors

Would have been perfect but wouldn’t work with the free style sensors I’m diabetic",2,0,negative
en_0442809,"Sweet Christmas Story

Love at first sight? Almost. This is a sweet Christmas story that touched the heart. It is very sad that people can be cruel and mean, but they can. I was touched by Martha's story and I'm glad that love saved the day.",3,1,neutral
en_0151499,"Use silicone on the connections

A very nice set of lights for the money. Nice and bright and easy to install. The instructions say to wrap the connections with electrical tape which I did but I also put a nice glob of silicone at the seams to make it totally water tight. This should make it last a long time.",4,2,positive
en_0765200,"It is good for a weekend getaway

It is very big to take to the office. It is good for a weekend getaway.",3,1,neutral
en_0141821,"liked the top

Well, I bought this because i thought the top was fun. I am 53 and weigh 125 and I purchased a medium. I wasn't sure about the bottoms and they are a little weird. They fit but the cut is just sorta awkward. Not very flattering on me...but they might be flattering and someone younger. They are cheeky which was fine, it's the weird strap that makes it odd. The top is pretty loose and the bottoms are snug. Bigger bottoms might fit better but then the tops would literally fall off of me. For the price, I am going to keep because I pared the top with different bottoms and it's adorable.",3,1,neutral
en_0942872,"good quality fabric with some stretch

very cute, good quality fabric with some stretch, fits well everywhere but the waist - it is too big even though I followed the chart",4,2,positive
en_0424403,"Doesn’t last long

Enjoyed it while it worked for the most part. Already stopped charging. Downside when it did work was that it would flash blue- so kind of annoying when trying to go to sleep. It did charge quickly.",2,0,negative
en_0383160,"instruction booklet is too complex.

It is a good product, but the instruction leaflet needs more clarification. Written for an engineer , needs to be simpler etc.",3,1,neutral
en_0836059,"Received torn...

Received item torn. Submitted for return and they sent a replacement that wasn’t cut the same and could not be worn. Submitted again for a return and the replied they’d return 30% of my money and just keep it. My problem is the replacement is only suitable for the trash, it wasn’t cut so that anyone could fit it. Very strange. I would not recommend this company. It’s a shame because the first (torn) romper was so cute!",1,0,negative
en_0412955,"Love it

This works so well!! It takes off all the yellow stains of poop so far. Doesn’t leave any traces. I will definitely try this in regular stains when the time comes.",5,2,positive
en_0879182,"Had replaced with 2 batteries for my blower. They ...

Had replaced with 2 batteries for my blower. They are not up to standard performance. They don't hold the charge very long. will never purchase them again.'",1,0,negative
en_0835217,"Contains unhealthy fats

Have used this in the past and always liked the flavor and convenience. Now that trans fats matter in our diet, I didn't think about checking the label before ordering. Can't in good conscience use this product while trying to eat healthy otherwise.",3,1,neutral
en_0311508,"Never received

I never received this! No contact from seller. Beware.",1,0,negative
en_0620321,"AT LEAST ONE SIZE TOO LARGE. VERY DISAPPOINTED

Was at least one size TOO BIG!! Price was good. Shoes seemed well made but way too big",3,1,neutral
en_0102029,"Horrid

If I could give it 0 stars I would. This is a horrible movie about self-absorbed so-called humans basically abusing their dogs. In no form should it be called entertaining or a comedy. Considering the actors in the movie, i am not the least bit surprised.",1,0,negative
en_0017539,"Two Stars

it doesn't fit my big head",2,0,negative
en_0666664,"Tastes terrible

It tastes terrible. The worst tea I’ve ever had from Yogi. Yogi is my favorite brand and I’m surprised they came up with such a terrible product.",1,0,negative
en_0061715,"It didn’t work for me.

It didn’t work for me.",3,1,neutral
en_0474672,"Good product

I love how easy this product is to use. However, I have bought this enema bag twice because the first one shut off valve started leaking. Now my second enema bag is leaking as well and I’ve only had it for 2 weeks",3,1,neutral
en_0271248,"Didnt work for me..

I bought this but just didnt work out for me.. didnt like that it feels icky afterwards.. has a great smell but doesnt taste good either.",2,0,negative
en_0950566,"Did not read

Did not read so I cannot give a review",1,0,negative
en_0798853,"easy to use

i used it for dragging logs onto a trailer worked fine , hook on it will work with 3/8 inch chain links sharping the points a bit makes for a faster hookup worked well",5,2,positive
en_0859026,"Works, but not during underwater submersion (loses bluetooth connection)

I bought this to use while snorkeling - but the button kept disconnecting from my phone. Maybe bluetooth signals won't work underwater? I had better luck taking videos and pulling still images off them afterwards.",3,1,neutral
en_0957173,"Super cute pattern

I love the pattern but the material on the rugs are pretty thin and get dirty pretty quick, I am scared to wash them for fear the pattern will fade or completely come off. They are really cute to look at though.",3,1,neutral
en_0639943,"Bad adapter, lens is fun

Lens seems fine. I was actually impressed when I first took it out. Color looked great. Smooth aperture and focus rings. Then I realized I can’t focus any further than about 8 ft. Others have said this is an issue with the adapter, which is probably the case. However I am able to focus very closely. I wonder if that’s because of the adapter as well. Either way I think I’ll keep it since it’s just 25 bucks and try other adapters",3,1,neutral
en_0595394,"Fun!!

Not bad. The trunk size is ridiculously small. Best price variety dress up clothes I could find. My boys like it. If you purchase based on quality this isn’t for you. I serves our purpose and expectations based on price.",3,1,neutral
en_0584791,"Usually very good, but storage maybe altered flavor..

Taste like wax, better from store..",5,2,positive
en_0809649,"Did not do the job

Did not keep the avocado fresh. Avocado still needed to be eaten within 2 days.",2,0,negative
en_0742933,"Sent wrong size

Order a size 7 for a Christmas gift. The box the boots came in was a 7 but the boots were a 6. I'll be returning and now searching for a new Christmas gift!",1,0,negative
en_0434895,"Four Stars

Great price, works great",4,2,positive
en_0175819,"Timing of shipping isn't good

The product is very good - this is the second one I have bought. The problem is Amazon's sloppy attitude toward shipping. The order for this item was followed 2 days later by an order to Amazon's biggest competitor (name starting with a ""W""). W delivered their order 2 days BEFORE Amazon did - that's a net of 4 days better performance! Amazon is obviously getting ready to dump their delivery in 2 days promise for Prime members.",3,1,neutral
en_0692201,"Pretty

Nice hair but shedded right out of pack",3,1,neutral
en_0409535,"and this one feels like plastic. Not a huge fan

I’ve had other mattress pads that are waterproof, and this one feels like plastic. Not a huge fan.",3,1,neutral
en_0118011,"CRAP

Lasted less than 6 months. We rarely turned this on. Havent used it in three or four months and now it wont hold a charge.",2,0,negative
en_0992374,"Feel every stone you walk on...very uncomfortable.

Very uncomfortable...",2,0,negative
en_0175179,"Date/time stamp error.

Background: Waited before doing a review, I ordered it June 26, 2018. Hardwired it to the fuse with my daytime running lights. I had trouble within the first 3 months, but wanted to give it a chance. Just recently, I had a pedestrian accident wherein i drove past the scene before walking on the area. It would have been nice to have recorded the scene before the accident. When I reviewed the recordings, it was not recorded. That meant the camera was not on. It was just a common event that the camera will not turn on that I got tired troubleshooting it and just let it go. PROS 1. Good picture, video and audio quality 2. Good suction mount. Only lost suction about 4x in the past year. 3. Able to record video of the rear view as well 3. Good customer service Cons 1. Date/time stamp error. Even if I set the correct date/time, not long after (maybe within a week), it will reset to either 2000 or 2012. I thought as long as I am able to record the video, it should be ok. Until the next time it does another reset, then you lose the old video. In the screenshot I uploaded, the file name (which follows the date and time format) does not even closely correspond to the date/time detail of the file on the right column. 2. For the first 3 months, the camera did not automatically turn on 30% of the time even though it was hardwired. For the past year, I would say that it WORKED only roughly 30% of the time (factoring in the date/time stamp error). It turned on more times but with date/time stamp error. I contacted customer service and they gave instructions on how to make it work. My impression of the instructions, if the troubleshooting does not work, SD card is to blame.",2,0,negative
en_0021215,"Nice little stand... And you get 3!

These stands are great for reading or watching videos... They are plastic so not the most durable... A metal version would be great and I think ppl would be willing to pay more for a more durable metal version... Base (where your phone rests) should be bigger to more easily accommodate phones with heavy duty cases... But all in all nice product... I love that you can easily carry in pocket and take anywhere! I would and already have recommend this product",4,2,positive
en_0752941,"Looks classy !!

Recommend for sure 👌🏻 Nice decent sleek look..material is average (good for the price) finish is beautiful !! My wrist got marks of strap and buckle..thats little not-so-comfo but could be because its new now.",4,2,positive
en_0185440,"Good Quality for Cheap

Overall, great deal for the price. Love that the chairs are deep enough to curl up into. Cushions are just okay, but I was happy to get them! The rocking chairs are good quality for the price, however, I didn’t know that they came with a plastic strip and screws along the bottom. Watch out as they could scrape up your deck if you rock too hard. The table is HORRIBLE quality. The glass barely sits in it properly and it is so wobbly. The frames came somewhat scratched but I didn’t want to bother returning. It’s fine.",4,2,positive
en_0194829,"Seller made it right

One of the bulbs went out in four months.",2,0,negative
en_0347074,"Clip sucks

It is very cute, but the clip doesn’t stay clipped well at all!!",2,0,negative
en_0893144,"DOES NOT STICK WELL

Threw out this skin in less than 3 days. Adhesive did not stick well. Waste of money.",2,0,negative
en_0970262,"Its ok

It wasnt the right product but I still like it",2,0,negative
en_0662112,"I would just like to exchange it for a larger one

I love the product but it's too small and collapses on its own",1,0,negative
en_0031324,"Wrong color

I ordered it thinking it was blue because that is the color in the picture but it came pink",1,0,negative
en_0467377,"They might leak

Fill with water when it rains. Inside is foggy after 1 month",2,0,negative
en_0883820,"Quality Declining

I bought one in 2017 and decided to buy another because I liked it a lot. Currently, the quality has gone down. The leather doesn’t seem as good quality and the color is red not a dark brown. However it has the number of pages I want and I like that the back cover is different from my first purchase. Do think I would buy again though.",3,1,neutral
en_0577888,"Didn't help me.

This didn't do much to help me sleep. I have fibromyalgia, so I have pretty bad insomnia. I find that other supplements have worked better. Also, it smells awful. Like a barn. I gave it 3 stars, because it might help people who need just a little help falling asleep. However, if you have bad insomnia, I would suggest trying something different.",3,1,neutral
en_0944111,"Even too loud with ear plugs!

Extremely loud, to the point of having to leave the room and the motor has to run excessively long to fill the tank. Have to wonder how it is even legal. The coiled air hose it too tightly formed to be of any use. Might as well just be a short piece of hose. Had I not left it sitting in the box for months before trying it I would have sent it back.",2,0,negative
en_0029087,"Can't tell if it worked

Arrived hot cause Amazon said posted that it wasn't out for delivery that day so we went out for a few hours, surprise- it's status went from not arriving that day to delivered. Seller said it's okay that it was hot cause could handle some heat. Don't know if it worked. Haven't seen any signs it did or didn't. Don't think I'll get this next year.",3,1,neutral
en_0434937,"While I like the socks themselves

While I like the socks themselves, after washing them once I pulled them out of the washer and they had pulls on the front of both socks--no where else! Disappointed that happened after wearing them once. The fit of the socks though is very comfortable.",4,2,positive
en_0442420,"Super case

It looks awesome hope my grandson will think the same",5,2,positive
en_0210658,"Unpleasant Fragrance

I absolutely can not stomach the smell. I will be giving this product away unfortunately despite the the benefits of the oil. I can not get past the smell.",3,1,neutral
en_0906892,"Does not work

Did not work used it for two weeks didnt catch a single fly, even though there were tons flying around. Then it broke",1,0,negative
en_0538470,"Did not work

Did not work. Did not fix problem and the connector pins kept pushing out when I plugged in.",1,0,negative
en_0268988,"Not very thick.

My husband is awaiting hip replacement surgery. He wanted extra padding under his hip while sleeping. Unfortunately this pad only provides minimal relief. Perhaps this pad is best for a pets bed. We also found a tear in the corner of the pad. Overall the pad arrived quickly, and the price was right.",3,1,neutral
en_0920758,"Big Hit

Christmas gift for my son who loves Alien.. He loved it.. Wrapped around his bedpost , ready to strike",5,2,positive
en_0165566,"This flag is great. The colors are vivid. Worth every cent.

Love this flag. It's made well and it's hanging real pretty outside my house. I took a picture so you can see how VIVID it is. The colors are great. The picture on here doesn't do it justice. And YES my dogs are spoiled and so are my cats and my fish...lol",5,2,positive
en_0671438,"the webcam I have has a nice little threaded hole to place it directly ontop of ...

Not much to say with this product, it works exactly as excpected, the webcam I have has a nice little threaded hole to place it directly ontop of the tripod. Decent quality material, should work for you if you just want a little tripod.",5,2,positive
en_0124463,"You need to verify the installation hardware before shipping

The light covers were fine but I received a mixed batch of hardware to install them...",3,1,neutral
en_0563242,"Used this to make sugar syrup and the inside would ...

Used this to make sugar syrup and the inside would fog up. I couldn't read the temperature very well.",2,0,negative
en_0573361,"False advertising!!!

This product clearly says k-cups & the product is not that! It came as bags to brew a pitcher. I do not want these I want k-cups.",1,0,negative
en_0258779,"One Star

His too small for me",1,0,negative
en_0738178,"Meh.

It wasn’t the dress I ordered. I went by the sizing and it still didn’t fit. It was okay looking. There was also a lot of loose strings. Returning this dress",3,1,neutral
en_0379300,"Damaged up on arrival

Crate was bent along with cracked tray.",3,1,neutral
en_0240197,"Broken tree

It broke at base right away but taped it in underneath to use it!",2,0,negative
en_0618578,"Good keeps ballz fresh and dry

This product does an OK job of keeping groin area dry. It does not cake up when applied. It could use a bit more menthol in the product.",3,1,neutral
en_0599291,"Very disappointed.

Curtains are acceptable however there are no matching tie-backs. It's going to be really tough to find matching material to make them. Curtains like this should have tiebacks included. .",3,1,neutral
en_0214294,"Fantastic book, could not bring myself to put it ...

Fantastic book, could not bring myself to put it down. So good that i am buying copies for my friends for Christmas!",5,2,positive
en_0907877,"... my husband and they're not as durable as I'd like them to be

I've bought these several times for my husband and they're not as durable as I'd like them to be...have to replace every couple months",3,1,neutral
en_0456455,"Did not work with GoPro 7

This is not a substitute for the GoPro mic adapter. I plugged this into my GoPro and tried three mics - a lavalier, the Rode Mini and a Rode Pro (with uses its own battery supply) and none of them worked.",1,0,negative
en_0266574,"useless.

Broke in a few months, useless.",1,0,negative
en_0876006,"Romance at its best

A historical romance that is well written with nice story line and plot. I like it is true both in events and language to its time period. The characters are well described and likeable. They develop nicely through the story. Can love overcome what fate throws at these main characters? They have a lot to fight through before they can get their HEA. A mix of drama, danger, passion, twists and emotional ups and downs makes it worth the read. Recommendable and captivating read.",4,2,positive
en_0364102,"Five Stars

Enjoying the flame effect. Looks very realistic.",5,2,positive
en_0403081,"Defect

Half of the letters were torn. Was not able to use.",1,0,negative
en_0353501,"Didn't work for me.

This had a minimal stickiness for me, then turned more like petroleum jelly on my upper lip. The greasiness would shape the mustache but there was little stickiness to hold it in shape.",2,0,negative
en_0524395,"Not Heavy Duty

This is not heavy duty, very thin material. I can’t believe they can advertise Heavy Duty, very misleading. I have owned several covers in the past and this is not Heavy Duty material.",2,0,negative
en_0508547,"Required Reading - Tough Love Writing

This is the third Jane Davis novel I have read quite without planning to or ever having heard of her. The subjects are compelling and important to probe for our own humanity. Smash All the Windows is a dark journey with strangers you normally would ignore on the underground train, but here come to cherish in your shared grief and healing.",5,2,positive
en_0093144,"All items not included

The new washer for the drain plug wasn't with the filter kit like shown when I purchased. Now I still need to go to the dealership just to get the washer",2,0,negative
en_0763067,"It actually works!

Okay so I took this baby with me to my Yosemite trip to test it out, and it worked!! Idk what I was expecting out of it but it definitely worked. It kept me cool all throughout out hike up the waterfall! So if y'all are considering on purchase this, please do. You won't retreat it.",5,2,positive
en_0916928,"No mesh Wi-Fi support

I have the original instapot which was awesome I figured I'd upgrade to the Wi-Fi one big mistake will not connect to my eero mesh Wi-Fi they call this thing smart it is far from it if it can't even connect to modern-day networking",1,0,negative
en_0688628,"The lights are perfect, but they didn't less me that long

The lights are perfect, but they didn't less me that long. The bulbs are not as bright now, and one of them is almost not working.",3,1,neutral
en_0302051,"and if you do buy this shirt make sure you go up a size because it runs small

Didn't like the fact that the material was real then there was no give",3,1,neutral
en_0729351,"Battery lasts maybe 4 hrs...

It’s just ok but what is really irritating is the battery doesn’t last all night when it’s fully charged. I shouldn’t have to have it plugged in all night. Unfortunately this is the second set I’ve bought. The first one the monitor got broken and you can’t buy a single monitor just a camera or set. I see the battery issue hasn’t been improved in the 3 years since my first purchase...",2,0,negative
en_0298039,"Case is great but we had to remove cover

Case is great, but the magnet on the cover made the ipad go back to locked screen. I took ipad to a service center and they said it was the magnet on the cover, I thought they were crazy but I took cover off and it's been working fine. We still use case just not cover.",3,1,neutral
en_0583758,"Emma!!!

The start of the story of Emma, Jackson and Chase! Great story line,lots of heat, and promises of more to come!",5,2,positive
en_0727898,"Ehh.

You get what you pay for I guess.",2,0,negative
en_0045627,"not comfortable to wear

Quality of the band felt very cheap, not comfortable to wear.",2,0,negative
en_0693920,"The zippers are not great. I mainly use them for packing and transporting ...

Not really sure about how much use I have for the really big bags. The zippers are not great. I mainly use them for packing and transporting kids' stuff that I want to have air. I don't use them in the washing machine as much. The mesh is very fine.",3,1,neutral
en_0828880,"Nicer than the bulk foam plugs

Really great noise-cancelling earplugs. Very discrete and better than those crappy foam plugs. They seem to block out a lot of noise without making everything sound muffled.",5,2,positive
en_0419175,"It made me sad

I was disappointed with the color, it’s almost a faded color.",2,0,negative
en_0569248,"Okay

These are cheaper feeling compared to regular wine glasses. I would have paid more for nicer ones.",3,1,neutral
en_0161153,"Phone cannot connect to Google

The cell phone part works just fine but forget connecting to the google play store. Whether on 4G or WiFi, you cannot add a google account to this phone. I even tried manually updating Google Play Services and the Google Play Store apps but that didn't work. Factory Reset? Same problem. Literally a piece of hot garbage.",1,0,negative
en_0231312,"Great Jump-Rope: A Little Long

I really like this jump-rope. It is however a little long. I think they should offer a petite option for shorter people, but besides that its awesome. Great quality and easy to use.",4,2,positive
en_0761205,"For the most part liked the item but they are not very sturdy as ...

For the most part liked the item but they are not very sturdy as one ripped and another was received with the zipper damaged so could not use 2 out of 4 of them.",3,1,neutral
en_0309108,"These are good pads. We have one I purchased two years ...

These are good pads. We have one I purchased two years ago. This time I ordered two 6x9 rectangular pads and received two 8 foot circular pads. Upon returning them I had one label and used the UPS store which said I would have to buy a $12 box to place them in since I only had one label. I printed two labels but they were the same and UPS said I could only use one of them. So I have Amazon Prime and it cost me $12 dollars for Amazon's mistake.",2,0,negative
en_0069317,"Awesome kids watch!

My daughter just loves this watch! Lovely colour, great design, perfect watch for kids!",5,2,positive
en_0861064,"Coverage was fair

Coverage was fair but came off easily once applied. Also, has a kind of Minty type smell to it that I didn't care for",3,1,neutral
en_0661713,"the shaver is not that good, still able to shave with it but not ...

Three functions, the shaver is not that good, still able to shave with it but not as clear as I expected but it’s ok. The razer is perfect, I would rather us this one as razer than shaver. The nose one i didn’t try yet, but it should be fine.",3,1,neutral
en_0191660,"Not exactly hypo allergenic.

Still have eye irritation when using but not as bad as the store brands.",4,2,positive
en_0471599,"Does not work with Canon MX922 printer.

Does not work with Canon MX922 printer.",1,0,negative
en_0566276,"Great pull up strap for my gear

Good quality! I bought this becuase the rope I had was reflective and felt that may bring attention to visiting animals. This pull up strap has held my bow and pack up and down the tree stand safely and securely. It is much longer than what I really need so I have alot of excess strap.",5,2,positive
en_0283977,"Looks good.. Drilled some extra drain holes

Looks good..Drilled some extra drain holes.",5,2,positive
en_0276865,"One Star

Plugged it in my truck and shorted out headlight system. Passenger side lights will not work at all now",1,0,negative
en_0416935,"Awesome slippers but size could be a problem

I love these slippers, have been ordering and wearing for many years. Unfortunately, I wear a size 8 shoe so I ordered the med slipper which is 7/8 and it crams my toes. Had to return and get the large, which are 9/10 and they are a bit too big so I put some heel pads in them so they wouldn't slip off.",4,2,positive
en_0998910,"One Star

I had to return this phone because the operating system is not compatible with the Verizon network.",1,0,negative
en_0762214,"EXCELLENT PRODUCT! Beware of the color!!!

I love this product, bought it in black. I gave this one a 3/5 because it's not really the light beige as shown, is more of a yellow/beige.",3,1,neutral
en_0526181,"I baked chocolate cupcakes in these for my. twin ...

I baked chocolate cupcakes in these for my.twin granddaughters 6th birthday party. The cups became so greasy after baking. Also, you couldn't even tell what the image on the wrapper was. I guess you could try again with a white cake and you might be able to see image then, but still it would be incredibly greasy!",1,0,negative
en_0020385,"Don't order

I don't know, i never received it??",1,0,negative
en_0144246,"Looked great for the first 10 months but after that started ...

Looked great for the first 10 months but after that started turning a bit foggy and after a few more months starting turning that ugly yellow color as well. Also noticed while installing them they would not pop in properly into the mounting bracket would pop out after driving a few miles ended up having to secure them with glue. I will be looking for another pair of head lights in the near future.",2,0,negative
en_0841872,"Mostly cruddy

Its certainly a stylus and for some of Acer's laptops its the only one that works. Its not the worst stylus I've used but it costs way too much for how little it bring to the table. Cons: Non-replaceable nib. if its toast, its toast. Mine's about done for. Not rechargeable. Poor compatibility - mostly a fault with specifically Acer itself. Pros: When it works, it works pretty alright.",2,0,negative
en_0023067,"Two Stars

Works ok won't fit many of my hand guns, not to tight",2,0,negative
en_0751158,"Four Stars

Product is smaller than expected for the price. Very cute tabletop decoration but not for the price.",4,2,positive
en_0600883,"Beautiful results

Lots of small pieces. Punch out ability varies on weight of paper. Lighter paper tears when trying to push out. My solution was to cut two pieces of cardstock together (layered on top of each other.",4,2,positive
en_0071900,"Three Stars

Does not stay charge long enough",3,1,neutral
en_0476545,"Nice little cabinet to show off nice items

It was horrible assembling it. We needed 3-4 people since it is made of glass and not too sturdy base. For what you pay for it, it is nice. BUT, This is not an expensive ""piece"" of furniture. So after assembling, the corners and doors do not meet up exactly which lets in little puffs of dog hair if you have any fur babies running around. This item needs to be cleaned 2-3 times per week.",4,2,positive
en_0551273,"Four Stars

It was a gift so they don't have it yet",4,2,positive
en_0147940,"very light and fun to

It is thin, very light and fun to use",5,2,positive
en_0795687,"hope seller makes this an easy order change.

brace is to big . i need a size large and have to send ist order back on my dime . i hope i get reimbursed an my size large will be automatically sent to me with out having to re order.",3,1,neutral
en_0631116,"easy to install

worked as advertised",5,2,positive
en_0544785,"Sturdy. Stable. Well made. Simple to install.

This is 16 feet in length. I installed it up against a fence using a staple gun. It took less than ten minutes without assistance. This privacy fencing is stable, sturdy, built good and totally worth the money. It arrived quickly, wrapped in plastic inside a tall box. I'm buying another one. I'm very pleased with this purchase!",5,2,positive
en_0332847,"Choking hazard clip snaps off

After a month of use noticed that plastic clip popped off which is choking hazard.",3,1,neutral
en_0398073,"Falling Apart - Made cheaply

It is falling apart and is made cheaply.",2,0,negative
en_0219347,"don't have one

Since I have just received this product, I haven't had time to know for sure how it will benefit me. So far, so good.",4,2,positive
en_0280196,"That it would work well

Did not work very long had to buy a new dishwasher",2,0,negative
en_0881410,"Runs very small

Runs really small! Had to return what I bought, wasn't with the effort to buy/replace.",1,0,negative
en_0232396,"... of times at the tanning salon I got the perfect bronze, and made my skin soft and smells

After couple of times at the tanning salon I got the perfect bronze, and made my skin soft and smells good",4,2,positive
en_0460587,"Love this so much ordered two more!!

Love this one the Length is nice and long and very comfortable, so I ordered it in the navy and the red!!",5,2,positive
en_0237189,"Not worth the price

Rips off very painfully",3,1,neutral
en_0570180,"Waste of money

Such a ripoff. 15$ for a 50 cent toy attached to a $1.50 pacifier. It’s cute and it works like any other pacifier. I guess it keeps in their mouth a bit more but save your money. This is not anything you need.",2,0,negative
en_0074282,"Great Buy!

Just as pictured. This was a gift for my mom for mother’s day who has been eyeing mine for quite a while. She loved it and had used it several times! The slate gray is a great color!",5,2,positive
en_0141219,"Breakable lid and doesn’t stay cold for long

Keeps water cold for a while but the lid breaks so easily. I’ve got two of them and they both broke after one drop from hip height.",2,0,negative
en_0578228,"Runs big, really big

I purchased this in a small and it's massive. Even after washing and drying it trying to shrink it it's still too big. I gave it to my friend who normally wears size medium and it was even too big for him. The quality seems fine otherwise. It smelled strongly of chemicals when removed from the package.",2,0,negative
en_0792443,"Perfect for home espresso bar

Well packed. Arrived in a nice box suitable for gifting. Look great in my home coffee bar. Unfortunate that people are leaving negative reviews on this product based on the size which is clearly listed in the description. If you are looking for a regular sized coffee mug, this is not what you are after. These are small espresso cups. Don't down vote a product because you ordered it without understanding what you were ordering.",5,2,positive
en_0898695,"Expiration date is to be watched on these crackers

Two of the three boxes the expiration is next month. The other is for January 2020 I think it’s not good to sell something with the shelf life almost expired. Not happy",3,1,neutral
en_0787616,"This is very pretty, the abalone has good qualities

This is very pretty, the abalone has good qualities. The chain is as it looks in the picture and is a very strong and attractive chain. This pendant is fairly large, check the measurements. Some things are made to look big and are quite small. This is a decent size.",5,2,positive
en_0728547,"Too large and bulky

These binoculars are too large to carry around. It is pretty heavy will carrying around a baseball game.",4,2,positive
en_0682275,"nice frame?

I used this frame on an oil painting , so the glass was unnecessary. I noticed, though, that the inner edge is not stained... not a big deal since it matches my painting, but having this area also stained would have been better.",4,2,positive
en_0872601,"Patch covers

I've been buying these for years, lately they seem to come off easier",4,2,positive
en_0980226,"Ok brand

My niece loves the honest brand. Personally I don’t see a big difference between these and other brands",3,1,neutral
en_0004129,"Great for filling muscles.

This product is terrific for rolling your muscles. However there are much better options for trigger point therapy. The straight stick and knobs are not practical for typical trigger point therapy.",3,1,neutral
en_0269120,"Don’t

Not impressed by photo selection. Image quality is generally poor. Anybody can muse on someone else’s photos.",2,0,negative
en_0886075,"App is horrible

App is free but it constantly disconnects and won’t open shows. The app is horrible.",1,0,negative
en_0045051,"Great for your back, shoulders and hips..

So far this is the most comfortable mattress we've have owned. We have brought mattresses that cost triple the amount of this one and no not nearly as comfortable!",5,2,positive
en_0467476,"works

flavor was not that great but it worked",2,0,negative
en_0429559,"need half sizes bigger

quality as expected. Delivery on time.",4,2,positive
en_0884460,"Works but...

Double sided tape did not work, had to use my own. Other then that works fine.",3,1,neutral
en_0186082,"Three Stars

Very thin, not what I was expecting. Barely does its job.",3,1,neutral
en_0807155,"Okay, but not great

I use this to try to take some old paint off so metal and it didn't really work as I wanted to. I use 80 grit flat disc for my grinder and it did the job but I wasn't able to get into some tight spots. Maybe I used it for what it was not intended for, I don't know.",3,1,neutral
en_0295780,"Great value!

Really useful and arrived quickly. Will definitely be buying from this seller again!",5,2,positive
en_0391835,"Mild Rose Sent

Great body oil. A very mild rose sent so I added my favorite Channel perfume and now it smells great.",3,1,neutral
en_0761679,"food doesn't stick and cleanup is super easy. Curious to see how it holds up ...

Works as advertised, food doesn't stick and cleanup is super easy. Curious to see how it holds up over time.",4,2,positive
en_0022459,"Size up!

Ran way small - recommend going up two sizes",3,1,neutral
en_0192500,"Good product with little work

Thick material seems to work great, but had to tap threads out to work since it looked like they molded the threads and they were very rough and didn’t fit right",4,2,positive
en_0328302,"Convenience

I like the frogs but this year I have changed to the chlorine disc in the container in the pool. It works better for my pool and is much cheaper. However, the frog is very convenient",3,1,neutral
en_0357709,"The app for this is probably the main reason for ...

The app for this is probably the main reason for this rating. The app developers need to improve. Purchased the TiVo solution instead, Though more expensive, it is more robust.",2,0,negative
en_0385269,"Price very convenient if..

It takes a long time to charge but the price is low so if you are not in a hurry it works",3,1,neutral
en_0757067,"Two Stars

Doesn't fit into the slider rail. Sizing wrong and too stiff...not flexible.",2,0,negative
en_0805535,"Perfect for travel

It's not my first tripod and I'm very proud that I bought it. Compare to my previous experience with tripods: 1. High quality 2. Good price 3. Very light 4. Easy to use with smartphone and camera 5. Has a level for smooth installation 6. Has a remote control and connected with smartphone by Bluetooth 7. Has a fabric case I will recommend it for travelers!",5,2,positive
en_0959031,"shampoo

Does not work like advertised.",2,0,negative
en_0050796,"Battery life is miserable

The battery only lasts for 10 minutes. If you buy this car, buy a better battery right off the jump or you will have sad kids.",3,1,neutral
en_0976089,"Does not work well in low pressure, some of ...

Does not work well in low pressure, some of the jets barely have water coming out. I will try another product.",3,1,neutral
en_0598471,"These green leave strands are in small strands for various ...

These green leave strands are in small strands for various kind of combination. I combined 3 strands for the decoration in the first picture. If you need longer strand, you can combine 2 strands. The strands are very flexible to fold into any shapes.",5,2,positive
en_0197033,"HORRIBLE STENCH

HORRIBLE. This product has a repulsive stench, could NOT get it out of our home after we unfortunately sprayed the trunk of our live Christmas tree, as recommended to kill any live critters. Thank GOD we didn’t spray the rest of the tree. Literally the most disgusting smell ever, I don’t know how ANYONE could possibly use this product on their skin. Threw away the entire bottle immediately.",1,0,negative
en_0063039,"Four Stars

Quality of screen print could be better",4,2,positive
en_0831045,"Works

Does what it's supposed with no issues thus far. Kind of hard to rate a cable like this, it either works or it doesn't lol.",5,2,positive
en_0564214,"Two Stars

It’s a great product but it wasn’t easy to put together and it’s missing one screw.",2,0,negative
en_0842646,"Size

So cute but not a true medium. Runs pretty small.",2,0,negative
en_0027203,"to small

to small to fit cup holder",3,1,neutral
en_0631792,"Three Stars

The watch looks bigger in the picture. Turns out the band is really thin, still cute though.",3,1,neutral
en_0211667,"Worth the shot

Pretty decent horror/suspense movie. But a little too gory and violent.",3,1,neutral
en_0136736,"DO NOT BUY THESE!!!

Did not come with Velcro straps and the charging speed is terrible. It'll take almost an hour and to gain a 10% charge and don't even THINK of using your phone while charging because it will lose power. I'd like to add that I bought these a little over a month ago and all three are completely useless and will not work. What a rip off.",1,0,negative
en_0626614,"Did not fix X5 Windshield

Did not fit my X5 windshield as described",1,0,negative
en_0149068,"If you have a long torso this may not be the best selection but the fabric is great

I still like the dress and will wear it, but it is a tighter in the waist and is a little short waisted",3,1,neutral
en_0602949,"Four Stars

It's very light weight storage bag.Large storage bag.This storage bag is foldable.Lot of space for blankets and towels.",4,2,positive
en_0091764,"Highly absorbent

Great for extra absorbency, especially for night use, and they dry easier/faster than the microfiber.",5,2,positive
en_0465560,"Nice cushy insole but no arch support

Nice cushy insole but no arch support. If you replace memory foam insole with arch support insole, shoe has no cushioning at all. Made my feet ache horribly. Only get if you don’t need arch support.",2,0,negative
en_0955166,"Plastic tabs break VERY easily.

Mostly satisfactory but you will most likely need a drill and zip ties to hold some of the shelves together. The tabs on the shelf broke off while trying to clip them on. It doesnt take much force, if any to accidentally chip the tabs off. I had to drill holes near the broken tabs and zip tie them on. Zip ties and drill sold separately.",3,1,neutral
en_0045238,"Nice set for young readers

Son enjoys reading these",5,2,positive
en_0440309,"That it's part of series.

It was just a little too long. Even though it is history, it was boring which most of his books of this series are not.",3,1,neutral
en_0987807,"Value for money

My car was suddenly stopped on the road. Urgently needed the device. The tester was inexpensive, easy to use; I was very satisfied.",4,2,positive
en_0252148,"Variety

These are great, but I used my dry erase board with my toddler and if she accidentally draws on something else these don’t always come off the best. Other than that it’s a nice set.",4,2,positive
en_0504505,"NOPE

Stopped working after a month! DO NOT BUY",1,0,negative
en_0119316,"Great short length

Nice and short. Good regular quality. Adhesive is durable, even a little hard to take off.",5,2,positive
en_0349368,"Great Stories!

I really enjoyed the compilation if stories in this set. Bravo to all the authors who contributed a who-dunit. The settings were wonderful and the characters were well-developed! I look forward to more great stories from these ladies!",3,1,neutral
en_0817947,"Four Stars

while i like this it is kinda slow to pop",4,2,positive
en_0363747,"Not very reusable.

They apply product great, but after 3 tires it started flaking apart. A bit expensive to be one time use IMO.",2,0,negative
en_0171859,"Fit great! I love them! They broke :(

Fit great! I Love them! They broke :( The buckle broke within minutes of trying them on. I still love them though. A minor fix with some pliers and they were back in action!",4,2,positive
en_0719914,"Shampoo doesn't lather

The consistency is watery like egg whites liquid hand soap is thicker. It took a few pumps (6 pumps) and 2 applications to feel like my hair was fully cleansed.",2,0,negative
en_0638464,"Good but expensive

My dog loves this food but very expensive",4,2,positive
en_0299701,"Helpful book

Helpful book for AP exam.",5,2,positive
en_0567096,"Good

the package arrived but it is not the color that I chose",3,1,neutral
en_0130911,"It just a bit off like your wearing white paint

It doesn’t fit exactly how the picture shows. I guess it might look different on some faces, but when I wear mine the skull from the top jaw looks decent, but the teeth are stretched out across my face. That’s all you see is the teeth stretched out. It just a bit off like your wearing white paint.",2,0,negative
en_0002860,"Pretty color but tight fit

Its a pretty color and my teenage son likes the color, but it's to tight to wear comfortably. Hes not large kid so it's not his head size that's the issue. Hes currently trying to stretch it out.",3,1,neutral
en_0846781,"Three Stars

Wish the ends were more tapered",3,1,neutral
en_0199037,"Well made

Very well made. Not as long as expected for a tunic top but still a nice length for wearing with jeans or work slacks.",4,2,positive
en_0638881,"3.5 Unfulfilled Stars

""It's either dramatic as hell, or boring enough to make you want to off yourself. There is no in between"". A quote from this story but is identical to how I feel after surviving this book. I feel like the author was more connected to Kade, when we finally started getting his pov, the story marginally improved. My biggest issue was the redundancy of Ainsley's hesitation, good grief, you beat that to death and quite frankly, to quote Ainsley, it was pathetic, she flip flopped between priorities too easily and considering she's a grown woman, I had a hard time relating to her emotions, at times she felt like a rebellious teenager. Just wasn't the book for me, everything happens too fast, there is no anticipation and very little depth.",3,1,neutral
en_0405203,"Dark and milk chocolate varieties, in one bag

Reordered for Christmas, same as last year. It makes a great stocking stuffer for my husband but ,as I like the dark chocolate best, perfect for me, too. Arrived before the estimated delivery time, despite the Christmas rush and my very late order date.",4,2,positive
en_0338821,"The plot of the story

The story was slow not enough action going on",3,1,neutral
en_0117076,"Faulty components but it’s what you paid for

Bought two of these guys. All in all not bad, but the components are very cheap and you will most likely run into at least one part that’s faulty. For me it was a faulty display. Sadly the product wasn’t usable due to this fault",2,0,negative
en_0821328,"Great product

Great product! Perfect for Manhattans.",4,2,positive
en_0907554,"Four Stars

Good headset, does the job as far as giving you privacy. Wish the sound quality was better though.",4,2,positive
en_0328721,"Right tool

Very compact and easy to use",5,2,positive
en_0867824,"...

It looks used. Not to happy with it. It does work.",3,1,neutral
en_0928485,"Seems cheap

I purchased the peach colored one and within 2 weeks, it is already discolored. looks like there is black coming through the band. Poorly made or just a cheap seller.",1,0,negative
en_0676092,"Three Stars

They're nice, but the sole has split apart at the toe after only 3 months.",3,1,neutral
en_0560673,"works well

Needs to be a little longer",3,1,neutral
en_0324703,"Deceptive image

Read the fine print. Expensive.",2,0,negative
en_0786676,"better quality if you expend a few dollars more

The material is ok, the brand is good, but mine is already breaking into pieces in some areas. For a few dollars more you could buy a better option from the same manufacturer. My wife has a beautiful one that is brand new compared to mine.",3,1,neutral
en_0651411,"Three Stars

The clip is too big for my harley",3,1,neutral
en_0025089,"Great bag, smells like animal cage.

Great size, great material, pretty color... SMELLS TERRIBLE. Like, what on earth? It smells like a hamster lived in the lining before it was sent! I currently have dryer sheets in it, praying the stank goes away.",3,1,neutral
en_0647246,"Perfect for small spaces

I use it in a small grow tent to keep humidity down. Works great for small spaces.",5,2,positive
en_0715075,"Very good product

Very good product and seller, I recommend, and I'll buy another one for sure.",5,2,positive
en_0129973,"It doesn't work and had dings on it

Bought as a Xmas present for a family member just and found out it has never worked",1,0,negative
en_0529898,"Three Stars

Was expecting a little higher quality material.",3,1,neutral
en_0364235,"Big people friendly!!

Great for overweight people!! Wide enough and study enough! Comfortable too!",5,2,positive
en_0626985,"Not big enough for smart key

Not big enough for smart key",2,0,negative
en_0263192,"Material discolored too soon .....

Not quite fit and discolored / wear out too soon.",3,1,neutral
en_0763848,"Waste of time and money

Very flimsy toilet, definitely pay an extra $4 and get a summers one. Return and its been 10days and have not seen my money back in my account",1,0,negative
en_0417121,"Good popcorn and family

Classic better than new movie",4,2,positive
en_0201049,"NOT FOR EVERYONE

This movie was funny at times but mainly predictable. A movie to watch at least once in awhile.",3,1,neutral
en_0208312,"Seller doesn’t respond for warranty replacement or repair

We purchased this item August 2018. They were fine for a few months then the lining split and the filling is coming out. I contacted the seller a couple of weeks ago about the warranty. He seemed like he was going to be workable, then quit responding. I have sent 3 emails that have not been responded to. I even called again this week and he said he would call me within 24 hours, that was 3 days ago. I even indicated that we needed them ASAP for my sons class at school. Will update when and if we reach a resolution.",2,0,negative
en_0482189,"I LOVE it!!!!!

I couldn't ask for a better product!!!! I absolutely love it. Fast and easy juice and easy clean up.",5,2,positive
en_0877590,"More like a BEATER!

This mixer is overly powerful. I've only used the LOWEST SETTING. Trying to mix a batch of cookies or a cake is disastrous. It throws batter everywhere. My husband found frosting in my hair! Even on the lowest setting, I can beat eggs whites! You definitely need an apron with this mixer and a strong arm to keep it in the bowl. Way too much power!",1,0,negative
en_0958387,"and the components of the kit are all fine, but the bag is awful

As advertised, and the components of the kit are all fine, but the bag is awful. Velcro on the straps starting disintegrating on my second ride, and by the end of the first week I had to use zip ties to keep it attached to my bicycle. Ended up tossing the bag and keeping items (sans pump) in my saddle bag.",2,0,negative
en_0096634,"Don't buy these

These are terrible. All 3 stopped working within 10 days",1,0,negative
en_0861107,"Charge Port cover broken

Charge Port cover is broken with less than 4 months of use.",2,0,negative
en_0734760,"Too Slippery

This is a very nice looking case for the Samsung S9. My issue is the case is way too slippery. It has no sort of grip and it has fallen out of my hands a few times. I would not recommend this case. I will have to purchase one with more grip.",2,0,negative
en_0458982,"The width options are great but the tape isnt sticky enough

The width options are great but the tape isnt sticky enough. You have to handle it to a certain degree as it is so thin but when you tough it it loses its stickiness.",2,0,negative
en_0056494,"Realistic characters

I loved the characters. Plot moved well. It was smooth reading. I will look for book one next. I didn't have any idea who the murder was .",4,2,positive
en_0092452,"Meh

Fits perfect, way too sheer it shows EVERYTHING and the V neckline isn’t as deep as I wanted it.",3,1,neutral
en_0235489,"not as nice as I expected and I should have read the ...

Ok, not as nice as I expected and I should have read the dimensions more carefully, but for the price a good deal.",3,1,neutral
en_0241612,"Product is good but poor in shipping protection

I have antique floor lamps. This is only place I have been able to find the bulbs. However, I had to have them resent because the first order came broken due to insufficient protection in shipping. In other words they did not come bubble wrapped to protect the bulbs.",3,1,neutral
en_0061324,"Runs a little small

I love the color, which is a little lighter than expected, but LOVE it... Although a tad too small, I sent this one to my daughter and re-ordered the next size up. Both of us are happy now!",5,2,positive
en_0380486,"Pretty but hard to read

The print is really small and it is hard to read.",3,1,neutral
en_0829934,"Great tasting tea

Great tasting, mellow cup of tea!!",5,2,positive
en_0977087,"Got it, it works. but the mouth of ...

Got it, it works. but the mouth of it is smaller than I thought it would be. Even with my 30oz filled, I have to raise it almost upright to get any water out.",3,1,neutral
en_0910940,"It was great for a couple months and this is the second ...

It was great for a couple months and this is the second one that I have owned of this exact mouse but now it is very noisy when i scroll down (same thing happened with the first one). Just ordered another quiet mouse of a different brand to try out",3,1,neutral
en_0152249,"Everything a Grandma Needs

Everything a grandma need at a great price and easy storage.",5,2,positive
en_0731219,"Still going strong but the part that the bolt is ...

Still going strong but the part that the bolt is holding has snapped and the top pops off when I pull it out",3,1,neutral
en_0032615,"I am really leaning towards replacing them with ones with a better rating. I have had these for over 6 ...

The receiver is very positional. If the angle is slightly off, the performance is severely hampered. I have tried it on the mantle and a shelf about seated eye height. Many times, I have to press the remote button several times to get the operation to occur. I am really leaning towards replacing them with ones with a better rating. I have had these for over 6 months.",2,0,negative
en_0045727,"Cute but small

I have medium sized hands (I always use medium gloves) and these oven mitts are a very tight fit, even a little uncomfortable. Otherwise they are fine and look good.",3,1,neutral
en_0071393,"Love it!

Absolutely love this book. Every word within uplifts, encourages and motivates me.",5,2,positive
en_0143246,"Pages don't tear out cleanly

Weak perforations cause the top of each page to look like Cookie Monster had a go at them.",1,0,negative
en_0127364,"This accessory is not supported by this iPhone

Doesn't work, music will play for around 30 seconds, and then a message appears ""This accessory is not supported by this iPhone"" Spend a bit more money to get the official apple one.",2,0,negative
en_0688631,"Great price

Love them, very sturdy. Big enough for 3 teenage boys!",5,2,positive
en_0588317,"Product Quality Has Changed

I first bought this pillow in January and loved it so much, I ordered two more. Unfortunately I have to send them back. they don't hold their shape like the one I got in January and they are very load. When I saw the negative reviews about this issue I thought people were complaining about the small sound the pillow makes when you shape it. But the new ones are very when you move your head. Maybe the manufacture got a bad batch or something. It's really too bad as i love the one I got in January.",1,0,negative
en_0696961,"smelled fishy

smelled like fish and annoying to separate but they were fine for the price",3,1,neutral
en_0141880,"Meals were difficult and required a lot of prep time

Most of the meal plan didn't use the same ingredients so I wasted lots of food and spent hours prepping. Wasn't for me",3,1,neutral
en_0747913,"I love love LOVE this mat

I love love LOVE this mat. I've Never had a mat as great as this. It doesn't slide around at all while I am stretching or doing planks. Every other brand of mat I have ever tried has. Would recommend to my friends and I may buy another for my kids.",5,2,positive
en_0152805,"Great bunion relief!

Great product and value! It helps with my bunion and gives relief. Fast shipping as well!",5,2,positive
en_0198831,"Cheap fabric

Cheap fabric. Does the job",3,1,neutral
en_0263027,"Works

It does what it says it does.",3,1,neutral
en_0883927,"To small

To small!! If you wear XL clothing this even the xx-xxx will not fit comfortably.",3,1,neutral
en_0785113,"Cheap price, you get what ya pay for.

Used it first in the dishwasher, residue of detergent covered the hat. Used in the washing machine, got my Blues hat clean. Warped the plastic just a little bit. Good for the money, think I’ll get at least two more uses out of the deal.",4,2,positive
en_0473337,"Eh... Not what I wanted

Toe area is very narrow. Not a huge fan",3,1,neutral
en_0615545,"It didn't come with everything the bundle says

The jewellery is good but it didn't come with the natural book like it said it did....",3,1,neutral
en_0288311,"not pre seasoned

This is advertised as pre seasoned but smells awful and chemical like when I took it out. It also sticks terribly unlike the lodge preseasoned cast iron I had previously. I'll have to season it but haven't gotten around to it.",2,0,negative
en_0996202,"they are worthless!

Used this product for leaks, no help at all . I would like a refund, but I guess it's too late. could someone from amazon try to help. I'v been in the hospital for a long time, or I would have returned them .",1,0,negative
en_0388645,"Not bad

It works but seems like a temporary fix.",3,1,neutral
en_0811739,"Two Stars

Looks cute but very cheap plastic. Fire truck broke in 3 days.",2,0,negative
en_0441966,"Never received

We never received the package and there isn’t a spot on Amazon site to report this.",1,0,negative
en_0447061,"Dog liked it

My dog really enjoyed it when I gave her this ring to play with. However, it didn’t take her very long to shred it to pieces. Was good while it lasted.",3,1,neutral
en_0258231,"provide required drill size to use.

The cups work fine. The problem was the size of the taps. No info came with the cups so used the 3/8"" drill bit like normal and found that was much too large of hole. Next size down 5/16"" made too small of hole. Had to go out and buy a special drill bit just for this package of cups.",3,1,neutral
en_0012969,"Not Durable Tops

Loved these when we got them. Unfortunately 2 tops broke within the first month and we just had a third one snap. Was really hoping I’d solved the lunch box dilemma. Back to the drawing board!",2,0,negative
en_0820515,"My husband loves it

My husband wants more Bigfoot scent so he can be wilder... He loves it but after I told him the price he started limiting his use.. saving it instead of using daily.",3,1,neutral
en_0775746,"Don’t waste your money

Crappiest screen replacement the colors are lighter than the usual messages to android are light green and iPhone light blue the screens keeps flickering I opened twice to make sure everything was connected properly can’t even talk on the phone because it shuts off and can’t hear anything through top speaker have to talk over speaker phone. Don’t waste your money",3,1,neutral
en_0400784,"Open and cracked product

Product lid came cracked, also slow grow hair minimizer was open and all over the package. Wish I could exchange for a new one",2,0,negative
en_0041148,"Buy it because you need this book!

One of the three best books on the subject of sub design and history. You need this book!",5,2,positive
en_0890765,"Dirt sticks onto the product

I like this product, like the shine it gives on my tires, just that when it’s windy dirt will really stick onto the tire shine, other than that it’s great and works on trim etc.",4,2,positive
en_0870206,"Great purse except for zipper failure.

I have really enjoyed this purse until the front zipper utterly failed. General use on the zipper and in less than eight months it quit working properly. Now I have a very nice purse that fits my needs but cannot contain anything in the front pocket. I have put up with it but it is very frustrating. I am trying to contact the company about this problem.",3,1,neutral
en_0954047,"Three Stars

this didn't work for me. I found out I needed a different one for my locale.",3,1,neutral
en_0426666,"hard to attach

cheap looking. impossible to attach to shoulder with string attached, had to use tons of safety pins",3,1,neutral
en_0959125,"Perfect product

This is a solid case for Tab S6. Was very easy to install and gives me feeling that this case will surely protect my Tab S6 at the time of falls and shocks.",5,2,positive
en_0299683,"Really loose below bust

I usually wear large, but ordered XL based on the item measuring chart. It fit OK in the bust area, but a little wide in the shoulders and it then widens out dramatically below the bust. The flare would have been better suited for a skirt than for a top. If I went down two sizes for the bottom part to be better fitted, then the top part would be too tight. I wish it fit because the pattern was pretty and the fabric was soft. More of a t-shirt than dressy but not see through. Probably OK for ladies who are smaller up top.",3,1,neutral
en_0251959,"great price and easy to use

Tags are a convenient size, easy to use, and are a great price. Arrived quickly.",5,2,positive
en_0354199,"Two Stars

Update: company kindly issued a refund or offered to replace the product and gave suggestions on how to make it stick in the cold weather. Would not stick to my door, not even for a minute. Needed to nail it in place",3,1,neutral
en_0908473,"it works until it doesn't the misters get stopped up constantly

costs to much for what you get",3,1,neutral
en_0757330,"As I said... the bag the candy ...

As I said...the bag the candy was in tore.",3,1,neutral
en_0456091,"Breathe of fresh air

Very good for my 2 cats, keeps the smell away",4,2,positive
en_0337022,"More comfortable than my 4in memory foam

Pleasantly Surprised! More comfortable than my 4in memory foam! I'm buying another one now for a guest room",4,2,positive
en_0434900,"Good size but thin

Size perfectly for the cards however the plastic is thinner that I find acceptable for Premium sleeves",3,1,neutral
en_0622618,"A fair read

Fair attempt at telling a story worth telling. I like the introduction of a plausible suspect. Useful information about the nature of policing in the time. Patching writing in places but decent conversational tone throughout. Hard to keep track of all the killings but fair attempt to do that for the reader.",3,1,neutral
en_0435328,"Useless

Opened the box, opened the shears, can't close them. Catches so bad they are unusable. Two sides are not lined up. Tried loosening and tightening the screw, nothing helped. It's like they're warped.",1,0,negative
en_0367093,"Good mats

Giving it a 4 because passenger mat does move around a little. Keeping my floors like new and cheaper but same quality as competition",4,2,positive
en_0522172,"wayyyyyy too sweet. I would only recommend if you love you ...

Way, way, wayyyyyy too sweet. I would only recommend if you love you sugar with coffee, as opposed to coffee with sugar.",3,1,neutral
en_0585659,"An excellent ""cook"" book!

I just started a modified KETO diet and this boo was recommended. Some great recipies and excellent advice.",4,2,positive
en_0807715,"It works

Plastic pcv but it serves its purpose. Good to have ..",4,2,positive
en_0987178,"A little long.

Very comfortable!!! Great for a nice summer dress.",4,2,positive
en_0323015,"Battery life not lasting as long as expected.

Hi I expected the battery life to last longer than it is. As it is I am only able to get one charge from the battery pack since it’s already on red when I switch on for the second charge.",3,1,neutral
en_0987372,"Looks Great, Don't Last

I printed a dozen pages of labels for my various jellies. The color was terrific! Three days later, I put the labels on 120 jars. After one day in the refrigerator, the ink had run and I couldn't even read the label. I then ran my finger across the other labels still in boxes and the ink ran on them. I have had to re-do all the labels on my black and white laser jet. Life goes on.",3,1,neutral
en_0849303,"Three Stars

Nice quality, but should have purchased the next size up for all 3 pairs.",3,1,neutral
en_0863763,"The screw might come loose while using it

Screw came loose on me while using it",4,2,positive
en_0245987,"Feels pretty good for plantar fascia pain.

Definitely not the magical solution. They are nice because they do not move around much in your shoe and do provide some support and stimulation to the foot. I did think they would be a little more firm so that was disappointing. Overall not bad but I prefer some of longer (3/4 length of your foot) and more stable inserts out there. If the only problem you have is pain in the heel, rather than elsewhere in the foot, these are worth a try and are not overly expensive.",3,1,neutral
en_0319515,"Bad Script, bad acting, bad all around

This is not a good movie. I'm surprised Amazon is devoting any space to promote it.",1,0,negative
en_0728938,"Hard to open and close and small

The containers have to snap in four places to close making opening and closing inconvenient. They are pretty small compared to what they look like online, cannot fit a bag of flour etc....I ended up putting pasta noodles and candy in mine as they didn’t hold what I though they might. The labels and chalk pen work great and are really cute though",3,1,neutral
en_0485705,"Good overall.

A bit pricey for what you get but it's a nice card organizer & holder.",4,2,positive
en_0628296,"Worth the price

Excellent size for weaning kittens. Great for bottle fed babies. Worth the cost.",5,2,positive
en_0608422,"Really pretty, a little big.

I'm a solid 36D, and the large is a bit too big. I may shorten the back so it fits better.",4,2,positive
en_0497876,"That you can use the charger unplug when its too hot

Was charging my phone ..sometimes the phone was getting to hot .one was too warm or too hot",3,1,neutral
en_0393067,"Not Quite MINI

Daughter started taking these . . . not quite the min-tabs we had hoped for. Still waiting to see if they help with focus like they claim. Will keep you posted.",3,1,neutral
en_0084648,"Terrible construction, flimsy, didn't last a month

Nice looking, but extremely poor construction means that the cushions that are haphazardly screwed into the metal bases come undone within a few short weeks. Avoid these because you are just going to have to spend money to replace them within a month.",2,0,negative
en_0681617,"I got this and it worked great for the first 2 months

I got this and it worked great for the first 2 months. Now, if my dog cries even slightly it goes off. If another dog barks, it goes off. Great product when working correctly.",3,1,neutral
en_0088995,"Doesn’t work

This product does not work, does not hold a charge and my right AirPod will frequently go out. I missed my return window I wished I hadn’t.",1,0,negative
en_0803651,"Shiny colors and low power consumption

I received my wifi bulb today and it was so fun to use it. the installation app is user-friendly and easy to set up. I connected it to my google home device and it works perfectly. the bulb is just 4.5 watts which is so low power and economic. It has seven main colors and you can even select the shades of the colors. works with sound also that makes it perfect for parties. I love it. Update: using one light bulb may not be enough to light a regular room. Use multiple of them or with some regular lamps.",5,2,positive
en_0885222,"Garbage

Cheap Garbage! After using his gas lens kit for five minutes on a 6G pipe test, I tried to change the cup and the 1/8 has lens got stuck in the cup after being barely tightened. Upon removing the lens the entire gas lens came apart in my hand. So I tried the 3/32 and the same thing happened! Needless to say, I had to switch to a regular collet/collet body set up! Buy from Jody at welding tips and tricks!",1,0,negative
en_0292794,"Three Stars

I think this relieves the pain somewhat. Maybe I need to try the stronger version",3,1,neutral
en_0195082,"Short life

Loved this charger at first - so much that I bought another one for my kids and one for a relative. They charged quickly but within a few months, they no longer work. So disappointed.",3,1,neutral
en_0439364,"Damaged

I can't really fairly review this product as it was damaged when I received it and I could not assemble it due to a bent component. Doesn't look like it happened in shipping. Returned it for refund and went to local Medical supply store.",3,1,neutral
en_0495777,"One Star

Get more light out of a candle!",1,0,negative
en_0089277,"Received 2 instead of 8!

I have bought these several times. The description clearly says its 4 per packet. I am used to buying 2 packets at a time. I did this again like I have done before and received only 1 bag!",1,0,negative
en_0076029,"Like wearing Bear Traps on your feet.

I've only used them three times this past ice season, but I felt like I could've climbed Everest with them. Im gettimg to the age where if I fall I may break a hip (I'm not really THAT old yet). So far, I'm impressed and fracture free.",4,2,positive
en_0000457,"Nope

Really cheaply made, stopped working within a week",2,0,negative
en_0460155,"Too high priced for quality of product.

Nice design but very cheaply made considering the price point. Stem is crooked and design impressions are shallow. Finish is imperfect. A little disappointing.",2,0,negative
en_0315249,"An alright jet tag

This is an all right jet tag. I like the overall look, the only downside is the quality, I have another jet tag that feels stronger. Then again this is my second jet tag, so the first one set the bar really high.",4,2,positive
en_0255823,"Excellent product

Well-constructed product. It’s very secure, as well as easy to use. I’ve used other safety belts for my dogs, however, one would step on the seatbelt latch and the belts would release. The design of this safety belt prevents that issue. Love this product!",5,2,positive
en_0820448,"Excellent book

I have followed all your books and have e enjoyed reading them. I'm looking forward to seeing this series continue and waiting for your new series.",3,1,neutral
en_0756311,"Get this for the scrunchie and pick!

I'm probably doing something wrong but I cannot get this towel to stay on my head at all! It's like the size of a hand towel. My hair is chin length. It also does not dry fast, but I live in Florida, so maybe it's the humidity, I dunno. I love the scrunchie and pick!",4,2,positive
en_0672021,"Three Stars

Box arrived damaged.",3,1,neutral
en_0751391,"Skin is smoother

Love the texture. Does not clog pores and has improved my skins texture. I’m not sure that it helps with wrinkles but if bumps are what’s concerning you try this out!",4,2,positive
en_0424919,"Whole season did not drop

Ordered assuming entire season dropped and now own what I can watch on my regular TV for free!!!",1,0,negative
en_0874260,"Sandy Salt!

I purchased this salt back in September 2017. Seemed fine. Now that I'm getting closer to the bottom of the bag my food is seeming terribly sandy! It had ruined several of my family's meals before I realized what was going on. Very disappointed now. I guess I'll use the rest for bath salts. 🙄",3,1,neutral
en_0867803,"look awsome

Very nice ,preforms great .Wonderful",5,2,positive
en_0576368,"Three Stars

They did not work for what I needed, the pins were to small.",3,1,neutral
en_0370817,"Full face mask

The fitting was not comfortable and the mask was heavy.",4,2,positive
en_0386023,"Slap ya Mama!

Delicious on meats, poultry, seafood, gumbo and just about any dish!",5,2,positive
en_0839052,"False advertising

Advertised wrong product, doesn't fit on pixel 3. Need refund.",1,0,negative
en_0362699,"Great vision but uncomfortable

I do like the clarity of the lenses and the polarization is quite helpful, especially when driving. The problem with the frames is the nose pads nearly dig holes into my nose, and therefore I can no longer wear them.",3,1,neutral
en_0587677,"Highly recommended this book!

I found this book about the Keto Diet to be very helpful, as consuming a diet in healthy fats has shown to be beneficial to health. Highly recommended this book!",4,2,positive
en_0465580,"useless

completely ineffective.",1,0,negative
en_0289370,"I would've given it a better rating. Because it would've been perfect

I ordered a size 4 based on the size chart provided. My son is 45 inches and 40lbs. It took weeks to come and the tag says it is size small. It is huge. WAY too big. This size 4 fits my 10 year old who is 54 inches and 75 pounds. I'm now awaiting to see if I can return it. If it was anywhere close to the size chart, I would've given it a better rating. Because it would've been perfect.",1,0,negative
en_0697999,"Too small

Way to small for my big head.",3,1,neutral
en_0267514,"Dog won't eat it

Dog won't eat unless it's mixed with wet food.",2,0,negative
en_0386360,"Sleeping on a Cloud!

Very pleased with the quality and price. Love the feel of the down pillows... so different from foam. Took the chance on the purchase bc they were inexpensive based on the generous fill power. They were very compressed when they came out of the carton but seem to be expanding daily. Highly recommend!",5,2,positive
en_0096590,"Good!

I like quality, although the color is between grey and navy.",4,2,positive
en_0088856,"Powder

Works as intended nothing special,good price though",4,2,positive
en_0723757,"slightly disappointed

pennies are some what sorted, 9 rolls nothing before 1940 & newer. no low mint coins in the three batches I purchased, all rated good to fine with a couple high mints that were ex-fine",3,1,neutral
en_0331560,"Waste of money

They will not work in an HP printer",2,0,negative
en_0735281,"It works

Worked pretty well. I was actually pleasantly surprised with its effectiveness and lack of odor.",4,2,positive
en_0057224,"Dog loves, but squeaker deflates easily

My dog loves these, but they deflate so easily. She has two other one of these owl squeakers from the store and I was somehow hoping this one might be different, but it deflated and folded over in a day and it's hard to reshape the squeaker back to its original size.",2,0,negative
en_0226569,"Haven't seen a significant difference

Seemed like it was working right after use bc it brought down the inflammation and redness of my breakout but after time it's right back. Sadly I haven't seen a significant overall difference and still getting breakouts",3,1,neutral
en_0722732,"Did not look like the picture

The socks that came were all black with dingy gold trim. Disappointed. The socks in the picture look brighter and have the white background to see the logo.",2,0,negative
en_0485258,"Love these. Work good and Better for the environment

These are good for the environment. So buy them. Save our planet if you don’t want to wash dishes",5,2,positive
en_0020328,"enjoying this series

series continues to be well written and interesting",3,1,neutral
en_0297093,"It's good for walking around

Okay overall. It's good for walking around, but not for they gym. It needs an air pressure valve because in the gym when you want to drink more quickly it feels like your head's going to implode from sucking so hard.",3,1,neutral
en_0901377,"Ok

I love the rug but not for the price! I was disappointed in the size but that's my fault for not measuring.",3,1,neutral
en_0167044,"It was a little hard for a 6 year old but with some help from his 7 year old sister and parents they had a wonderful time puttin

I bought this for my grandson and he absolutely loved it.",5,2,positive
en_0525327,"A bit small.

Works fine, but the size: A biggish salad for one or 2 small side salads. Really a bit too small for two, whereas the regular size version is a bit too big. I am goldilocks and I can't find a salad spinner sized to suit...",4,2,positive
en_0473403,"Vibrating seat is not that good of quality

Only 3 stars because not only you can bearly feel the seat vibration it stopped working after 3 days. Most likely refurbished",3,1,neutral
en_0260069,"Nice

It’s a nice case big and bulky if that’s what you’re looking for just did not fit my phone as well as I expected. It kept making my screen protector on my phone lift up so I stopped using it",3,1,neutral
en_0886325,"Does the job

Although the stands appear weak, they are supporting. tiles on my shelf.",4,2,positive
en_0352886,"Poor quality control!

I purchased two pair and one has great optical lenses. But the other pair is like looking through a runny paint job. Don’t waste your time!",2,0,negative
en_0738021,"Really loud!

I like these alarms, I gave one to my daughter, one to my granddaughter and kept one for myself. The noise is REALLY loud and it's easy to pull the cord and set it off, but not so easy that I'm worried that I'll set if off by accident.",5,2,positive
en_0753606,"Scratchy

Bought this for my wife, and she did not like it at all. Very ruff, scratchy feeling to it. Extremely thin material. Much smaller than expected. She wears mediums in pretty much everything, but this medium felt like a small on her.",3,1,neutral
en_0578157,"need to return it should my doctor today and it ...

need to return it should my doctor today and it was not right at all i want to get another one",1,0,negative
en_0788408,"Two Stars

not a page turner, but it was okay",2,0,negative
en_0787432,"Durable goods

I like it but it was too heavy",4,2,positive
en_0033701,"Don't waste your money.

Bought for my husband they didn't work at all returning.",1,0,negative
en_0348707,"Not a learning toy.

This toy is not really a ""learning"" toy. My daughter has been wanting one for a while so I finally got her one for her birthday and she likes it a lot.",4,2,positive
en_0654316,"One Star

Product never showed up.",1,0,negative
en_0160588,"Didn't work for my queen-size bed headboard (possibly because it ...

Didn't work for my queen-size bed headboard (possibly because it was older) but the screw holes didn't line up so I returned it.",3,1,neutral
en_0387986,"Ridiculous.

Wasted money. Center openings prevented gas from igniting even when I trimmed the opening. These were tossed before I could return.",1,0,negative
en_0694669,"Linty and unattractive

This cord was neatly shrink-wrapped on a spool with an attractive label; however, the cord itself had some unappealing quality-control issues. The black cord had a lot of lint and other small debris lodged in the fibers, making the product appear old and pilly. I have included a close-up photo so that you may see for yourself. Overall, I am dissatisfied with this product.",2,0,negative
en_0355856,"Seems like quality!

Very nice bright LEDs, only time will tell as far as durability",5,2,positive
en_0534617,"It good and loud

I feel like it dies fast. But that could just be me forgetting how long i use it",4,2,positive
en_0567049,"So small

These are soooooo small. Not even sure what size I could order just to cover my bum. Sucks because they are very well made. Order up 2 or so sizes.",3,1,neutral
en_0545467,"So so washi tape

This is a nice set of washi tape but the tiny side pieces are so narrow, you cannot even unroll them.",3,1,neutral
en_0348010,"thinking that it would be good for my African Grey Parrot

I bought the medium size, thinking that it would be good for my African Grey Parrot. The Java tree was very different than in the picture, which I expected. Some of the branches extended outside the base, which is messy and most of the branches were very thin. Can't use it.....",2,0,negative
en_0540062,"Very disappointed

Great looking lighter used it once didnt work after the first use ...very disappointed with it i tired recharging lights on but nothing",1,0,negative
en_0168140,"Great Book and Loving it!

Great Book and Loving it!",5,2,positive
en_0840543,"Thin material

Very thin material . Won’t buy again",2,0,negative
en_0966734,"The rear heat shield won't fit

Good are the installation hardware, fit to the head, exhaust pipe and front shields . Very bad is the rear shield installation as the bolt holes and shape of the shield are way off. I had to beat the shield to the right shape and drill new holes. Still couldn't use two bolts.",3,1,neutral
en_0172262,"Make Sure You Get A Closet

Ordered a closet....received wood chips for smoking salmon???",2,0,negative
en_0794365,"Disappointed bc they don’t pull down or retract like they’re ...

Disappointed bc they don’t pull down or retract like they’re supposed to do. The inner bar seems to be the issue.",1,0,negative
en_0299426,"The cameras are good, however for some reason the nightvision keeps clicking ...

The cameras are good, however for some reason the nightvision keeps clicking in and out of night vision all day. my other 5 dont.",3,1,neutral
en_0451445,"Five Stars

Great product, just as described. Arrived quickly in perfect condition.",5,2,positive
en_0731708,"Really nice color, brightens up the puppy's surroundings

Really nice color, brightens up the puppy's surroundings. The divider is hard to take in and out, but otherwise it's good.",5,2,positive
en_0048280,"Not to buy This ear plug

It did not last long at all the battery only Lasted 2 hours These were no good",1,0,negative
en_0398629,"Returning.

Packaging was damaged when I received it, and missing a couple bags out of it . Also one was ripped.",3,1,neutral
en_0262780,"Ugh, the SMELL.

First things first, this is not for heavy chewers. But it is very heavy and thick, and large. In fact if you want it just for a display toy it works for that, too. It is obviously bendy rubber, but there are no wires in it to hold a pose. That being said, it smells pretty awful. I wouldn't call it a bad smell per se, just a persistent, permeating sickly sweet chemical odor that will literally stink up the room. I had it sitting on top of the entertainment center and the whole TV room reeks of it. If you wash it in warm water with dish soap, it sort of helps eliminate a little of the smell, but not by much. Over time it has been lessening, but we're talking weeks. It probably won't bother some people, however if you're particularly sensitive to smells like I am, this will get on your nerves. If your dog is chewing on it or you're wrestling with it, the smell becomes renewed, over and over again. It's not an expensive toy and no doubt some people might want it just because it's a really cool, big Gumby figure. But whether you want it as a collectible sort of thing or a dog toy, the smell is annoying and just doesn't go away.",3,1,neutral
en_0106317,"Good addition

Good addition to the equipment pile. Nicely made and ideal size for may situations.",4,2,positive
en_0335839,"Cute but not very durable.

Not for an active kid. My son had these for less than 2 months and already made holes. Literally can’t wear them in the rain. To be fair, he drags his feet in the cement while riding his toddler car. The bad part was that it didn’t take too long for the holes to show up. Not even a couple days of his rough play and he had made holes in them. They are very well made and super cute. Just not for a kid who’s always playing and dragging around. He’s just 3 y/o and very active.",3,1,neutral
en_0365510,"The clock seems poorly made. The hands of the ...

The clock seems poorly made. The hands of the clock came bent and they hit each other so that it would not work. It is also made of laminate not real wood and it came blemished. Not sure if it we just got a defective one.",3,1,neutral
en_0814052,"expect to use only half of your order

literally 1/2 of my order was broken. they advertise a nice neutral color but only give you a choice of rainbow colors. However, the half order of rainbow colors which I received that were functional, work exactly as I needed them to.",3,1,neutral
en_0997203,"Eggnog!

I LOVE this eggnog flavoring. I used to buy Keurig Spiced Eggnog k cups and they stopped making them. I began looking for another brand and just couldn’t find one seasonal or otherwise. I put 4 drops of this on a 10oz cup of freshly made coffee and it is a perfect replacement. Bonus: it is a heck of s lot cheaper than the k cups were too!",5,2,positive
en_0349413,"Not safe for food prep

Bought the brush to avoid getting bristles in my food and after 3rd use found the pictured bristle in my wife's steak, thankfully she was stabbed in the gum by it instead of swallowing it. Of course this is a week after the 30 day return window 😡",1,0,negative
en_0228494,"Packaging past/glue will not come off paper!

I have horrible spots on both rolls of this product.. when opening, the paste/sticker holding the product together once removed, leaves a horrible dark spot with sticky residue... after cutting, applying... and then trying to clean the residue off the paper, as it was extremely noticeable... the white coloring came off..(only used rubbing alcohol) and now the whole thing is ruined... pulled it down and trashed the paper.. I would give this less than one star!!!",1,0,negative
en_0300597,"Omg!! I had doubts about it but ordered ...

Omg!! I had doubts about it but ordered it to see how it would play out. Let me tell you i have never been more excited to wear a swimsuit in my life!!! It is a stunner and makes me look snatched and fabulous. Dont sleep on this one it is worth the purchase :)",5,2,positive
en_0826883,"works OK

The problem is if any water gets on it, then it sounds like static. I can sit it on the side of the hot tub and it plays great but any speaker would do that. I kept it and it is OK but if I had to do it again I'd buy a regular speaker and sit it on the deck somewhere",3,1,neutral
en_0753883,"Too much caffeine for me

Each scoop has the equivalent of two 8oz cups of coffee. I have high blood pressure so while I did have greater energy for weightlifting workouts I ended up with atrial fibrillation from the caffeine. I've switched to a non-caffeinated product and the atrial fibrillation cleared up. If you have any sort of health issues I'd consult with your doctor before taking any weightlifting supplement.",3,1,neutral
en_0716752,"Great replacement filters!

I purchased these filters for my refrigerator. They arrived quickly and in good quality! They are very easy to instal and last several months! The price was much cheaper online.",4,2,positive
en_0240335,"I'll Pass

I use mct oil powder and collagen powder in my coffee every morning. I tried this brand because it was cheaper than Great Lakes and Orgain (other brands I've tried and liked). I don't like the taste of this. I'm not sure if its the added sweetener or something else, but no bueno.",3,1,neutral
en_0071520,"... me to save my money it did such a good job. It broke down creosote so it flakes

Worked well chimney sweep came and told me to save my money it did such a good job. It broke down creosote so it flakes off",5,2,positive
en_0370938,"Just fine!

Exactly as described. Use it for my nebulizer!",5,2,positive
en_0302280,"pretty to wear once in awhile

It is pretty, however, I only gave it a 4 star because, of the sizeing. This ring runs one whole size off. If you wear a size 6 then by all means order a size 7. It does not look like diamonds maybe because, it is not diamonds but, as for costume jewelry it is nice. Will it turn at some point? Probably but, check the price you get what you pay for. All in all not a bad ring.",4,2,positive
en_0011206,"It leaks, emailed customer service, and heard nothing back.

After installing I found a small but persistent leak coming from the top of the black cap. Very annoying. I contacted supplier, heard nothing back.",2,0,negative
en_0567311,"I love the design

I love the design. It is beautiful. But the cut doesn't really fit in and requires quiet a while to install. The bottom 4 corner patches leave black stains on other stuff, so just be aware.",4,2,positive
en_0987274,"Bought Another!

Very sturdy! Very nice!",5,2,positive
en_0753289,"Low quality. You get what you pay for.

These bags look they have a sheen and they're very matte/flat. Construction and materials are low-quality. Amazon gave these a high rating so I went with their recommendation. My daughter will probably like them but they're junky. You get what you pay for. I ordered these for my daughter's birthday and was never provided any information except that they would be late due to bad weather. The status continued to say they would be delivered on the 8th before 8 p.m. When I contacted Amazon on the 9th they told me that the products had been lost and they would not be delivered. The status on the items were never updated. I have shopped on Amazon for years and have had this issue a few times. I have lost faith that items will be delivered within the two-day timeframe. Amazon did agree to provide me with next day shipping, which still made the items late.",1,0,negative
en_0461845,"Perfect for the price!

The stroller was great for the price. My husband and I used it for our 3 year old son at Disney World. Folds up easily and enjoyed the cup holders.",5,2,positive
en_0207119,"The button is push-to-toggle, not hold-to-laze

This definitely emits a laser as advertised, but unlike most cat laser pointers the button toggles the laser on and off, rather than the laser only being on while you hold the button. This seems more dangerous, as it slows how quickly I can turn off the laser, and may risk damage to cat eyes.",3,1,neutral
en_0661956,"Great!!

Great for cars always gives the best video recordings when driving",5,2,positive
en_0440678,"They are sturdy and are holding up

Needed something that would hold extra long cords for blinds I had purchased. They are sturdy and are holding up well",5,2,positive
en_0732571,"Everything tasted great.

I have only used some of the products to date. I have given some to my daughters. The ones I have used worked out very well for us. I am very pleased with the product.",5,2,positive
en_0927721,"Not worth the money

I had high expectations for this pillow. I have a very bad neck and I’m always buying pillows. I can’t get the water level to a place that’s comfortable. It has leaked a couple times.",1,0,negative
en_0314006,"Good concept

Good concept but I had to squeeze sponge still after running it through rollers several times.",3,1,neutral
en_0733398,"More slender than Fitbit, very accurate, supper easy to charge, better than Fitbit. Waterproof too!

This is the best dang thing... I love it. Everyone has the Fitbit, I can’t afford a Fitbit but bought this little beauty and love it. Several of my friends that have fitbits checked this out and they are impressed. Great buy!",5,2,positive
en_0946541,"Second time around was fine. Slightly off white

First came damaged. Second time around was fine. Slightly off white, almost a cream color. Bought for my son's prom. It wouldn't be a good daily wear, but good for a one or two time use.",3,1,neutral
en_0342011,"Three Stars

A bit flimsy. Has trouble holding a full bird feeder",3,1,neutral
en_0253467,"Product poorly packaged and arrived with the attaching end crushed ...

Product poorly packaged and arrived with the attaching end crushed, Package was rectangular cardboard with no structure to protect product during shipping.",1,0,negative
en_0384030,"Great product

Love that it’s easy to use and install and that it’s actually working the way I hoped it would",4,2,positive
en_0411650,"Prefer Huggies

Held wetness..stickers weak..fit is not great",2,0,negative
en_0487638,"Smudged

Smudges on my oily skin. I had better luck with Bobbi Brown No Smudge.",3,1,neutral
en_0926606,"Small

This top fits very snug. I usually buy med size in tops. Would return it if I were using it more than one time.",2,0,negative
en_0069864,"Cool set!

The brushes have good quality. They are soft, strong and easy to clean. It is good to have a lot of different brushes. As a beginner, I’m very happy with my purchase (I know they are all useful, I just need to learn how to use them all).",5,2,positive
en_0339222,"Good up til about 5 months old

Works wonderfully until your baby knows how to push their feet against the bath tub floor lol.",4,2,positive
en_0209572,"Love Playmobil

We love Playmobil. The only disappointment is that the wise men set that goes with this is no longer available.",5,2,positive
en_0565227,"Assembles easy

It was easy to assemble but comes apart easy when you move it. If child or grandchild is tall for their age it is a little short for the age they have as appropriate.",3,1,neutral
en_0182923,"One Star

Got a long sleeve version of this ! Not what I asked for .. still cute though",1,0,negative
en_0802199,"Great deal

For the price of the shoes, they're worth every penny. They fit great and my son like the way they look.",5,2,positive
en_0756713,"This didn’t really work. It didn’t hold the handles ...

This didn’t really work. It didn’t hold the handles at all.",2,0,negative
en_0181536,"Cute shoes for a good price

Flats are true to size and very cute for a good price. They are perfect for work. It took me a minute to figure out our to buckle them though. They made a little noise the first couple of times I wore them but it’s stopping. I recommend these flats",5,2,positive
en_0579331,"NOPE

It arrived March 2, and now it’s May 6 and they no longer work - actually as of about a week ago they no longer work - if you don’t mind only getting a couple months Of wear - go ahead - otherwise , not worth it",1,0,negative
en_0438408,"look elsewhere

either it doesn't work or you have to let it set for a decade or 2, not sure which",2,0,negative
en_0229196,"Three Stars

Didn't really see what the rave was all about.",3,1,neutral
en_0256438,"Hoping it works as advertised once I get the missing part

I bought this along with many other items in preparation for my vacation, opened the package today to get things set up and was disappointed that it didn't come with a short flex hose which I thought it did. So now I will have to fill my tanks without the filter until I can stop off somewhere and purchase a short hose. I will still give it 4 stars since I assume it will work well once I get the part I thought came with it.",4,2,positive
en_0838857,"Weak airflow, cheap plastic build

Why's this so expensive? The design is sort of banal, the construction is cheap, even fragile, and the airflow is comparable to someone waving a magazine in the air. Save your money and buy a real fan.",2,0,negative
en_0177887,"I was very disappointed with this

I was very disappointed with this. It doesn't work the way it looks in the commercials. Its as if its too flimsy for the plastic to stand the way you want it to. Then the pen just stopped working after 2 min. I don't recommend this product to anyone. I love the idea behind this so much that I will give another brand a chance.",3,1,neutral
en_0262621,"If it fits right

I wear these shoes to work every day. They are very comfortable. I am 78 and have knee trouble, so I need something that fits well.",4,2,positive
en_0400397,"Great color stretcher!

This product does the best job I've found in stretching a gray part for several weeks. Practice perfecting a light touch on the nozzle.",4,2,positive
en_0521391,"It is very nice but it's not as spacious as i thought

It is very nice but it's not as spacious as i thought, over all it is a nice backpack",3,1,neutral
en_0340150,"Five Stars

Very good style, but soso quality.",5,2,positive
en_0005601,"Nitro Pill holder

The thing keeps coming apart, I've lost several pills from it opening by itself.",1,0,negative
en_0309622,"Not as quiet as I would prefer, I use ...

Not as quiet as I would prefer, I use it at my desk at work and it's a bit nosey but otherwise it does what it's supposed to!",3,1,neutral
en_0852552,"Works for phone but only without case

It can hold my phone securely without case but doesn’t work with phone case. So to use it the first I have to do is to remove my phone case",2,0,negative
en_0676873,"Classic biker movie

This movie is a good classic",4,2,positive
en_0007298,"Interactive teddy bear

This Teddy Bear is unbelievably cute and has multiple phrases.",5,2,positive
en_0020415,"love it. but untested.

delivered as scheduled. no problems with packaging n shipping. Great 4 pack value. solid craftsmanship. a must buy. will update review once tested.",3,1,neutral
en_0051046,"Bad - just bad

Feels cheap. Not what I expected. I was expecting in high quality. Not even worth the wait",2,0,negative
en_0653320,"Satisfy although its a small pouch

Served its purpose. Satisfy although its a small pouch.",3,1,neutral
en_0293603,"Waste of my money since it was the main reason ...

Sound OK but don't plan on using the hands free unless you want to yell. If I have the Mic side facing me 2 feet away still cant pickup my voice clearly. Waste of my money since it was the main reason I purchased. The only reason I purchased this one over others is I purchased to other sets of earphones and they work great. So headsets yes this speaker NO.",2,0,negative
en_0081102,"Fits perfect

Just Incase you think you might have a problem molding it the first time - get back up powder and glue just Incase because it was a little struggle for me lol.",4,2,positive
en_0239609,"The 2XL was too small for me

I thought because I lost 20 pounds, the 2XL should fit since that was my general size before I lost weight. The arms were fine, but it would not zip over my chest.",3,1,neutral
en_0371470,"It’s alright

It works great as a backpack but the grey is not really grey it has a purple tinge to it. Also, the tightening of the straps is not the easy pull to tighten and lift to loosen. You have to take the time to push the straps through to loosen. Not that big of a deal but I have a tendency to do that a lot with different outings. But everything else is good.",3,1,neutral
en_0626419,"Three Stars

the bone is nice but our dog wasn't much interested in it.",3,1,neutral
en_0815306,"Decent for the price

Was delivered extremely fast, and went together easily. Only complaints are a weld on one of the brackets broke without much force and the rubber feet don't fit in the supports. Other than that it's a good budget desk.",3,1,neutral
en_0053253,"Cheaply made, but you get what you pay for, I suppose...

Chair arrived on time, but upon opening the box I discovered there were no instructions for assembly. Thank goodness a few other amazon reviewers had posted a picture of their instructions, so I could at least squint to get the basic idea. Unfortunately, the trouble did not end there. In several places the screw holes would not accept the screw which led to my husband and I both trying to force pieces together. After several weeks, one of the screws simply fell out and onto the floor. The drafting height is nice for my standing desk to have an option to sit, but the chair does sink several inches once you sit on it, so take that into account if you were counting on being able to use it at its highest setting. I'm not sure if it is going to hold together for a full year of use, but I suppose it is what it is. If I wanted a decent quality chair, I should have put a bit more money into the purchase.",2,0,negative
